t_s	carried	independent
-0.5	0.270935261156	0.270935261156
-0.499833333333	0.318591394153	0.318591394153
-0.499666666667	0.361658862902	0.361658862902
-0.4995	0.40004171865	0.40004171865
-0.499333333333	0.433752152869	0.433752152869
-0.499166666667	0.462988305795	0.462988305795
-0.499	0.487812451189	0.487812451189
-0.498833333333	0.508532329623	0.508532329623
-0.498666666667	0.525288956825	0.525288956825
-0.4985	0.538261936922	0.538261936922
-0.498333333333	0.54763090482	0.54763090482
-0.498166666667	0.553574611774	0.553574611774
-0.498	0.556110320946	0.556110320946
-0.497833333333	0.555277314268	0.555277314268
-0.497666666667	0.551127306921	0.551127306921
-0.4975	0.543575009722	0.543575009722
-0.497333333333	0.532568192147	0.532568192147
-0.497166666667	0.517896493633	0.517896493633
-0.497	0.499454771203	0.499454771203
-0.496833333333	0.477078694511	0.477078694511
-0.496666666667	0.450513499435	0.450513499435
-0.4965	0.419579316027	0.419579316027
-0.496333333333	0.384154001044	0.384154001044
-0.496166666667	0.344133925813	0.344133925813
-0.496	0.29949656733	0.29949656733
-0.495833333333	0.250341290056	0.250341290056
-0.495666666667	0.196994303182	0.196994303182
-0.4955	0.139818016549	0.139818016549
-0.495333333333	0.0794043360423	0.0794043360423
-0.495166666667	0.0165735635317	0.0165735635317
-0.495	-0.0477892603176	-0.0477892603176
-0.494833333333	-0.0993741687147	-0.0993741687147
-0.494666666667	-0.13158213019	-0.13158213019
-0.4945	-0.163053117807	-0.163053117807
-0.494333333333	-0.193329855625	-0.193329855625
-0.494166666667	-0.222013244657	-0.222013244657
-0.494	-0.248805770889	-0.248805770889
-0.493833333333	-0.273502740463	-0.273502740463
-0.493666666667	-0.295893644716	-0.295893644716
-0.4935	-0.315972784541	-0.315972784541
-0.493333333333	-0.333713822978	-0.333713822978
-0.493166666667	-0.349146508001	-0.349146508001
-0.493	-0.362402337152	-0.362402337152
-0.492833333333	-0.373507848025	-0.373507848025
-0.492666666667	-0.382623606236	-0.382623606236
-0.4925	-0.389791364279	-0.389791364279
-0.492333333333	-0.395129948869	-0.395129948869
-0.492166666667	-0.398746521195	-0.398746521195
-0.492	-0.400594360281	-0.400594360281
-0.491833333333	-0.400810156312	-0.400810156312
-0.491666666667	-0.399362814774	-0.399362814774
-0.4915	-0.396211685598	-0.396211685598
-0.491333333333	-0.391347109659	-0.391347109659
-0.491166666667	-0.384698272391	-0.384698272391
-0.491	-0.376199251571	-0.376199251571
-0.490833333333	-0.365758580451	-0.365758580451
-0.490666666667	-0.353267064005	-0.353267064005
-0.4905	-0.338640826972	-0.338640826972
-0.490333333333	-0.321777903819	-0.321777903819
-0.490166666667	-0.302628206512	-0.302628206512
-0.49	-0.28117007164	-0.28117007164
-0.489833333333	-0.257444029182	-0.257444029182
-0.489666666667	-0.231532750022	-0.231532750022
-0.4895	-0.203614185387	-0.203614185387
-0.489333333333	-0.17396393105	-0.17396393105
-0.489166666667	-0.142941520275	-0.142941520275
-0.489	-0.110936125893	-0.110936125893
-0.488833333333	-0.0783414676856	-0.0783414676856
-0.488666666667	-0.01346919974	-0.01346919974
-0.4885	0.0503311185176	0.0503311185176
-0.488333333333	0.112114116639	0.112114116639
-0.488166666667	0.171040542673	0.171040542673
-0.488	0.226344449177	0.226344449177
-0.487833333333	0.277626006887	0.277626006887
-0.487666666667	0.324426478399	0.324426478399
-0.4875	0.366646138552	0.366646138552
-0.487333333333	0.404138869435	0.404138869435
-0.487166666667	0.437046336065	0.437046336065
-0.487	0.465440110757	0.465440110757
-0.486833333333	0.489514163381	0.489514163381
-0.486666666667	0.509456652295	0.509456652295
-0.4865	0.525529935162	0.525529935162
-0.486333333333	0.537830082165	0.537830082165
-0.486166666667	0.546577705071	0.546577705071
-0.486	0.551849021034	0.551849021034
-0.485833333333	0.553778842832	0.553778842832
-0.485666666667	0.552342228182	0.552342228182
-0.4855	0.547563931358	0.547563931358
-0.485333333333	0.539391650081	0.539391650081
-0.485166666667	0.52770784786	0.52770784786
-0.485	0.512387429096	0.512387429096
-0.484833333333	0.49320601186	0.49320601186
-0.484666666667	0.470091955123	0.470091955123
-0.4845	0.442707161156	0.442707161156
-0.484333333333	0.410983440534	0.410983440534
-0.484166666667	0.3746945157	0.3746945157
-0.484	0.333806908112	0.333806908112
-0.483833333333	0.288331137708	0.288331137708
-0.483666666667	0.238405394254	0.238405394254
-0.4835	0.18428686192	0.18428686192
-0.483333333333	0.126466657145	0.126466657145
-0.483166666667	0.0655896157876	0.0655896157876
-0.483	0.00238688804606	0.00238688804606
-0.482833333333	-0.0621686998293	-0.0621686998293
-0.482666666667	-0.107750807969	-0.107750807969
-0.4825	-0.139866525688	-0.139866525688
-0.482333333333	-0.171139674897	-0.171139674897
-0.482166666667	-0.201149991059	-0.201149991059
-0.482	-0.229536074376	-0.229536074376
-0.481833333333	-0.255945302358	-0.255945302358
-0.481666666667	-0.280195562963	-0.280195562963
-0.4815	-0.302174608004	-0.302174608004
-0.481333333333	-0.32181065167	-0.32181065167
-0.481166666667	-0.339119514853	-0.339119514853
-0.481	-0.354154278432	-0.354154278432
-0.480833333333	-0.366999717251	-0.366999717251
-0.480666666667	-0.377736065557	-0.377736065557
-0.4805	-0.386478149503	-0.386478149503
-0.480333333333	-0.39330366095	-0.39330366095
-0.480166666667	-0.398320043297	-0.398320043297
-0.48	-0.401595740179	-0.401595740179
-0.479833333333	-0.403156618507	-0.403156618507
-0.479666666667	-0.403051010437	-0.403051010437
-0.4795	-0.401286637092	-0.401286637092
-0.479333333333	-0.397821107442	-0.397821107442
-0.479166666667	-0.392647802659	-0.392647802659
-0.479	-0.385648994622	-0.385648994622
-0.478833333333	-0.37679434193	-0.37679434193
-0.478666666667	-0.365967755032	-0.365967755032
-0.4785	-0.353116445022	-0.353116445022
-0.478333333333	-0.338062403539	-0.338062403539
-0.478166666667	-0.320773230325	-0.320773230325
-0.478	-0.301225899422	-0.301225899422
-0.477833333333	-0.279357673498	-0.279357673498
-0.477666666667	-0.255203892075	-0.255203892075
-0.4775	-0.228909774646	-0.228909774646
-0.477333333333	-0.200656435983	-0.200656435983
-0.477166666667	-0.170733105466	-0.170733105466
-0.477	-0.139446906246	-0.139446906246
-0.476833333333	-0.107323542607	-0.107323542607
-0.476666666667	-0.0687082077333	-0.0687082077333
-0.4765	-0.00394637300307	-0.00394637300307
-0.476333333333	0.0595872198937	0.0595872198937
-0.476166666667	0.120856049386	0.120856049386
-0.476	0.17916173277	0.17916173277
-0.475833333333	0.233774439035	0.233774439035
-0.475666666667	0.284251619464	0.284251619464
-0.4755	0.330219983381	0.330219983381
-0.475333333333	0.371539676027	0.371539676027
-0.475166666667	0.408209059771	0.408209059771
-0.475	0.440262467068	0.440262467068
-0.474833333333	0.467855307163	0.467855307163
-0.474666666667	0.491152417041	0.491152417041
-0.4745	0.510382090886	0.510382090886
-0.474333333333	0.525731691526	0.525731691526
-0.474166666667	0.537383097581	0.537383097581
-0.474	0.545451849715	0.545451849715
-0.473833333333	0.55012963969	0.55012963969
-0.473666666667	0.551399610715	0.551399610715
-0.4735	0.549369332006	0.549369332006
-0.473333333333	0.543988415495	0.543988415495
-0.473166666667	0.53515889135	0.53515889135
-0.473	0.522815976651	0.522815976651
-0.472833333333	0.506796660099	0.506796660099
-0.472666666667	0.486915828386	0.486915828386
-0.4725	0.462999723844	0.462999723844
-0.472333333333	0.434869171883	0.434869171883
-0.472166666667	0.402297764998	0.402297764998
-0.472	0.365176383468	0.365176383468
-0.471833333333	0.323450848282	0.323450848282
-0.471666666667	0.277136132947	0.277136132947
-0.4715	0.226385714842	0.226385714842
-0.471333333333	0.171552082969	0.171552082969
-0.471166666667	0.11313442617	0.11313442617
-0.471	0.0517570856916	0.0517570856916
-0.470833333333	-0.0117816703618	-0.0117816703618
-0.470666666667	-0.0764701632804	-0.0764701632804
-0.4705	-0.116025380112	-0.116025380112
-0.470333333333	-0.148016040924	-0.148016040924
-0.470166666667	-0.179107775319	-0.179107775319
-0.47	-0.208814309562	-0.208814309562
-0.469833333333	-0.23684662984	-0.23684662984
-0.469666666667	-0.262879690694	-0.262879690694
-0.4695	-0.286743409275	-0.286743409275
-0.469333333333	-0.308295095254	-0.308295095254
-0.469166666667	-0.327487572349	-0.327487572349
-0.469	-0.344370663408	-0.344370663408
-0.468833333333	-0.358981103494	-0.358981103494
-0.468666666667	-0.371439726736	-0.371439726736
-0.4685	-0.381809771794	-0.381809771794
-0.468333333333	-0.390184857555	-0.390184857555
-0.468166666667	-0.396675872	-0.396675872
-0.468	-0.401376828952	-0.401376828952
-0.467833333333	-0.404295342717	-0.404295342717
-0.467666666667	-0.405571617072	-0.405571617072
-0.4675	-0.405137885188	-0.405137885188
-0.467333333333	-0.403062286394	-0.403062286394
-0.467166666667	-0.399280365284	-0.399280365284
-0.467	-0.393776706111	-0.393776706111
-0.466833333333	-0.386445799347	-0.386445799347
-0.466666666667	-0.377235348833	-0.377235348833
-0.4665	-0.366063282515	-0.366063282515
-0.466333333333	-0.352773374738	-0.352773374738
-0.466166666667	-0.337328437168	-0.337328437168
-0.466	-0.319639092894	-0.319639092894
-0.465833333333	-0.299631662316	-0.299631662316
-0.465666666667	-0.277347474999	-0.277347474999
-0.4655	-0.252773810221	-0.252773810221
-0.465333333333	-0.226083700338	-0.226083700338
-0.465166666667	-0.197535688274	-0.197535688274
-0.465	-0.167296177815	-0.167296177815
-0.464833333333	-0.135858457241	-0.135858457241
-0.464666666667	-0.103613633442	-0.103613633442
-0.4645	-0.0589650114273	-0.0589650114273
-0.464333333333	0.00562269647406	0.00562269647406
-0.464166666667	0.0687933018895	0.0687933018895
-0.464	0.129582574594	0.129582574594
-0.463833333333	0.187286592248	0.187286592248
-0.463666666667	0.241145023295	0.241145023295
-0.4635	0.290795338997	0.290795338997
-0.463333333333	0.335940362857	0.335940362857
-0.463166666667	0.376420050225	0.376420050225
-0.463	0.412214901509	0.412214901509
-0.462833333333	0.443421209311	0.443421209311
-0.462666666667	0.470223090711	0.470223090711
-0.4625	0.492758510399	0.492758510399
-0.462333333333	0.511245102839	0.511245102839
-0.462166666667	0.52590429416	0.52590429416
-0.462	0.536890855311	0.536890855311
-0.461833333333	0.54433388021	0.54433388021
-0.461666666667	0.548381173608	0.548381173608
-0.4615	0.549031160178	0.549031160178
-0.461333333333	0.546398845666	0.546398845666
-0.461166666667	0.540380664207	0.540380664207
-0.461	0.530893217477	0.530893217477
-0.460833333333	0.517905147088	0.517905147088
-0.460666666667	0.501190004648	0.501190004648
-0.4605	0.480601878621	0.480601878621
-0.460333333333	0.455909775778	0.455909775778
-0.460166666667	0.426985945668	0.426985945668
-0.46	0.393574292871	0.393574292871
-0.459833333333	0.35560497032	0.35560497032
-0.459666666667	0.313031217112	0.313031217112
-0.4595	0.265877328668	0.265877328668
-0.459333333333	0.214357844986	0.214357844986
-0.459166666667	0.158801681063	0.158801681063
-0.459	0.0998082282546	0.0998082282546
-0.458833333333	0.0379424994197	0.0379424994197
-0.458666666667	-0.0258669374443	-0.0258669374443
-0.4585	-0.0906743109162	-0.0906743109162
-0.458333333333	-0.124208057004	-0.124208057004
-0.458166666667	-0.156057180094	-0.156057180094
-0.458	-0.186915841938	-0.186915841938
-0.457833333333	-0.216349796001	-0.216349796001
-0.457666666667	-0.244016989534	-0.244016989534
-0.4575	-0.269669911011	-0.269669911011
-0.457333333333	-0.293089587661	-0.293089587661
-0.457166666667	-0.314196165472	-0.314196165472
-0.457	-0.332995431871	-0.332995431871
-0.456833333333	-0.349454842847	-0.349454842847
-0.456666666667	-0.363652371263	-0.363652371263
-0.4565	-0.375703277527	-0.375703277527
-0.456333333333	-0.385688178744	-0.385688178744
-0.456166666667	-0.393715645698	-0.393715645698
-0.456	-0.399858736982	-0.399858736982
-0.455833333333	-0.404221002467	-0.404221002467
-0.455666666667	-0.406854805089	-0.406854805089
-0.4555	-0.407799340782	-0.407799340782
-0.455333333333	-0.407081548855	-0.407081548855
-0.455166666667	-0.40469532954	-0.40469532954
-0.455	-0.400597953657	-0.400597953657
-0.454833333333	-0.394758093793	-0.394758093793
-0.454666666667	-0.387082622212	-0.387082622212
-0.4545	-0.377508261593	-0.377508261593
-0.454333333333	-0.365955401916	-0.365955401916
-0.454166666667	-0.352271484415	-0.352271484415
-0.454	-0.336409046343	-0.336409046343
-0.453833333333	-0.318322284706	-0.318322284706
-0.453666666667	-0.297873992989	-0.297873992989
-0.4535	-0.275150907274	-0.275150907274
-0.453333333333	-0.250210311583	-0.250210311583
-0.453166666667	-0.22312809926	-0.22312809926
-0.453	-0.194227955369	-0.194227955369
-0.452833333333	-0.163776499054	-0.163776499054
-0.452666666667	-0.132128906306	-0.132128906306
-0.4525	-0.0997880264652	-0.0997880264652
-0.452333333333	-0.0491569943869	-0.0491569943869
-0.452166666667	0.0152601785463	0.0152601785463
-0.452	0.0780305425533	0.0780305425533
-0.451833333333	0.138315313876	0.138315313876
-0.451666666667	0.19534053004	0.19534053004
-0.4515	0.248471038623	0.248471038623
-0.451333333333	0.297302708424	0.297302708424
-0.451166666667	0.341588735701	0.341588735701
-0.451	0.381210178071	0.381210178071
-0.450833333333	0.416136367795	0.416136367795
-0.450666666667	0.446526775983	0.446526775983
-0.4505	0.472518287983	0.472518287983
-0.450333333333	0.494298765815	0.494298765815
-0.450166666667	0.512073483932	0.512073483932
-0.45	0.526061504892	0.526061504892
-0.449833333333	0.536355733986	0.536355733986
-0.449666666667	0.543174261175	0.543174261175
-0.4495	0.546608235729	0.546608235729
-0.449333333333	0.546661806097	0.546661806097
-0.449166666667	0.5433986621	0.5433986621
-0.449	0.53673335686	0.53673335686
-0.448833333333	0.526640087936	0.526640087936
-0.448666666667	0.512961108554	0.512961108554
-0.4485	0.495537863424	0.495537863424
-0.448333333333	0.474211077692	0.474211077692
-0.448166666667	0.448757204392	0.448757204392
-0.448	0.418998893981	0.418998893981
-0.447833333333	0.38477811303	0.38477811303
-0.447666666667	0.345943496839	0.345943496839
-0.4475	0.302513077045	0.302513077045
-0.447333333333	0.254542649874	0.254542649874
-0.447166666667	0.202267192005	0.202267192005
-0.447	0.146040333133	0.146040333133
-0.446833333333	0.0864207026994	0.0864207026994
-0.446666666667	0.0241603665589	0.0241603665589
-0.4465	-0.03993297039	-0.03993297039
-0.446333333333	-0.0999490158016	-0.0999490158016
-0.446166666667	-0.132255876133	-0.132255876133
-0.446	-0.163959756597	-0.163959756597
-0.445833333333	-0.194592377124	-0.194592377124
-0.445666666667	-0.223730400957	-0.223730400957
-0.4455	-0.251046477944	-0.251046477944
-0.445333333333	-0.276283160625	-0.276283160625
-0.445166666667	-0.29926890922	-0.29926890922
-0.445	-0.319959451422	-0.319959451422
-0.444833333333	-0.338303646662	-0.338303646662
-0.444666666667	-0.354360337449	-0.354360337449
-0.4445	-0.368136807574	-0.368136807574
-0.444333333333	-0.37981913368	-0.37981913368
-0.444166666667	-0.3894272418	-0.3894272418
-0.444	-0.397101899667	-0.397101899667
-0.443833333333	-0.402877597774	-0.402877597774
-0.443666666667	-0.406945777062	-0.406945777062
-0.4435	-0.409269549847	-0.409269549847
-0.443333333333	-0.409905883159	-0.409905883159
-0.443166666667	-0.40886667803	-0.40886667803
-0.443	-0.406185485348	-0.406185485348
-0.442833333333	-0.401771451813	-0.401771451813
-0.442666666667	-0.395599774501	-0.395599774501
-0.4425	-0.387589250144	-0.387589250144
-0.442333333333	-0.377638970102	-0.377638970102
-0.442166666667	-0.365664076536	-0.365664076536
-0.442	-0.351610331217	-0.351610331217
-0.441833333333	-0.335351286586	-0.335351286586
-0.441666666667	-0.316819473516	-0.316819473516
-0.4415	-0.295958577471	-0.295958577471
-0.441333333333	-0.272823345339	-0.272823345339
-0.441166666667	-0.247458591341	-0.247458591341
-0.441	-0.220033374126	-0.220033374126
-0.440833333333	-0.190827589485	-0.190827589485
-0.440666666667	-0.160089273673	-0.160089273673
-0.4405	-0.128286602003	-0.128286602003
-0.440333333333	-0.0958602717719	-0.0958602717719
-0.440166666667	-0.0392901076385	-0.0392901076385
-0.44	0.0248862357968	0.0248862357968
-0.439833333333	0.0873008764762	0.0873008764762
-0.439666666667	0.147014725119	0.147014725119
-0.4395	0.203353714175	0.203353714175
-0.439333333333	0.255720986429	0.255720986429
-0.439166666667	0.303755135638	0.303755135638
-0.439	0.347199263448	0.347199263448
-0.438833333333	0.385924393338	0.385924393338
-0.438666666667	0.420025893027	0.420025893027
-0.4385	0.449591936433	0.449591936433
-0.438333333333	0.47478504171	0.47478504171
-0.438166666667	0.495791665616	0.495791665616
-0.438	0.512853450088	0.512853450088
-0.437833333333	0.526149327047	0.526149327047
-0.437666666667	0.5357969717	0.5357969717
-0.4375	0.541981146552	0.541981146552
-0.437333333333	0.544799416126	0.544799416126
-0.437166666667	0.544236508318	0.544236508318
-0.437	0.540378339152	0.540378339152
-0.436833333333	0.53307875523	0.53307875523
-0.436666666667	0.522338504403	0.522338504403
-0.4365	0.507985158284	0.507985158284
-0.436333333333	0.489860299083	0.489860299083
-0.436166666667	0.467771786282	0.467771786282
-0.436	0.441521956673	0.441521956673
-0.435833333333	0.410971266591	0.410971266591
-0.435666666667	0.375887866419	0.375887866419
-0.4355	0.336227361489	0.336227361489
-0.435333333333	0.291952646753	0.291952646753
-0.435166666667	0.243155954643	0.243155954643
-0.435	0.190123663445	0.190123663445
-0.434833333333	0.133219321708	0.133219321708
-0.434666666667	0.0730577182024	0.0730577182024
-0.4345	0.0104161578637	0.0104161578637
-0.434333333333	-0.0538959107922	-0.0538959107922
-0.434166666667	-0.107968351524	-0.107968351524
-0.434	-0.140182249069	-0.140182249069
-0.433833333333	-0.17174475616	-0.17174475616
-0.433666666667	-0.202128364483	-0.202128364483
-0.4335	-0.230936857463	-0.230936857463
-0.433333333333	-0.257902568195	-0.257902568195
-0.433166666667	-0.28272705972	-0.28272705972
-0.433	-0.305327306135	-0.305327306135
-0.432833333333	-0.325570931971	-0.325570931971
-0.432666666667	-0.343464201023	-0.343464201023
-0.4325	-0.359104018467	-0.359104018467
-0.432333333333	-0.372490106851	-0.372490106851
-0.432166666667	-0.383759388229	-0.383759388229
-0.432	-0.393025027945	-0.393025027945
-0.431833333333	-0.40033865536	-0.40033865536
-0.431666666667	-0.405817188537	-0.405817188537
-0.4315	-0.40952043082	-0.40952043082
-0.431333333333	-0.41154607645	-0.41154607645
-0.431166666667	-0.411861093238	-0.411861093238
-0.431	-0.410527247552	-0.410527247552
-0.430833333333	-0.407490386838	-0.407490386838
-0.430666666667	-0.402760924681	-0.402760924681
-0.4305	-0.396282264489	-0.396282264489
-0.430333333333	-0.387902591794	-0.387902591794
-0.430166666667	-0.377605499761	-0.377605499761
-0.43	-0.365261931293	-0.365261931293
-0.429833333333	-0.35080949553	-0.35080949553
-0.429666666667	-0.334123715272	-0.334123715272
-0.4295	-0.315151823299	-0.315151823299
-0.429333333333	-0.29385816595	-0.29385816595
-0.429166666667	-0.270303892288	-0.270303892288
-0.429	-0.244548523997	-0.244548523997
-0.428833333333	-0.216785770225	-0.216785770225
-0.428666666667	-0.187242593873	-0.187242593873
-0.4285	-0.156283583176	-0.156283583176
-0.428333333333	-0.124341228708	-0.124341228708
-0.428166666667	-0.0918590271938	-0.0918590271938
-0.428	-0.0293559864486	-0.0293559864486
-0.427833333333	0.0345606134165	0.0345606134165
-0.427666666667	0.0965375262181	0.0965375262181
-0.4275	0.155682085282	0.155682085282
-0.427333333333	0.211339588735	0.211339588735
-0.427166666667	0.262941085398	0.262941085398
-0.427	0.310109165272	0.310109165272
-0.426833333333	0.352678188931	0.352678188931
-0.426666666667	0.390557068932	0.390557068932
-0.4265	0.423825957091	0.423825957091
-0.426333333333	0.452582843607	0.452582843607
-0.426166666667	0.476982948552	0.476982948552
-0.426	0.497239540899	0.497239540899
-0.425833333333	0.51360101211	0.51360101211
-0.425666666667	0.526206418225	0.526206418225
-0.4255	0.535233000607	0.535233000607
-0.425333333333	0.540774361407	0.540774361407
-0.425166666667	0.54294760511	0.54294760511
-0.425	0.541808031642	0.541808031642
-0.424833333333	0.537304426513	0.537304426513
-0.424666666667	0.529394110191	0.529394110191
-0.4245	0.51798491866	0.51798491866
-0.424333333333	0.50295497597	0.50295497597
-0.424166666667	0.484108019817	0.484108019817
-0.424	0.461292186869	0.461292186869
-0.423833333333	0.434274692404	0.434274692404
-0.423666666667	0.402881041316	0.402881041316
-0.4235	0.366981189809	0.366981189809
-0.423333333333	0.326455676057	0.326455676057
-0.423166666667	0.281316336365	0.281316336365
-0.423	0.231738756194	0.231738756194
-0.422833333333	0.17795218278	0.17795218278
-0.422666666667	0.120402915481	0.120402915481
-0.4225	0.0597150139361	0.0597150139361
-0.422333333333	-0.00333951574814	-0.00333951574814
-0.422166666667	-0.0678078571809	-0.0678078571809
-0.422	-0.115908169693	-0.115908169693
-0.421833333333	-0.148046612837	-0.148046612837
-0.421666666667	-0.179382949325	-0.179382949325
-0.4215	-0.209517030168	-0.209517030168
-0.421333333333	-0.23800117942	-0.23800117942
-0.421166666667	-0.26456511561	-0.26456511561
-0.421	-0.28900704827	-0.28900704827
-0.420833333333	-0.311179978448	-0.311179978448
-0.420666666667	-0.330974706798	-0.330974706798
-0.4205	-0.348469207401	-0.348469207401
-0.420333333333	-0.363672904421	-0.363672904421
-0.420166666667	-0.376656285762	-0.376656285762
-0.42	-0.38755438327	-0.38755438327
-0.419833333333	-0.39644757079	-0.39644757079
-0.419666666667	-0.40341704199	-0.40341704199
-0.4195	-0.408565935831	-0.408565935831
-0.419333333333	-0.411962773051	-0.411962773051
-0.419166666667	-0.413659772397	-0.413659772397
-0.419	-0.413688286253	-0.413688286253
-0.418833333333	-0.412040407827	-0.412040407827
-0.418666666667	-0.408699482748	-0.408699482748
-0.4185	-0.403641536856	-0.403641536856
-0.418333333333	-0.396780245601	-0.396780245601
-0.418166666667	-0.388061043297	-0.388061043297
-0.418	-0.377414421322	-0.377414421322
-0.417833333333	-0.364679056654	-0.364679056654
-0.417666666667	-0.349810290112	-0.349810290112
-0.4175	-0.332706796072	-0.332706796072
-0.417333333333	-0.313316090162	-0.313316090162
-0.417166666667	-0.291604198585	-0.291604198585
-0.417	-0.267655670065	-0.267655670065
-0.416833333333	-0.241492194152	-0.241492194152
-0.416666666667	-0.213365902377	-0.213365902377
-0.4165	-0.183550140071	-0.183550140071
-0.416333333333	-0.152371129838	-0.152371129838
-0.416166666667	-0.120283692152	-0.120283692152
-0.416	-0.0841785331909	-0.0841785331909
-0.415833333333	-0.0193749236091	-0.0193749236091
-0.415666666667	0.0442620166186	0.0442620166186
-0.4155	0.10577567519	0.10577567519
-0.415333333333	0.16432944337	0.16432944337
-0.415166666667	0.219282401969	0.219282401969
-0.415	0.270070069567	0.270070069567
-0.414833333333	0.316407517474	0.316407517474
-0.414666666667	0.358136828545	0.358136828545
-0.4145	0.395148104021	0.395148104021
-0.414333333333	0.427559419917	0.427559419917
-0.414166666667	0.455501560424	0.455501560424
-0.414	0.479131861853	0.479131861853
-0.413833333333	0.49865488945	0.49865488945
-0.413666666667	0.51430467322	0.51430467322
-0.4135	0.526239358933	0.526239358933
-0.413333333333	0.534632258019	0.534632258019
-0.413166666667	0.539562202197	0.539562202197
-0.413	0.541122655548	0.541122655548
-0.412833333333	0.539350278303	0.539350278303
-0.412666666667	0.534214121774	0.534214121774
-0.4125	0.525652975458	0.525652975458
-0.412333333333	0.513588934786	0.513588934786
-0.412166666667	0.497864543279	0.497864543279
-0.412	0.47831834685	0.47831834685
-0.411833333333	0.454717950061	0.454717950061
-0.411666666667	0.426929200041	0.426929200041
-0.4115	0.394721703909	0.394721703909
-0.411333333333	0.357955215199	0.357955215199
-0.411166666667	0.316600442251	0.316600442251
-0.411	0.270624278891	0.270624278891
-0.410833333333	0.220233360636	0.220233360636
-0.410666666667	0.165702869294	0.165702869294
-0.4105	0.10753278215	0.10753278215
-0.410333333333	0.0463673313837	0.0463673313837
-0.410166666667	-0.0170309368367	-0.0170309368367
-0.41	-0.0816494150642	-0.0816494150642
-0.409833333333	-0.123735130135	-0.123735130135
-0.409666666667	-0.155769455353	-0.155769455353
-0.4095	-0.186907452337	-0.186907452337
-0.409333333333	-0.216767767784	-0.216767767784
-0.409166666667	-0.244943529897	-0.244943529897
-0.409	-0.271111185086	-0.271111185086
-0.408833333333	-0.295144745047	-0.295144745047
-0.408666666667	-0.316855497093	-0.316855497093
-0.4085	-0.336256025662	-0.336256025662
-0.408333333333	-0.353300887945	-0.353300887945
-0.408166666667	-0.368085524501	-0.368085524501
-0.408	-0.380673401729	-0.380673401729
-0.407833333333	-0.391205426507	-0.391205426507
-0.407666666667	-0.399726198095	-0.399726198095
-0.4075	-0.406352910345	-0.406352910345
-0.407333333333	-0.411163594844	-0.411163594844
-0.407166666667	-0.414275424886	-0.414275424886
-0.407	-0.415662118767	-0.415662118767
-0.406833333333	-0.415358550636	-0.415358550636
-0.406666666667	-0.413409866448	-0.413409866448
-0.4065	-0.40975347215	-0.40975347215
-0.406333333333	-0.404359310368	-0.404359310368
-0.406166666667	-0.397160134155	-0.397160134155
-0.406	-0.388099216557	-0.388099216557
-0.405833333333	-0.377057220796	-0.377057220796
-0.405666666667	-0.363948224761	-0.363948224761
-0.4055	-0.34866001044	-0.34866001044
-0.405333333333	-0.331142622046	-0.331142622046
-0.405166666667	-0.311294421389	-0.311294421389
-0.405	-0.289172858261	-0.289172858261
-0.404833333333	-0.264798047601	-0.264798047601
-0.404666666667	-0.238267469314	-0.238267469314
-0.4045	-0.20981301071	-0.20981301071
-0.404333333333	-0.179728896594	-0.179728896594
-0.404166666667	-0.148325421478	-0.148325421478
-0.404	-0.116154902154	-0.116154902154
-0.403833333333	-0.0740195173128	-0.0740195173128
-0.403666666667	-0.00934524026029	-0.00934524026029
-0.4035	0.0539812058907	0.0539812058907
-0.403333333333	0.114998630782	0.114998630782
-0.403166666667	0.172937665604	0.172937665604
-0.403	0.227142721446	0.227142721446
-0.402833333333	0.277159747207	0.277159747207
-0.402666666667	0.322634272002	0.322634272002
-0.4025	0.363478169705	0.363478169705
-0.402333333333	0.39964253726	0.39964253726
-0.402166666667	0.431226638562	0.431226638562
-0.402	0.458354613304	0.458354613304
-0.401833333333	0.481223795561	0.481223795561
-0.401666666667	0.500035778976	0.500035778976
-0.4015	0.514978774099	0.514978774099
-0.401333333333	0.526251458644	0.526251458644
-0.401166666667	0.53396201005	0.53396201005
-0.401	0.538264373666	0.538264373666
-0.400833333333	0.539226539405	0.539226539405
-0.400666666667	0.536828718123	0.536828718123
-0.4005	0.531078562166	0.531078562166
-0.400333333333	0.521900247299	0.521900247299
-0.400166666667	0.509187973233	0.509187973233
-0.4	0.492762865912	0.492762865912
-0.399833333333	0.472476060561	0.472476060561
-0.399666666667	0.44812477079	0.44812477079
-0.3995	0.419533416324	0.419533416324
-0.399333333333	0.386486163621	0.386486163621
-0.399166666667	0.348881451979	0.348881451979
-0.399	0.306668976324	0.306668976324
-0.398833333333	0.259847620142	0.259847620142
-0.398666666667	0.208684167888	0.208684167888
-0.3985	0.153445044486	0.153445044486
-0.398333333333	0.094663442908	0.094663442908
-0.398166666667	0.033046777641	0.033046777641
-0.398	-0.0306371480378	-0.0306371480378
-0.397833333333	-0.0954198384178	-0.0954198384178
-0.397666666667	-0.131474860773	-0.131474860773
-0.3975	-0.163384105576	-0.163384105576
-0.397333333333	-0.194318790438	-0.194318790438
-0.397166666667	-0.223887825962	-0.223887825962
-0.397	-0.25169383334	-0.25169383334
-0.396833333333	-0.27749659045	-0.27749659045
-0.396666666667	-0.301111931823	-0.301111931823
-0.3965	-0.322393886166	-0.322393886166
-0.396333333333	-0.341350171644	-0.341350171644
-0.396166666667	-0.357976000381	-0.357976000381
-0.396	-0.372365233794	-0.372365233794
-0.395833333333	-0.384555748938	-0.384555748938
-0.395666666667	-0.394684316592	-0.394684316592
-0.3955	-0.40286624981	-0.40286624981
-0.395333333333	-0.409155166125	-0.409155166125
-0.395166666667	-0.413647184594	-0.413647184594
-0.395	-0.416413500276	-0.416413500276
-0.394833333333	-0.417468234306	-0.417468234306
-0.394666666667	-0.416867455065	-0.416867455065
-0.3945	-0.414610900845	-0.414610900845
-0.394333333333	-0.410636688021	-0.410636688021
-0.394166666667	-0.404930907607	-0.404930907607
-0.394	-0.3974026804	-0.3974026804
-0.393833333333	-0.387966119752	-0.387966119752
-0.393666666667	-0.376573956528	-0.376573956528
-0.3935	-0.363042074863	-0.363042074863
-0.393333333333	-0.347348071043	-0.347348071043
-0.393166666667	-0.329426017889	-0.329426017889
-0.393	-0.309173380847	-0.309173380847
-0.392833333333	-0.286607892565	-0.286607892565
-0.392666666667	-0.261816996533	-0.261816996533
-0.3925	-0.234922629798	-0.234922629798
-0.392333333333	-0.206120472038	-0.206120472038
-0.392166666667	-0.17576510964	-0.17576510964
-0.392	-0.144202815633	-0.144202815633
-0.391833333333	-0.111899600966	-0.111899600966
-0.391666666667	-0.0637680243311	-0.0637680243311
-0.3915	0.000717010268439	0.000717010268439
-0.391333333333	0.063671610933	0.063671610933
-0.391166666667	0.124178177012	0.124178177012
-0.391	0.181484159757	0.181484159757
-0.390833333333	0.234951215497	0.234951215497
-0.390666666667	0.284145194259	0.284145194259
-0.3905	0.328788130239	0.328788130239
-0.390333333333	0.368758026658	0.368758026658
-0.390166666667	0.40406970043	0.40406970043
-0.39	0.434817319046	0.434817319046
-0.389833333333	0.46117021021	0.46117021021
-0.389666666667	0.483271897853	0.483271897853
-0.3895	0.501349226933	0.501349226933
-0.389333333333	0.515591857982	0.515591857982
-0.389166666667	0.52620030688	0.52620030688
-0.389	0.533293091814	0.533293091814
-0.388833333333	0.536976184667	0.536976184667
-0.388666666667	0.537302553413	0.537302553413
-0.3885	0.53430392701	0.53430392701
-0.388333333333	0.527915814928	0.527915814928
-0.388166666667	0.518098915903	0.518098915903
-0.388	0.504720148116	0.504720148116
-0.387833333333	0.48760216048	0.48760216048
-0.387666666667	0.466583576621	0.466583576621
-0.3875	0.441455426722	0.441455426722
-0.387333333333	0.412047617368	0.412047617368
-0.387166666667	0.378159852584	0.378159852584
-0.387	0.339719325194	0.339719325194
-0.386833333333	0.296673311399	0.296673311399
-0.386666666667	0.249039639974	0.249039639974
-0.3865	0.197073229645	0.197073229645
-0.386333333333	0.141145505473	0.141145505473
-0.386166666667	0.0817894301655	0.0817894301655
-0.386	0.0196918926688	0.0196918926688
-0.385833333333	-0.0442665536642	-0.0442665536642
-0.385666666667	-0.106803690684	-0.106803690684
-0.3855	-0.139124751716	-0.139124751716
-0.385333333333	-0.170874262325	-0.170874262325
-0.385166666667	-0.201590318518	-0.201590318518
-0.385	-0.230852459892	-0.230852459892
-0.384833333333	-0.258320796756	-0.258320796756
-0.384666666667	-0.283715762398	-0.283715762398
-0.3845	-0.306899692939	-0.306899692939
-0.384333333333	-0.327765229232	-0.327765229232
-0.384166666667	-0.346288865364	-0.346288865364
-0.384	-0.362488494313	-0.362488494313
-0.383833333333	-0.376450407462	-0.376450407462
-0.383666666667	-0.388274058414	-0.388274058414
-0.3835	-0.398032436204	-0.398032436204
-0.383333333333	-0.405860445646	-0.405860445646
-0.383166666667	-0.411796415895	-0.411796415895
-0.383	-0.415965251586	-0.415965251586
-0.382833333333	-0.418413279955	-0.418413279955
-0.382666666667	-0.419181948405	-0.419181948405
-0.3825	-0.418271900506	-0.418271900506
-0.382333333333	-0.41568504897	-0.41568504897
-0.382166666667	-0.41139778213	-0.41139778213
-0.382	-0.405356340365	-0.405356340365
-0.381833333333	-0.39748902181	-0.39748902181
-0.381666666667	-0.387691503915	-0.387691503915
-0.3815	-0.375903168148	-0.375903168148
-0.381333333333	-0.362002336129	-0.362002336129
-0.381166666667	-0.345922094684	-0.345922094684
-0.381	-0.327535345033	-0.327535345033
-0.380833333333	-0.306843458905	-0.306843458905
-0.380666666667	-0.283883267805	-0.283883267805
-0.3805	-0.258674282908	-0.258674282908
-0.380333333333	-0.231405832342	-0.231405832342
-0.380166666667	-0.202307015643	-0.202307015643
-0.38	-0.171679498647	-0.171679498647
-0.379833333333	-0.139948929024	-0.139948929024
-0.379666666667	-0.107569263348	-0.107569263348
-0.3795	-0.0534808882573	-0.0534808882573
-0.379333333333	0.010824949336	0.010824949336
-0.379166666667	0.0733836900509	0.0733836900509
-0.379	0.133371328409	0.133371328409
-0.378833333333	0.189988365656	0.189988365656
-0.378666666667	0.242701935205	0.242701935205
-0.3785	0.291057553645	0.291057553645
-0.378333333333	0.334847261081	0.334847261081
-0.378166666667	0.373983319417	0.373983319417
-0.378	0.408455591513	0.408455591513
-0.377833333333	0.43836101417	0.43836101417
-0.377666666667	0.463890167	0.463890167
-0.3775	0.485227762837	0.485227762837
-0.377333333333	0.502588374175	0.502588374175
-0.377166666667	0.516172808015	0.516172808015
-0.377	0.526109234265	0.526109234265
-0.376833333333	0.532585593294	0.532585593294
-0.376666666667	0.535647098737	0.535647098737
-0.3765	0.535376190413	0.535376190413
-0.376333333333	0.531731016395	0.531731016395
-0.376166666667	0.524730074926	0.524730074926
-0.376	0.514256338943	0.514256338943
-0.375833333333	0.50020456646	0.50020456646
-0.375666666667	0.48238439339	0.48238439339
-0.3755	0.460630072629	0.460630072629
-0.375333333333	0.434726094761	0.434726094761
-0.375166666667	0.404506548808	0.404506548808
-0.375	0.369784893016	0.369784893016
-0.374833333333	0.330483758571	0.330483758571
-0.374666666667	0.286565283936	0.286565283936
-0.3745	0.238132376261	0.238132376261
-0.374333333333	0.18539973605	0.18539973605
-0.374166666667	0.128817095226	0.128817095226
-0.374	0.0688774090293	0.0688774090293
-0.373833333333	0.00637471031794	0.00637471031794
-0.373666666667	-0.057798650975	-0.057798650975
-0.3735	-0.114388533411	-0.114388533411
-0.373333333333	-0.146660439309	-0.146660439309
-0.373166666667	-0.178249006912	-0.178249006912
-0.373	-0.208743589271	-0.208743589271
-0.372833333333	-0.237688685898	-0.237688685898
-0.372666666667	-0.264787362476	-0.264787362476
-0.3725	-0.289775697503	-0.289775697503
-0.372333333333	-0.312537410893	-0.312537410893
-0.372166666667	-0.332975774069	-0.332975774069
-0.372	-0.35104722427	-0.35104722427
-0.371833333333	-0.366861408474	-0.366861408474
-0.371666666667	-0.380412997707	-0.380412997707
-0.3715	-0.39183271175	-0.39183271175
-0.371333333333	-0.401238628699	-0.401238628699
-0.371166666667	-0.408693109943	-0.408693109943
-0.371	-0.414290895743	-0.414290895743
-0.370833333333	-0.418147385716	-0.418147385716
-0.370666666667	-0.420293189475	-0.420293189475
-0.3705	-0.420734429422	-0.420734429422
-0.370333333333	-0.419512853293	-0.419512853293
-0.370166666667	-0.416641765711	-0.416641765711
-0.37	-0.412024662052	-0.412024662052
-0.369833333333	-0.405671816059	-0.405671816059
-0.369666666667	-0.397443036502	-0.397443036502
-0.3695	-0.387293136223	-0.387293136223
-0.369333333333	-0.375097817018	-0.375097817018
-0.369166666667	-0.360789415464	-0.360789415464
-0.369	-0.344259030105	-0.344259030105
-0.368833333333	-0.325478494107	-0.325478494107
-0.368666666667	-0.304384089095	-0.304384089095
-0.3685	-0.280981626714	-0.280981626714
-0.368333333333	-0.255383450698	-0.255383450698
-0.368166666667	-0.227752247603	-0.227752247603
-0.368	-0.198350938178	-0.198350938178
-0.367833333333	-0.167478835804	-0.167478835804
-0.367666666667	-0.135575699197	-0.135575699197
-0.3675	-0.103137268123	-0.103137268123
-0.367333333333	-0.0431038441178	-0.0431038441178
-0.367166666667	0.0209432006185	0.0209432006185
-0.367	0.0830865139364	0.0830865139364
-0.366833333333	0.142498798253	0.142498798253
-0.366666666667	0.198432423218	0.198432423218
-0.3665	0.250393153104	0.250393153104
-0.366333333333	0.297910198356	0.297910198356
-0.366166666667	0.340856074623	0.340856074623
-0.366	0.379095115996	0.379095115996
-0.365833333333	0.412721211421	0.412721211421
-0.365666666667	0.441808282085	0.441808282085
-0.3655	0.466571115012	0.466571115012
-0.365333333333	0.487166515378	0.487166515378
-0.365166666667	0.50380861078	0.50380861078
-0.365	0.51671756999	0.51671756999
-0.364833333333	0.52601143516	0.52601143516
-0.364666666667	0.531825719745	0.531825719745
-0.3645	0.534285200229	0.534285200229
-0.364333333333	0.533379595266	0.533379595266
-0.364166666667	0.52913961337	0.52913961337
-0.364	0.521485544917	0.521485544917
-0.363833333333	0.510385527394	0.510385527394
-0.363666666667	0.495626593009	0.495626593009
-0.3635	0.477085904867	0.477085904867
-0.363333333333	0.454595568221	0.454595568221
-0.363166666667	0.42792127513	0.42792127513
-0.363	0.396888082215	0.396888082215
-0.362833333333	0.361333294691	0.361333294691
-0.362666666667	0.321161284368	0.321161284368
-0.3625	0.276417977564	0.276417977564
-0.362333333333	0.227177263498	0.227177263498
-0.362166666667	0.173702413834	0.173702413834
-0.362	0.116420768045	0.116420768045
-0.361833333333	0.0559646355573	0.0559646355573
-0.361666666667	-0.00692173259693	-0.00692173259693
-0.3615	-0.0713049648408	-0.0713049648408
-0.361333333333	-0.121925847877	-0.121925847877
-0.361166666667	-0.154093228986	-0.154093228986
-0.361	-0.185529401239	-0.185529401239
-0.360833333333	-0.215754191567	-0.215754191567
-0.360666666667	-0.244384620187	-0.244384620187
-0.3605	-0.271104824384	-0.271104824384
-0.360333333333	-0.295700350795	-0.295700350795
-0.360166666667	-0.318021467738	-0.318021467738
-0.36	-0.33801609367	-0.33801609367
-0.359833333333	-0.355678907519	-0.355678907519
-0.359666666667	-0.371057738799	-0.371057738799
-0.3595	-0.384220824123	-0.384220824123
-0.359333333333	-0.395257791151	-0.395257791151
-0.359166666667	-0.404283659155	-0.404283659155
-0.359	-0.411396256179	-0.411396256179
-0.358833333333	-0.416680715113	-0.416680715113
-0.358666666667	-0.42020089726	-0.42020089726
-0.3585	-0.422035818053	-0.422035818053
-0.358333333333	-0.422178899011	-0.422178899011
-0.358166666667	-0.420659455235	-0.420659455235
-0.358	-0.417442096499	-0.417442096499
-0.357833333333	-0.412515578981	-0.412515578981
-0.357666666667	-0.405794267078	-0.405794267078
-0.3575	-0.397230644503	-0.397230644503
-0.357333333333	-0.386703623092	-0.386703623092
-0.357166666667	-0.374157805796	-0.374157805796
-0.357	-0.359457397973	-0.359457397973
-0.356833333333	-0.342517571039	-0.342517571039
-0.356666666667	-0.323273960785	-0.323273960785
-0.3565	-0.301721443275	-0.301721443275
-0.356333333333	-0.277940496495	-0.277940496495
-0.356166666667	-0.251953795079	-0.251953795079
-0.356	-0.223980019648	-0.223980019648
-0.355833333333	-0.194279676422	-0.194279676422
-0.355666666667	-0.163190316043	-0.163190316043
-0.3555	-0.131152205634	-0.131152205634
-0.355333333333	-0.0975853319642	-0.0975853319642
-0.355166666667	-0.0327133915051	-0.0327133915051
-0.355	0.0310775556117	0.0310775556117
-0.354833333333	0.0927785825291	0.0927785825291
-0.354666666667	0.151595636082	0.151595636082
-0.3545	0.206821885167	0.206821885167
-0.354333333333	0.25797994777	0.25797994777
-0.354166666667	0.304683968283	0.304683968283
-0.354	0.346794484808	0.346794484808
-0.353833333333	0.384143259205	0.384143259205
-0.353666666667	0.416911173011	0.416911173011
-0.3535	0.445226526557	0.445226526557
-0.353333333333	0.469172906862	0.469172906862
-0.353166666667	0.489029866047	0.489029866047
-0.353	0.504976532873	0.504976532873
-0.352833333333	0.517214949109	0.517214949109
-0.352666666667	0.525862754169	0.525862754169
-0.3525	0.531057792104	0.531057792104
-0.352333333333	0.532853565027	0.532853565027
-0.352166666667	0.531358008513	0.531358008513
-0.352	0.526469514473	0.526469514473
-0.351833333333	0.518234475182	0.518234475182
-0.351666666667	0.506443168548	0.506443168548
-0.3515	0.491042438264	0.491042438264
-0.351333333333	0.471779307251	0.471779307251
-0.351166666667	0.448509875858	0.448509875858
-0.351	0.421047377057	0.421047377057
-0.350833333333	0.389194175665	0.389194175665
-0.350666666667	0.35278777036	0.35278777036
-0.3505	0.311804231378	0.311804231378
-0.350333333333	0.266199326945	0.266199326945
-0.350166666667	0.216145984467	0.216145984467
-0.35	0.16192284787	0.16192284787
-0.349833333333	0.104021392511	0.104021392511
-0.349666666667	0.043051823245	0.043051823245
-0.3495	-0.020190313668	-0.020190313668
-0.349333333333	-0.0847424372099	-0.0847424372099
-0.349166666667	-0.129376524078	-0.129376524078
-0.349	-0.161434871479	-0.161434871479
-0.348833333333	-0.192681008123	-0.192681008123
-0.348666666667	-0.222633210159	-0.222633210159
-0.3485	-0.25092405847	-0.25092405847
-0.348333333333	-0.277266609622	-0.277266609622
-0.348166666667	-0.301463044536	-0.301463044536
-0.348	-0.323356198846	-0.323356198846
-0.347833333333	-0.342902543396	-0.342902543396
-0.347666666667	-0.360152340702	-0.360152340702
-0.3475	-0.375102207055	-0.375102207055
-0.347333333333	-0.387867538947	-0.387867538947
-0.347166666667	-0.398515159566	-0.398515159566
-0.347	-0.407203859529	-0.407203859529
-0.346833333333	-0.413965826675	-0.413965826675
-0.346666666667	-0.418923978421	-0.418923978421
-0.3465	-0.422124816816	-0.422124816816
-0.346333333333	-0.423630392558	-0.423630392558
-0.346166666667	-0.423473261175	-0.423473261175
-0.346	-0.421634123836	-0.421634123836
-0.345833333333	-0.418130581883	-0.418130581883
-0.345666666667	-0.412858957343	-0.412858957343
-0.3455	-0.405797505396	-0.405797505396
-0.345333333333	-0.396893785841	-0.396893785841
-0.345166666667	-0.386000551943	-0.386000551943
-0.345	-0.373035902277	-0.373035902277
-0.344833333333	-0.357917552564	-0.357917552564
-0.344666666667	-0.340588483373	-0.340588483373
-0.3445	-0.320924218458	-0.320924218458
-0.344333333333	-0.298972084227	-0.298972084227
-0.344166666667	-0.274735886955	-0.274735886955
-0.344	-0.248392348864	-0.248392348864
-0.343833333333	-0.220065006257	-0.220065006257
-0.343666666667	-0.190068011898	-0.190068011898
-0.3435	-0.158778297069	-0.158778297069
-0.343333333333	-0.126623024888	-0.126623024888
-0.343166666667	-0.0870143932534	-0.0870143932534
-0.343	-0.0222575983667	-0.0222575983667
-0.342833333333	0.0411795113313	0.0411795113313
-0.342666666667	0.102420687491	0.102420687491
-0.3425	0.160629776162	0.160629776162
-0.342333333333	0.215141505222	0.215141505222
-0.342166666667	0.265515331908	0.265515331908
-0.342	0.311374273553	0.311374273553
-0.341833333333	0.352584461251	0.352584461251
-0.341666666667	0.389115431884	0.389115431884
-0.3415	0.42103512214	0.42103512214
-0.341333333333	0.44850576049	0.44850576049
-0.341166666667	0.471714083062	0.471714083062
-0.341	0.490822866101	0.490822866101
-0.340833333333	0.506073288673	0.506073288673
-0.340666666667	0.51763111768	0.51763111768
-0.3405	0.52561968558	0.52561968558
-0.340333333333	0.530214615221	0.530214615221
-0.340166666667	0.531429980442	0.531429980442
-0.34	0.529283764502	0.529283764502
-0.339833333333	0.523811959352	0.523811959352
-0.339666666667	0.514914510647	0.514914510647
-0.3395	0.502468592346	0.502468592346
-0.339333333333	0.486351674524	0.486351674524
-0.339166666667	0.466380192924	0.466380192924
-0.339	0.44236693162	0.44236693162
-0.338833333333	0.414105542305	0.414105542305
-0.338666666667	0.381409529406	0.381409529406
-0.3385	0.344177553737	0.344177553737
-0.338333333333	0.302328643549	0.302328643549
-0.338166666667	0.255902379259	0.255902379259
-0.338	0.205038474812	0.205038474812
-0.337833333333	0.150096244676	0.150096244676
-0.337666666667	0.0915817903827	0.0915817903827
-0.3375	0.0301421345107	0.0301421345107
-0.337333333333	-0.0334257672462	-0.0334257672462
-0.337166666667	-0.0981396784518	-0.0981396784518
-0.337	-0.136703396128	-0.136703396128
-0.336833333333	-0.168677854431	-0.168677854431
-0.336666666667	-0.199696611894	-0.199696611894
-0.3365	-0.229377700354	-0.229377700354
-0.336333333333	-0.257330920101	-0.257330920101
-0.336166666667	-0.283296569074	-0.283296569074
-0.336	-0.307059188201	-0.307059188201
-0.335833333333	-0.328516767692	-0.328516767692
-0.335666666667	-0.347658148192	-0.347658148192
-0.3355	-0.364463629785	-0.364463629785
-0.335333333333	-0.378996138961	-0.378996138961
-0.335166666667	-0.391393050049	-0.391393050049
-0.335	-0.401665660665	-0.401665660665
-0.334833333333	-0.409967533805	-0.409967533805
-0.334666666667	-0.416397327238	-0.416397327238
-0.3345	-0.421011089228	-0.421011089228
-0.334333333333	-0.423913954575	-0.423913954575
-0.334166666667	-0.425110181167	-0.425110181167
-0.334	-0.424641677518	-0.424641677518
-0.333833333333	-0.422497436479	-0.422497436479
-0.333666666667	-0.418653064564	-0.418653064564
-0.3335	-0.41306372837	-0.41306372837
-0.333333333333	-0.405684773743	-0.405684773743
-0.333166666667	-0.396409474192	-0.396409474192
-0.333	-0.385126561383	-0.385126561383
-0.332833333333	-0.371802503132	-0.371802503132
-0.332666666667	-0.356275338999	-0.356275338999
-0.3325	-0.338503255443	-0.338503255443
-0.332333333333	-0.318429572875	-0.318429572875
-0.332166666667	-0.296036827512	-0.296036827512
-0.332	-0.27139655816	-0.27139655816
-0.331833333333	-0.244663100758	-0.244663100758
-0.331666666667	-0.216010087564	-0.216010087564
-0.3315	-0.185723927293	-0.185723927293
-0.331333333333	-0.154247314732	-0.154247314732
-0.331166666667	-0.121988279956	-0.121988279956
-0.331	-0.0763749572322	-0.0763749572322
-0.330833333333	-0.0118070239913	-0.0118070239913
-0.330666666667	0.051307695788	0.051307695788
-0.3305	0.112067144349	0.112067144349
-0.330333333333	0.16962480589	0.16962480589
-0.330166666667	0.223418073265	0.223418073265
-0.33	0.272942631101	0.272942631101
-0.329833333333	0.317976183957	0.317976183957
-0.329666666667	0.358334851217	0.358334851217
-0.3295	0.394010419097	0.394010419097
-0.329333333333	0.425083961107	0.425083961107
-0.329166666667	0.451767591386	0.451767591386
-0.329	0.474185053645	0.474185053645
-0.328833333333	0.492578430056	0.492578430056
-0.328666666667	0.507135161751	0.507135161751
-0.3285	0.518007943098	0.518007943098
-0.328333333333	0.525380353858	0.525380353858
-0.328166666667	0.529335837116	0.529335837116
-0.328	0.529940829338	0.529940829338
-0.327833333333	0.527183342283	0.527183342283
-0.327666666667	0.521095260011	0.521095260011
-0.3275	0.511553847989	0.511553847989
-0.327333333333	0.49844783745	0.49844783745
-0.327166666667	0.481627049532	0.481627049532
-0.327	0.460924722613	0.460924722613
-0.326833333333	0.436162149273	0.436162149273
-0.326666666667	0.407076552751	0.407076552751
-0.3265	0.37356160431	0.37356160431
-0.326333333333	0.335461757178	0.335461757178
-0.326166666667	0.292761110581	0.292761110581
-0.326	0.245480590902	0.245480590902
-0.325833333333	0.193851841714	0.193851841714
-0.325666666667	0.138243759659	0.138243759659
-0.3255	0.0791176043701	0.0791176043701
-0.325333333333	0.0171947083908	0.0171947083908
-0.325166666667	-0.0466382353333	-0.0466382353333
-0.325	-0.111423416024	-0.111423416024
-0.324833333333	-0.143995672077	-0.143995672077
-0.324666666667	-0.175810894108	-0.175810894108
-0.3245	-0.206614128365	-0.206614128365
-0.324333333333	-0.235994942602	-0.235994942602
-0.324166666667	-0.26361915778	-0.26361915778
-0.324	-0.289163304283	-0.289163304283
-0.323833333333	-0.312546796193	-0.312546796193
-0.323666666667	-0.333545160584	-0.333545160584
-0.3235	-0.352225563237	-0.352225563237
-0.323333333333	-0.368617070965	-0.368617070965
-0.323166666667	-0.382766805041	-0.382766805041
-0.323	-0.394741911132	-0.394741911132
-0.322833333333	-0.404642448136	-0.404642448136
-0.322666666667	-0.412608189598	-0.412608189598
-0.3225	-0.418709821012	-0.418709821012
-0.322333333333	-0.422985483322	-0.422985483322
-0.322166666667	-0.425574929855	-0.425574929855
-0.322	-0.426443427251	-0.426443427251
-0.321833333333	-0.425677289052	-0.425677289052
-0.321666666667	-0.423241952573	-0.423241952573
-0.3215	-0.419064633061	-0.419064633061
-0.321333333333	-0.41315037459	-0.41315037459
-0.321166666667	-0.405427826896	-0.405427826896
-0.321	-0.395778691412	-0.395778691412
-0.320833333333	-0.384127594018	-0.384127594018
-0.320666666667	-0.370404562646	-0.370404562646
-0.3205	-0.354447193518	-0.354447193518
-0.320333333333	-0.336281415916	-0.336281415916
-0.320166666667	-0.315772282376	-0.315772282376
-0.32	-0.292955359046	-0.292955359046
-0.319833333333	-0.26792092202	-0.26792092202
-0.319666666667	-0.240795212021	-0.240795212021
-0.3195	-0.211825435473	-0.211825435473
-0.319333333333	-0.181313184838	-0.181313184838
-0.319166666667	-0.149643460722	-0.149643460722
-0.319	-0.11727861853	-0.11727861853
-0.318833333333	-0.0656842887596	-0.0656842887596
-0.318666666667	-0.00131259541929	-0.00131259541929
-0.3185	0.0614370334188	0.0614370334188
-0.318333333333	0.121642771611	0.121642771611
-0.318166666667	0.178566832937	0.178566832937
-0.318	0.231608092372	0.231608092372
-0.317833333333	0.280321570924	0.280321570924
-0.317666666667	0.32448083835	0.32448083835
-0.3175	0.363967952905	0.363967952905
-0.317333333333	0.398802164072	0.398802164072
-0.317166666667	0.429045676029	0.429045676029
-0.317	0.454935844614	0.454935844614
-0.316833333333	0.476589490925	0.476589490925
-0.316666666667	0.494282838114	0.494282838114
-0.3165	0.508142449671	0.508142449671
-0.316333333333	0.518362160907	0.518362160907
-0.316166666667	0.525093926848	0.525093926848
-0.316	0.528432819013	0.528432819013
-0.315833333333	0.528417333586	0.528417333586
-0.315666666667	0.525065020302	0.525065020302
-0.3155	0.518315815709	0.518315815709
-0.315333333333	0.508146872957	0.508146872957
-0.315166666667	0.494348723202	0.494348723202
-0.315	0.476828432834	0.476828432834
-0.314833333333	0.455393595347	0.455393595347
-0.314666666667	0.429835037475	0.429835037475
-0.3145	0.399956666522	0.399956666522
-0.314333333333	0.365624352403	0.365624352403
-0.314166666667	0.326681110409	0.326681110409
-0.314	0.283118899759	0.283118899759
-0.313833333333	0.235020143906	0.235020143906
-0.313666666667	0.182629066568	0.182629066568
-0.3135	0.126313621618	0.126313621618
-0.313333333333	0.066612855829	0.066612855829
-0.313166666667	0.0042936626727	0.0042936626727
-0.313	-0.0597804620315	-0.0597804620315
-0.312833333333	-0.118863191299	-0.118863191299
-0.312666666667	-0.151147081329	-0.151147081329
-0.3125	-0.182837451479	-0.182837451479
-0.312333333333	-0.213401497671	-0.213401497671
-0.312166666667	-0.242499851873	-0.242499851873
-0.312	-0.269720520734	-0.269720520734
-0.311833333333	-0.294904222834	-0.294904222834
-0.311666666667	-0.317828268978	-0.317828268978
-0.3115	-0.338427505838	-0.338427505838
-0.311333333333	-0.356678394467	-0.356678394467
-0.311166666667	-0.372641328267	-0.372641328267
-0.311	-0.386367760176	-0.386367760176
-0.310833333333	-0.397946762088	-0.397946762088
-0.310666666667	-0.407501914	-0.407501914
-0.3105	-0.415101428686	-0.415101428686
-0.310333333333	-0.420847682873	-0.420847682873
-0.310166666667	-0.424839504773	-0.424839504773
-0.31	-0.427117440397	-0.427117440397
-0.309833333333	-0.427687717743	-0.427687717743
-0.309666666667	-0.426602422416	-0.426602422416
-0.3095	-0.42380739944	-0.42380739944
-0.309333333333	-0.419334843444	-0.419334843444
-0.309166666667	-0.413109739041	-0.413109739041
-0.309	-0.405021251172	-0.405021251172
-0.308833333333	-0.395015462469	-0.395015462469
-0.308666666667	-0.382992991907	-0.382992991907
-0.3085	-0.368847951502	-0.368847951502
-0.308333333333	-0.352507651861	-0.352507651861
-0.308166666667	-0.333886975279	-0.333886975279
-0.308	-0.312941830966	-0.312941830966
-0.307833333333	-0.289726076384	-0.289726076384
-0.307666666667	-0.264284914111	-0.264284914111
-0.3075	-0.236804413235	-0.236804413235
-0.307333333333	-0.207518929519	-0.207518929519
-0.307166666667	-0.176753540831	-0.176753540831
-0.307	-0.144924678799	-0.144924678799
-0.306833333333	-0.112483915575	-0.112483915575
-0.306666666667	-0.0549497096204	-0.0549497096204
-0.3065	0.00919624394725	0.00919624394725
-0.306333333333	0.0715467796187	0.0715467796187
-0.306166666667	0.131191891017	0.131191891017
-0.306	0.187440695491	0.187440695491
-0.305833333333	0.239700123051	0.239700123051
-0.305666666667	0.287586092982	0.287586092982
-0.3055	0.330892540907	0.330892540907
-0.305333333333	0.369514817768	0.369514817768
-0.305166666667	0.403496403189	0.403496403189
-0.305	0.432932633024	0.432932633024
-0.304833333333	0.458025074085	0.458025074085
-0.304666666667	0.478932679089	0.478932679089
-0.3045	0.495931741598	0.495931741598
-0.304333333333	0.509092231635	0.509092231635
-0.304166666667	0.518662599514	0.518662599514
-0.304	0.524759477752	0.524759477752
-0.303833333333	0.527471575091	0.527471575091
-0.303666666667	0.526847212361	0.526847212361
-0.3035	0.522891923026	0.522891923026
-0.303333333333	0.515509907636	0.515509907636
-0.303166666667	0.504662026412	0.504662026412
-0.303	0.490229967879	0.490229967879
-0.302833333333	0.471976150243	0.471976150243
-0.302666666667	0.449803364011	0.449803364011
-0.3025	0.423466387442	0.423466387442
-0.302333333333	0.392759181682	0.392759181682
-0.302166666667	0.357590038072	0.357590038072
-0.302	0.317794382348	0.317794382348
-0.301833333333	0.273385139387	0.273385139387
-0.301666666667	0.224479927663	0.224479927663
-0.3015	0.171339985634	0.171339985634
-0.301333333333	0.114327353359	0.114327353359
-0.301166666667	0.054105917936	0.054105917936
-0.301	-0.0086070514439	-0.0086070514439
-0.300833333333	-0.0729334736615	-0.0729334736615
-0.300666666667	-0.126028873249	-0.126028873249
-0.3005	-0.15824808128	-0.15824808128
-0.300333333333	-0.189751310416	-0.189751310416
-0.300166666667	-0.220083280982	-0.220083280982
-0.3	-0.248836080366	-0.248836080366
-0.299833333333	-0.275718931688	-0.275718931688
-0.299666666667	-0.300474105113	-0.300474105113
-0.2995	-0.322979695527	-0.322979695527
-0.299333333333	-0.343157197588	-0.343157197588
-0.299166666667	-0.360961484447	-0.360961484447
-0.299	-0.376521868965	-0.376521868965
-0.298833333333	-0.38985081259	-0.38985081259
-0.298666666667	-0.401063926556	-0.401063926556
-0.2985	-0.410223213756	-0.410223213756
-0.298333333333	-0.417468367416	-0.417468367416
-0.298166666667	-0.4229093911	-0.4229093911
-0.298	-0.426567040191	-0.426567040191
-0.297833333333	-0.428515443682	-0.428515443682
-0.297666666667	-0.428782859823	-0.428782859823
-0.2975	-0.427362509114	-0.427362509114
-0.297333333333	-0.424299924605	-0.424299924605
-0.297166666667	-0.419502532686	-0.419502532686
-0.297	-0.412923001137	-0.412923001137
-0.296833333333	-0.404489662676	-0.404489662676
-0.296666666667	-0.394121620771	-0.394121620771
-0.2965	-0.381704283116	-0.381704283116
-0.296333333333	-0.367161433366	-0.367161433366
-0.296166666667	-0.350412220324	-0.350412220324
-0.296	-0.331352770302	-0.331352770302
-0.295833333333	-0.310004537025	-0.310004537025
-0.295666666667	-0.286346139587	-0.286346139587
-0.2955	-0.260523218918	-0.260523218918
-0.295333333333	-0.232704399617	-0.232704399617
-0.295166666667	-0.203094937005	-0.203094937005
-0.295	-0.172128923478	-0.172128923478
-0.294833333333	-0.140135198853	-0.140135198853
-0.294666666667	-0.107636957233	-0.107636957233
-0.2945	-0.0441932459828	-0.0441932459828
-0.294333333333	0.0196998282658	0.0196998282658
-0.294166666667	0.0816089131733	0.0816089131733
-0.294	0.140707895667	0.140707895667
-0.293833333333	0.196244734373	0.196244734373
-0.293666666667	0.247727428109	0.247727428109
-0.2935	0.294784766665	0.294784766665
-0.293333333333	0.33723422131	0.33723422131
-0.293166666667	0.374989187613	0.374989187613
-0.293	0.408109182079	0.408109182079
-0.292833333333	0.436748298687	0.436748298687
-0.292666666667	0.46104661857	0.46104661857
-0.2925	0.48123776049	0.48123776049
-0.292333333333	0.497469083969	0.497469083969
-0.292166666667	0.509982752595	0.509982752595
-0.292	0.518905025396	0.518905025396
-0.291833333333	0.52436622992	0.52436622992
-0.291666666667	0.526484687425	0.526484687425
-0.2915	0.525214358976	0.525214358976
-0.291333333333	0.520601561178	0.520601561178
-0.291166666667	0.512658439462	0.512658439462
-0.291	0.501141256003	0.501141256003
-0.290833333333	0.485998614915	0.485998614915
-0.290666666667	0.467052224497	0.467052224497
-0.2905	0.444134272152	0.444134272152
-0.290333333333	0.416971005804	0.416971005804
-0.290166666667	0.385497782646	0.385497782646
-0.29	0.349454376708	0.349454376708
-0.289833333333	0.308815046169	0.308815046169
-0.289666666667	0.263588598915	0.263588598915
-0.2895	0.213846620028	0.213846620028
-0.289333333333	0.15997815174	0.15997815174
-0.289166666667	0.102323989046	0.102323989046
-0.289	0.0415779205226	0.0415779205226
-0.288833333333	-0.0215079707533	-0.0215079707533
-0.288666666667	-0.0859865852271	-0.0859865852271
-0.2885	-0.133153237447	-0.133153237447
-0.288333333333	-0.165246521318	-0.165246521318
-0.288166666667	-0.196555496779	-0.196555496779
-0.288	-0.226634333224	-0.226634333224
-0.287833333333	-0.25506099038	-0.25506099038
-0.287666666667	-0.281558646421	-0.281558646421
-0.2875	-0.305900399104	-0.305900399104
-0.287333333333	-0.32797072373	-0.32797072373
-0.287166666667	-0.347739503713	-0.347739503713
-0.287	-0.36514598263	-0.36514598263
-0.286833333333	-0.380251399886	-0.380251399886
-0.286666666667	-0.393197458534	-0.393197458534
-0.2865	-0.404005671687	-0.404005671687
-0.286333333333	-0.412837069405	-0.412837069405
-0.286166666667	-0.419732136263	-0.419732136263
-0.286	-0.424830806226	-0.424830806226
-0.285833333333	-0.428150093774	-0.428150093774
-0.285666666667	-0.429793831018	-0.429793831018
-0.2855	-0.42973957734	-0.42973957734
-0.285333333333	-0.42802501821	-0.42802501821
-0.285166666667	-0.424648174843	-0.424648174843
-0.285	-0.41951438442	-0.41951438442
-0.284833333333	-0.412607156496	-0.412607156496
-0.284666666667	-0.403824698418	-0.403824698418
-0.2845	-0.393081556176	-0.393081556176
-0.284333333333	-0.380299183038	-0.380299183038
-0.284166666667	-0.365345846453	-0.365345846453
-0.284	-0.348160685213	-0.348160685213
-0.283833333333	-0.328675068768	-0.328675068768
-0.283666666667	-0.306900268648	-0.306900268648
-0.2835	-0.282878848966	-0.282878848966
-0.283333333333	-0.256628207976	-0.256628207976
-0.283166666667	-0.228467896887	-0.228467896887
-0.283	-0.198568494449	-0.198568494449
-0.282833333333	-0.167352041443	-0.167352041443
-0.282666666667	-0.135239881013	-0.135239881013
-0.2825	-0.0981956046622	-0.0981956046622
-0.282333333333	-0.0333796185566	-0.0333796185566
-0.282166666667	0.030228276495	0.030228276495
-0.282	0.0916631889465	0.0916631889465
-0.281833333333	0.150133063226	0.150133063226
-0.281666666667	0.204977505807	0.204977505807
-0.2815	0.255664095156	0.255664095156
-0.281333333333	0.301892939168	0.301892939168
-0.281166666667	0.343471255322	0.343471255322
-0.281	0.380392447473	0.380392447473
-0.280833333333	0.412669953946	0.412669953946
-0.280666666667	0.440463768524	0.440463768524
-0.2805	0.463999421138	0.463999421138
-0.280333333333	0.483455137399	0.483455137399
-0.280166666667	0.49898796294	0.49898796294
-0.28	0.510820548622	0.510820548622
-0.279833333333	0.51908916395	0.51908916395
-0.279666666667	0.523949572696	0.523949572696
-0.2795	0.525418204953	0.525418204953
-0.279333333333	0.523575755704	0.523575755704
-0.279166666667	0.51835197784	0.51835197784
-0.279	0.509713258489	0.509713258489
-0.278833333333	0.497569204826	0.497569204826
-0.278666666667	0.481730995345	0.481730995345
-0.2785	0.462064582251	0.462064582251
-0.278333333333	0.438392430737	0.438392430737
-0.278166666667	0.410448847084	0.410448847084
-0.278	0.378139021191	0.378139021191
-0.277833333333	0.341239288942	0.341239288942
-0.277666666667	0.299760269734	0.299760269734
-0.2775	0.253674911992	0.253674911992
-0.277333333333	0.203158514519	0.203158514519
-0.277166666667	0.148522164197	0.148522164197
-0.277	0.0902751599773	0.0902751599773
-0.276833333333	0.029031233178	0.029031233178
-0.276666666667	-0.0343795083701	-0.0343795083701
-0.2765	-0.099010548169	-0.099010548169
-0.276333333333	-0.140145826817	-0.140145826817
-0.276166666667	-0.172159016311	-0.172159016311
-0.276	-0.203279863507	-0.203279863507
-0.275833333333	-0.233070697741	-0.233070697741
-0.275666666667	-0.261174739637	-0.261174739637
-0.2755	-0.287281836508	-0.287281836508
-0.275333333333	-0.311210772152	-0.311210772152
-0.275166666667	-0.332863748359	-0.332863748359
-0.275	-0.352159765118	-0.352159765118
-0.274833333333	-0.369141950665	-0.369141950665
-0.274666666667	-0.383865691224	-0.383865691224
-0.2745	-0.396381378109	-0.396381378109
-0.274333333333	-0.406816682936	-0.406816682936
-0.274166666667	-0.415295658829	-0.415295658829
-0.274	-0.421835936588	-0.421835936588
-0.273833333333	-0.426594572449	-0.426594572449
-0.273666666667	-0.429629822144	-0.429629822144
-0.2735	-0.430960051913	-0.430960051913
-0.273333333333	-0.430602539295	-0.430602539295
-0.273166666667	-0.428569090221	-0.428569090221
-0.273	-0.424861392109	-0.424861392109
-0.272833333333	-0.419408747871	-0.419408747871
-0.272666666667	-0.412172031234	-0.412172031234
-0.2725	-0.403033555004	-0.403033555004
-0.272333333333	-0.391939479804	-0.391939479804
-0.272166666667	-0.378724790406	-0.378724790406
-0.272	-0.363390761888	-0.363390761888
-0.271833333333	-0.345777278012	-0.345777278012
-0.271666666667	-0.325884840134	-0.325884840134
-0.2715	-0.303650096523	-0.303650096523
-0.271333333333	-0.279197179575	-0.279197179575
-0.271166666667	-0.252603924115	-0.252603924115
-0.271	-0.224088424713	-0.224088424713
-0.270833333333	-0.193937922667	-0.193937922667
-0.270666666667	-0.162516638177	-0.162516638177
-0.2705	-0.13028228211	-0.13028228211
-0.270333333333	-0.0872146137277	-0.0872146137277
-0.270166666667	-0.0225453980323	-0.0225453980323
-0.27	0.040731996486	0.040731996486
-0.269833333333	0.101673072688	0.101673072688
-0.269666666667	0.159542578103	0.159542578103
-0.2695	0.21361174119	0.21361174119
-0.269333333333	0.263518543997	0.263518543997
-0.269166666667	0.30889128808	0.30889128808
-0.269	0.349603337945	0.349603337945
-0.268833333333	0.385652595725	0.385652595725
-0.268666666667	0.417098467637	0.417098467637
-0.2685	0.444117789749	0.444117789749
-0.268333333333	0.46688298317	0.46688298317
-0.268166666667	0.485568388954	0.485568388954
-0.268	0.500428988652	0.500428988652
-0.267833333333	0.511592665325	0.511592665325
-0.267666666667	0.519227548846	0.519227548846
-0.2675	0.523436244361	0.523436244361
-0.267333333333	0.524319463769	0.524319463769
-0.267166666667	0.521842976303	0.521842976303
-0.267	0.515984901879	0.515984901879
-0.266833333333	0.506729741746	0.506729741746
-0.266666666667	0.493922261666	0.493922261666
-0.2665	0.477411789033	0.477411789033
-0.266333333333	0.457018767069	0.457018767069
-0.266166666667	0.432565795077	0.432565795077
-0.266	0.403813675571	0.403813675571
-0.265833333333	0.370642479684	0.370642479684
-0.265666666667	0.332936463159	0.332936463159
-0.2655	0.290581586194	0.290581586194
-0.265333333333	0.243684115543	0.243684115543
-0.265166666667	0.192363299917	0.192363299917
-0.265	0.137036761316	0.137036761316
-0.264833333333	0.0781760247379	0.0781760247379
-0.264666666667	0.016477945478	0.016477945478
-0.2645	-0.0472307130567	-0.0472307130567
-0.264333333333	-0.112015286239	-0.112015286239
-0.264166666667	-0.147086321601	-0.147086321601
-0.264	-0.178953082073	-0.178953082073
-0.263833333333	-0.209874572333	-0.209874572333
-0.263666666667	-0.239380209176	-0.239380209176
-0.2635	-0.267107465315	-0.267107465315
-0.263333333333	-0.292845770901	-0.292845770901
-0.263166666667	-0.316355938676	-0.316355938676
-0.263	-0.337578602704	-0.337578602704
-0.262833333333	-0.356458937569	-0.356458937569
-0.262666666667	-0.37301629572	-0.37301629572
-0.2625	-0.387310528595	-0.387310528595
-0.262333333333	-0.39944027987	-0.39944027987
-0.262166666667	-0.409507747102	-0.409507747102
-0.262	-0.417612218961	-0.417612218961
-0.261833333333	-0.423846308301	-0.423846308301
-0.261666666667	-0.42825765875	-0.42825765875
-0.2615	-0.43095769584	-0.43095769584
-0.261333333333	-0.431990443758	-0.431990443758
-0.261166666667	-0.431320995125	-0.431320995125
-0.261	-0.429015378004	-0.429015378004
-0.260833333333	-0.424966828088	-0.424966828088
-0.260666666667	-0.419184465561	-0.419184465561
-0.2605	-0.411595284804	-0.411595284804
-0.260333333333	-0.402101799783	-0.402101799783
-0.260166666667	-0.390624549258	-0.390624549258
-0.26	-0.377049929675	-0.377049929675
-0.259833333333	-0.361276392415	-0.361276392415
-0.259666666667	-0.34323601418	-0.34323601418
-0.2595	-0.322934681304	-0.322934681304
-0.259333333333	-0.300287716481	-0.300287716481
-0.259166666667	-0.275408302397	-0.275408302397
-0.259	-0.248450345433	-0.248450345433
-0.258833333333	-0.219597094998	-0.219597094998
-0.258666666667	-0.189179046407	-0.189179046407
-0.2585	-0.157591480426	-0.157591480426
-0.258333333333	-0.125258174554	-0.125258174554
-0.258166666667	-0.0761782931893	-0.0761782931893
-0.258	-0.0117110241508	-0.0117110241508
-0.257833333333	0.0512267312763	0.0512267312763
-0.257666666667	0.111639426114	0.111639426114
-0.2575	0.16884417755	0.16884417755
-0.257333333333	0.222215128709	0.222215128709
-0.257166666667	0.27127735612	0.27127735612
-0.257	0.31580037889	0.31580037889
-0.256833333333	0.355654695578	0.355654695578
-0.256666666667	0.390850236004	0.390850236004
-0.2565	0.421448238081	0.421448238081
-0.256333333333	0.447667011361	0.447667011361
-0.256166666667	0.469697088974	0.469697088974
-0.256	0.487640002473	0.487640002473
-0.255833333333	0.501805297763	0.501805297763
-0.255666666667	0.512327653116	0.512327653116
-0.2555	0.519317036383	0.519317036383
-0.255333333333	0.522911022658	0.522911022658
-0.255166666667	0.523162163313	0.523162163313
-0.255	0.520059941636	0.520059941636
-0.254833333333	0.513594872775	0.513594872775
-0.254666666667	0.503695600706	0.503695600706
-0.2545	0.490197092059	0.490197092059
-0.254333333333	0.472991579196	0.472991579196
-0.254166666667	0.45185103298	0.45185103298
-0.254	0.426625483333	0.426625483333
-0.253833333333	0.397136819377	0.397136819377
-0.253666666667	0.363113379128	0.363113379128
-0.2535	0.324532348142	0.324532348142
-0.253333333333	0.281340132092	0.281340132092
-0.253166666667	0.23359751225	0.23359751225
-0.253	0.181512367557	0.181512367557
-0.252833333333	0.125520708092	0.125520708092
-0.252666666667	0.0660413490803	0.0660413490803
-0.2525	0.00391628093618	0.00391628093618
-0.252333333333	-0.0600849710152	-0.0600849710152
-0.252166666667	-0.121635817219	-0.121635817219
-0.252	-0.153955431402	-0.153955431402
-0.251833333333	-0.185684993652	-0.185684993652
-0.251666666667	-0.216365913246	-0.216365913246
-0.2515	-0.245560083103	-0.245560083103
-0.251333333333	-0.27295524804	-0.27295524804
-0.251166666667	-0.298299499347	-0.298299499347
-0.251	-0.321375862976	-0.321375862976
-0.250833333333	-0.342157544137	-0.342157544137
-0.250666666667	-0.360623744801	-0.360623744801
-0.2505	-0.376717121748	-0.376717121748
-0.250333333333	-0.390641808052	-0.390641808052
-0.250166666667	-0.402378583647	-0.402378583647
-0.25	-0.412096772069	-0.412096772069
-0.249833333333	-0.419833308896	-0.419833308896
-0.249666666667	-0.425706164619	-0.425706164619
-0.2495	-0.429835014742	-0.429835014742
-0.249333333333	-0.432213643516	-0.432213643516
-0.249166666667	-0.432905667836	-0.432905667836
-0.249	-0.431950474621	-0.431950474621
-0.248833333333	-0.429291135137	-0.429291135137
-0.248666666667	-0.424954639088	-0.424954639088
-0.2485	-0.418849487598	-0.418849487598
-0.248333333333	-0.410915327482	-0.410915327482
-0.248166666667	-0.401044599906	-0.401044599906
-0.248	-0.389209080148	-0.389209080148
-0.247833333333	-0.375212922324	-0.375212922324
-0.247666666667	-0.359021757318	-0.359021757318
-0.2475	-0.340595571335	-0.340595571335
-0.247333333333	-0.319837517475	-0.319837517475
-0.247166666667	-0.296801539837	-0.296801539837
-0.247	-0.271523914495	-0.271523914495
-0.246833333333	-0.24416709205	-0.24416709205
-0.246666666667	-0.215003097951	-0.215003097951
-0.2465	-0.18432944387	-0.18432944387
-0.246333333333	-0.152569197908	-0.152569197908
-0.246166666667	-0.120160636632	-0.120160636632
-0.246	-0.0651195014292	-0.0651195014292
-0.245833333333	-0.00084870525577	-0.00084870525577
-0.245666666667	0.0616631063561	0.0616631063561
-0.2455	0.121553808803	0.121553808803
-0.245333333333	0.178105785047	0.178105785047
-0.245166666667	0.230690183095	0.230690183095
-0.245	0.278929275145	0.278929275145
-0.244833333333	0.322609675442	0.322609675442
-0.244666666667	0.36159958513	0.36159958513
-0.2445	0.395926163469	0.395926163469
-0.244333333333	0.425733462352	0.425733462352
-0.244166666667	0.451132014419	0.451132014419
-0.244	0.472404087632	0.472404087632
-0.243833333333	0.489641276305	0.489641276305
-0.243666666667	0.503126183098	0.503126183098
-0.2435	0.5129941035	0.5129941035
-0.243333333333	0.519333398987	0.519333398987
-0.243166666667	0.522310960637	0.522310960637
-0.243	0.521956862355	0.521956862355
-0.242833333333	0.518222768528	0.518222768528
-0.242666666667	0.511147541598	0.511147541598
-0.2425	0.500602467511	0.500602467511
-0.242333333333	0.486426679329	0.486426679329
-0.242166666667	0.4685010069	0.4685010069
-0.242	0.446635359155	0.446635359155
-0.241833333333	0.420615970118	0.420615970118
-0.241666666667	0.390291456797	0.390291456797
-0.2415	0.355447619775	0.355447619775
-0.241333333333	0.316032002913	0.316032002913
-0.241166666667	0.271988608771	0.271988608771
-0.241	0.223434545664	0.223434545664
-0.240833333333	0.170593577112	0.170593577112
-0.240666666667	0.113887175832	0.113887175832
-0.2405	0.0538843959545	0.0538843959545
-0.240333333333	-0.00865381290109	-0.00865381290109
-0.240166666667	-0.0728815957687	-0.0728815957687
-0.24	-0.128507847923	-0.128507847923
-0.239833333333	-0.160740220406	-0.160740220406
-0.239666666667	-0.192320461625	-0.192320461625
-0.2395	-0.222728242025	-0.222728242025
-0.239333333333	-0.251626401132	-0.251626401132
-0.239166666667	-0.278643050735	-0.278643050735
-0.239	-0.30358769818	-0.30358769818
-0.238833333333	-0.326261706928	-0.326261706928
-0.238666666667	-0.346618544026	-0.346618544026
-0.2385	-0.364627727302	-0.364627727302
-0.238333333333	-0.380337062247	-0.380337062247
-0.238166666667	-0.393808840773	-0.393808840773
-0.238	-0.405186534409	-0.405186534409
-0.237833333333	-0.414518460402	-0.414518460402
-0.237666666667	-0.421890664229	-0.421890664229
-0.2375	-0.427455816679	-0.427455816679
-0.237333333333	-0.431239179883	-0.431239179883
-0.237166666667	-0.433323617174	-0.433323617174
-0.237	-0.433722887003	-0.433722887003
-0.236833333333	-0.432440640982	-0.432440640982
-0.236666666667	-0.429479945761	-0.429479945761
-0.2365	-0.424830749986	-0.424830749986
-0.236333333333	-0.418383026615	-0.418383026615
-0.236166666667	-0.41008565894	-0.41008565894
-0.236	-0.399869895726	-0.399869895726
-0.235833333333	-0.387627908837	-0.387627908837
-0.235666666667	-0.373252512905	-0.373252512905
-0.2355	-0.356654991501	-0.356654991501
-0.235333333333	-0.337784524261	-0.337784524261
-0.235166666667	-0.316601122583	-0.316601122583
-0.235	-0.293134576936	-0.293134576936
-0.234833333333	-0.267468132217	-0.267468132217
-0.234666666667	-0.239754633009	-0.239754633009
-0.2345	-0.210303866349	-0.210303866349
-0.234333333333	-0.179397888429	-0.179397888429
-0.234166666667	-0.147478381266	-0.147478381266
-0.234	-0.11499173122	-0.11499173122
-0.233833333333	-0.0540120429723	-0.0540120429723
-0.233666666667	0.0100001036808	0.0100001036808
-0.2335	0.0721028016494	0.0721028016494
-0.233333333333	0.131444191987	0.131444191987
-0.233166666667	0.187256710834	0.187256710834
-0.233	0.239070635772	0.239070635772
-0.232833333333	0.286494923637	0.286494923637
-0.232666666667	0.329313427554	0.329313427554
-0.2325	0.367440448235	0.367440448235
-0.232333333333	0.400930021893	0.400930021893
-0.232166666667	0.429906354823	0.429906354823
-0.232	0.454541723232	0.454541723232
-0.231833333333	0.475028388064	0.475028388064
-0.231666666667	0.491582306734	0.491582306734
-0.2315	0.504365545173	0.504365545173
-0.231333333333	0.513580882907	0.513580882907
-0.231166666667	0.519300676376	0.519300676376
-0.231	0.521668461925	0.521668461925
-0.230833333333	0.520681570503	0.520681570503
-0.230666666667	0.516368711788	0.516368711788
-0.2305	0.508625888412	0.508625888412
-0.230333333333	0.497422149161	0.497422149161
-0.230166666667	0.482577371664	0.482577371664
-0.23	0.463945881782	0.463945881782
-0.229833333333	0.441329289495	0.441329289495
-0.229666666667	0.414543093632	0.414543093632
-0.2295	0.383387019911	0.383387019911
-0.229333333333	0.347707990214	0.347707990214
-0.229166666667	0.307418423008	0.307418423008
-0.229	0.262532314354	0.262532314354
-0.228833333333	0.213194959573	0.213194959573
-0.228666666667	0.159612438447	0.159612438447
-0.2285	0.102248804579	0.102248804579
-0.228333333333	0.0417118218873	0.0417118218873
-0.228166666667	-0.0212147684922	-0.0212147684922
-0.228	-0.0856438406744	-0.0856438406744
-0.227833333333	-0.135298944062	-0.135298944062
-0.227666666667	-0.167447276905	-0.167447276905
-0.2275	-0.19883366408	-0.19883366408
-0.227333333333	-0.229012484504	-0.229012484504
-0.227166666667	-0.257583030918	-0.257583030918
-0.227	-0.284239856745	-0.284239856745
-0.226833333333	-0.308750650745	-0.308750650745
-0.226666666667	-0.330998560769	-0.330998560769
-0.2265	-0.350924960251	-0.350924960251
-0.226333333333	-0.368521517482	-0.368521517482
-0.226166666667	-0.383798834985	-0.383798834985
-0.226	-0.396885944694	-0.396885944694
-0.225833333333	-0.407875218384	-0.407875218384
-0.225666666667	-0.416823764445	-0.416823764445
-0.2255	-0.42387966398	-0.42387966398
-0.225333333333	-0.429104739738	-0.429104739738
-0.225166666667	-0.432561547976	-0.432561547976
-0.225	-0.434305453053	-0.434305453053
-0.224833333333	-0.434391918735	-0.434391918735
-0.224666666667	-0.432841373348	-0.432841373348
-0.2245	-0.429561217137	-0.429561217137
-0.224333333333	-0.424569438551	-0.424569438551
-0.224166666667	-0.417808194227	-0.417808194227
-0.224	-0.409145714322	-0.409145714322
-0.223833333333	-0.398558314863	-0.398558314863
-0.223666666667	-0.385918297281	-0.385918297281
-0.2235	-0.371143368823	-0.371143368823
-0.223333333333	-0.354147179738	-0.354147179738
-0.223166666667	-0.334842758047	-0.334842758047
-0.223	-0.313252137081	-0.313252137081
-0.222833333333	-0.28934761304	-0.28934761304
-0.222666666667	-0.263275686225	-0.263275686225
-0.2225	-0.235260577961	-0.235260577961
-0.222333333333	-0.2054978687	-0.2054978687
-0.222166666667	-0.174369046855	-0.174369046855
-0.222	-0.1422961912	-0.1422961912
-0.221833333333	-0.10774805189	-0.10774805189
-0.221666666667	-0.0428926579768	-0.0428926579768
-0.2215	0.0208408329161	0.0208408329161
-0.221333333333	0.082469118352	0.082469118352
-0.221166666667	0.141221756829	0.141221756829
-0.221	0.196362745143	0.196362745143
-0.220833333333	0.247398555296	0.247398555296
-0.220666666667	0.293959108637	0.293959108637
-0.2205	0.335921354844	0.335921354844
-0.220333333333	0.373153862695	0.373153862695
-0.220166666667	0.405832277621	0.405832277621
-0.22	0.433981701936	0.433981701936
-0.219833333333	0.457748656934	0.457748656934
-0.219666666667	0.47726989933	0.47726989933
-0.2195	0.492718496589	0.492718496589
-0.219333333333	0.504293423851	0.504293423851
-0.219166666667	0.512150920929	0.512150920929
-0.219	0.516401366146	0.516401366146
-0.218833333333	0.517139764667	0.517139764667
-0.218666666667	0.514372514541	0.514372514541
-0.2185	0.508124231337	0.508124231337
-0.218333333333	0.498312827442	0.498312827442
-0.218166666667	0.484853659983	0.484853659983
-0.218	0.467631893581	0.467631893581
-0.217833333333	0.446498497969	0.446498497969
-0.217666666667	0.421325624087	0.421325624087
-0.2175	0.392003337334	0.392003337334
-0.217333333333	0.358375148258	0.358375148258
-0.217166666667	0.320527764461	0.320527764461
-0.217	0.278445568681	0.278445568681
-0.216833333333	0.232371562072	0.232371562072
-0.216666666667	0.182588559392	0.182588559392
-0.2165	0.129583196361	0.129583196361
-0.216333333333	0.0739930065124	0.0739930065124
-0.216166666667	0.0165464613433	0.0165464613433
-0.216	-0.0419271057446	-0.0419271057446
-0.215833333333	-0.100507848695	-0.100507848695
-0.215666666667	-0.139465115119	-0.139465115119
-0.2155	-0.167510755461	-0.167510755461
-0.215333333333	-0.194339850083	-0.194339850083
-0.215166666667	-0.219646585072	-0.219646585072
-0.215	-0.243128632947	-0.243128632947
-0.214833333333	-0.264666730281	-0.264666730281
-0.214666666667	-0.284074791945	-0.284074791945
-0.2145	-0.30133637903	-0.30133637903
-0.214333333333	-0.316397464566	-0.316397464566
-0.214166666667	-0.32930201643	-0.32930201643
-0.214	-0.340144738831	-0.340144738831
-0.213833333333	-0.348903419265	-0.348903419265
-0.213666666667	-0.355726423255	-0.355726423255
-0.2135	-0.360635401384	-0.360635401384
-0.213333333333	-0.363764394245	-0.363764394245
-0.213166666667	-0.365135049193	-0.365135049193
-0.213	-0.364804802517	-0.364804802517
-0.212833333333	-0.362815777551	-0.362815777551
-0.212666666667	-0.359213029032	-0.359213029032
-0.2125	-0.354108421263	-0.354108421263
-0.212333333333	-0.347398714978	-0.347398714978
-0.212166666667	-0.33923502095	-0.33923502095
-0.212	-0.329647602819	-0.329647602819
-0.211833333333	-0.318676264191	-0.318676264191
-0.211666666667	-0.306434710204	-0.306434710204
-0.2115	-0.292944982778	-0.292944982778
-0.211333333333	-0.278372012696	-0.278372012696
-0.211166666667	-0.262818292463	-0.262818292463
-0.211	-0.246498838063	-0.246498838063
-0.210833333333	-0.229541123177	-0.229541123177
-0.210666666667	-0.212114555018	-0.212114555018
-0.2105	-0.194488953838	-0.194488953838
-0.210333333333	-0.176847469079	-0.176847469079
-0.210166666667	-0.159374975894	-0.159374975894
-0.21	-0.142293548181	-0.142293548181
-0.209833333333	-0.125781344066	-0.125781344066
-0.209666666667	-0.106235693218	-0.106235693218
-0.2095	-0.0765667839608	-0.0765667839608
-0.209333333333	-0.0489376203461	-0.0489376203461
-0.209166666667	-0.0235594490897	-0.0235594490897
-0.209	-0.000567282531409	-0.000567282531409
-0.208833333333	0.0199572849373	0.0199572849373
-0.208666666667	0.0379208812378	0.0379208812378
-0.2085	0.0532783528472	0.0532783528472
-0.208333333333	0.0661055692812	0.0661055692812
-0.208166666667	0.0763823811499	0.0763823811499
-0.208	0.0842006949418	0.0842006949418
-0.207833333333	0.0896362283733	0.0896362283733
-0.207666666667	0.0927559421243	0.0927559421243
-0.2075	0.0937592044274	0.0937592044274
-0.207333333333	0.0926596106297	0.0926596106297
-0.207166666667	0.0896995772048	0.0896995772048
-0.207	0.0850107343325	0.0850107343325
-0.206833333333	0.0786968315499	0.0786968315499
-0.206666666667	0.0709671423524	0.0709671423524
-0.2065	0.0620414730436	0.0620414730436
-0.206333333333	0.0520191539622	0.0520191539622
-0.206166666667	0.0411407152154	0.0411407152154
-0.206	0.0295907817973	0.0295907817973
-0.205833333333	0.0175133980969	0.0175133980969
-0.205666666667	0.00515794779853	0.00515794779853
-0.2055	-0.00734432313095	-0.00734432313095
-0.205333333333	-0.0197917837876	-0.0197917837876
-0.205166666667	-0.0320493406678	-0.0320493406678
-0.205	-0.0439225647	-0.0439225647
-0.204833333333	-0.0553256068559	-0.0553256068559
-0.204666666667	-0.0661168947907	-0.0661168947907
-0.2045	-0.0761863965045	-0.0761863965045
-0.204333333333	-0.0854755314692	-0.0854755314692
-0.204166666667	-0.0939076722088	-0.0939076722088
-0.204	-0.101489722659	-0.101489722659
-0.203833333333	-0.108080242928	-0.108080242928
-0.203666666667	-0.113768042538	-0.113768042538
-0.2035	-0.116537095035	-0.116537095035
-0.203333333333	-0.118441696514	-0.118441696514
-0.203166666667	-0.119892143876	-0.119892143876
-0.203	-0.120937052992	-0.120937052992
-0.202833333333	-0.121613659712	-0.121613659712
-0.202666666667	-0.121977878251	-0.121977878251
-0.2025	-0.122017693834	-0.122017693834
-0.202333333333	-0.121779635033	-0.121779635033
-0.202166666667	-0.12134520352	-0.12134520352
-0.202	-0.120718613615	-0.120718613615
-0.201833333333	-0.119980781765	-0.119980781765
-0.201666666667	-0.119123158032	-0.119123158032
-0.2015	-0.118236707356	-0.118236707356
-0.201333333333	-0.117343889775	-0.117343889775
-0.201166666667	-0.1164728594	-0.1164728594
-0.201	-0.115670242972	-0.115670242972
-0.200833333333	-0.114939939476	-0.114939939476
-0.200666666667	-0.11431312038	-0.11431312038
-0.2005	-0.113766050408	-0.113766050408
-0.200333333333	-0.113402058724	-0.113402058724
-0.200166666667	-0.113141248521	-0.113141248521
-0.2	-0.113009577176	-0.113009577176
-0.199833333333	-0.112937582717	-0.112937582717
-0.199666666667	-0.112896271572	-0.112896271572
-0.1995	-0.112821906908	-0.112821906908
-0.199333333333	-0.112734524529	-0.112734524529
-0.199166666667	-0.112679548798	-0.112679548798
-0.199	-0.112627133169	-0.112627133169
-0.198833333333	-0.112550696369	-0.112550696369
-0.198666666667	-0.112481484751	-0.112481484751
-0.1985	-0.112409116914	-0.112409116914
-0.198333333333	-0.112336603148	-0.112336603148
-0.198166666667	-0.112279574625	-0.112279574625
-0.198	-0.112215614262	-0.112215614262
-0.197833333333	-0.112127831733	-0.112127831733
-0.197666666667	-0.112053986111	-0.112053986111
-0.1975	-0.112021510513	-0.112021510513
-0.197333333333	-0.111930371853	-0.111930371853
-0.197166666667	-0.111843903421	-0.111843903421
-0.197	-0.111809179488	-0.111809179488
-0.196833333333	-0.111731550917	-0.111731550917
-0.196666666667	-0.111671191624	-0.111671191624
-0.1965	-0.111577097266	-0.111577097266
-0.196333333333	-0.111515093586	-0.111515093586
-0.196166666667	-0.111445590108	-0.111445590108
-0.196	-0.111388373734	-0.111388373734
-0.195833333333	-0.111321205739	-0.111321205739
-0.195666666667	-0.111253416783	-0.111253416783
-0.1955	-0.111177581102	-0.111177581102
-0.195333333333	-0.111127335256	-0.111127335256
-0.195166666667	-0.111023734045	-0.111023734045
-0.195	-0.110991731815	-0.110991731815
-0.194833333333	-0.110889997926	-0.110889997926
-0.194666666667	-0.110853546719	-0.110853546719
-0.1945	-0.110766752007	-0.110766752007
-0.194333333333	-0.110731098251	-0.110731098251
-0.194166666667	-0.110634379484	-0.110634379484
-0.194	-0.110571981523	-0.110571981523
-0.193833333333	-0.1105049257	-0.1105049257
-0.193666666667	-0.110432091991	-0.110432091991
-0.1935	-0.110360010146	-0.110360010146
-0.193333333333	-0.1102970615	-0.1102970615
-0.193166666667	-0.110234502964	-0.110234502964
-0.193	-0.110173291654	-0.110173291654
-0.192833333333	-0.110095496986	-0.110095496986
-0.192666666667	-0.110006484624	-0.110006484624
-0.1925	-0.109956790659	-0.109956790659
-0.192333333333	-0.109887004293	-0.109887004293
-0.192166666667	-0.109832174249	-0.109832174249
-0.192	-0.109761570708	-0.109761570708
-0.191833333333	-0.109679357083	-0.109679357083
-0.191666666667	-0.109630469877	-0.109630469877
-0.1915	-0.109555477374	-0.109555477374
-0.191333333333	-0.109478280418	-0.109478280418
-0.191166666667	-0.109420758799	-0.109420758799
-0.191	-0.109356469441	-0.109356469441
-0.190833333333	-0.109287969402	-0.109287969402
-0.190666666667	-0.109237262118	-0.109237262118
-0.1905	-0.109159569978	-0.109159569978
-0.190333333333	-0.109092174947	-0.109092174947
-0.190166666667	-0.109023885183	-0.109023885183
-0.19	-0.108946792611	-0.108946792611
-0.189833333333	-0.10887282288	-0.10887282288
-0.189666666667	-0.108817585585	-0.108817585585
-0.1895	-0.108772505447	-0.108772505447
-0.189333333333	-0.108684247648	-0.108684247648
-0.189166666667	-0.108619234273	-0.108619234273
-0.189	-0.108537216902	-0.108537216902
-0.188833333333	-0.108476148534	-0.108476148534
-0.188666666667	-0.108411053676	-0.108411053676
-0.1885	-0.108349502407	-0.108349502407
-0.188333333333	-0.108291095082	-0.108291095082
-0.188166666667	-0.108203892127	-0.108203892127
-0.188	-0.108139819775	-0.108139819775
-0.187833333333	-0.108084181322	-0.108084181322
-0.187666666667	-0.10802538411	-0.10802538411
-0.1875	-0.107942192516	-0.107942192516
-0.187333333333	-0.107876691878	-0.107876691878
-0.187166666667	-0.107806859078	-0.107806859078
-0.187	-0.107733405056	-0.107733405056
-0.186833333333	-0.107672888619	-0.107672888619
-0.186666666667	-0.107619182452	-0.107619182452
-0.1865	-0.107553712557	-0.107553712557
-0.186333333333	-0.107463083427	-0.107463083427
-0.186166666667	-0.107395819516	-0.107395819516
-0.186	-0.107342175209	-0.107342175209
-0.185833333333	-0.107293137403	-0.107293137403
-0.185666666667	-0.107211840121	-0.107211840121
-0.1855	-0.107132618825	-0.107132618825
-0.185333333333	-0.107078959278	-0.107078959278
-0.185166666667	-0.107018678085	-0.107018678085
-0.185	-0.106951323769	-0.106951323769
-0.184833333333	-0.106882945857	-0.106882945857
-0.184666666667	-0.106808237612	-0.106808237612
-0.1845	-0.106737642897	-0.106737642897
-0.184333333333	-0.106694700604	-0.106694700604
-0.184166666667	-0.106606270659	-0.106606270659
-0.184	-0.106547414137	-0.106547414137
-0.183833333333	-0.106469033509	-0.106469033509
-0.183666666667	-0.106404259194	-0.106404259194
-0.1835	-0.106333450288	-0.106333450288
-0.183333333333	-0.106277741639	-0.106277741639
-0.183166666667	-0.106197552855	-0.106197552855
-0.183	-0.106142647027	-0.106142647027
-0.182833333333	-0.106058314777	-0.106058314777
-0.182666666667	-0.106011587772	-0.106011587772
-0.1825	-0.10595154443	-0.10595154443
-0.182333333333	-0.10587412023	-0.10587412023
-0.182166666667	-0.105819883903	-0.105819883903
-0.182	-0.105729350134	-0.105729350134
-0.181833333333	-0.105660677202	-0.105660677202
-0.181666666667	-0.1056047292	-0.1056047292
-0.1815	-0.105543953369	-0.105543953369
-0.181333333333	-0.105474634396	-0.105474634396
-0.181166666667	-0.105409000922	-0.105409000922
-0.181	-0.105358411954	-0.105358411954
-0.180833333333	-0.105282824559	-0.105282824559
-0.180666666667	-0.105217047321	-0.105217047321
-0.1805	-0.105152561447	-0.105152561447
-0.180333333333	-0.105085203537	-0.105085203537
-0.180166666667	-0.105003486962	-0.105003486962
-0.18	-0.10495112113	-0.10495112113
-0.179833333333	-0.104901800437	-0.104901800437
-0.179666666667	-0.104825745909	-0.104825745909
-0.1795	-0.104755703931	-0.104755703931
-0.179333333333	-0.104688516689	-0.104688516689
-0.179166666667	-0.104626308567	-0.104626308567
-0.179	-0.104562679614	-0.104562679614
-0.178833333333	-0.104495540192	-0.104495540192
-0.178666666667	-0.104419855009	-0.104419855009
-0.1785	-0.104356859667	-0.104356859667
-0.178333333333	-0.104294985758	-0.104294985758
-0.178166666667	-0.104222378667	-0.104222378667
-0.178	-0.104162711803	-0.104162711803
-0.177833333333	-0.104095959364	-0.104095959364
-0.177666666667	-0.104027554564	-0.104027554564
-0.1775	-0.103973294788	-0.103973294788
-0.177333333333	-0.103889637119	-0.103889637119
-0.177166666667	-0.10385025095	-0.10385025095
-0.177	-0.103759558981	-0.103759558981
-0.176833333333	-0.103690884457	-0.103690884457
-0.176666666667	-0.103644843145	-0.103644843145
-0.1765	-0.103560007592	-0.103560007592
-0.176333333333	-0.103501485466	-0.103501485466
-0.176166666667	-0.103416480313	-0.103416480313
-0.176	-0.103385999151	-0.103385999151
-0.175833333333	-0.103311199966	-0.103311199966
-0.175666666667	-0.103230761857	-0.103230761857
-0.1755	-0.103162109875	-0.103162109875
-0.175333333333	-0.103118777326	-0.103118777326
-0.175166666667	-0.10304174414	-0.10304174414
-0.175	-0.102970990249	-0.102970990249
-0.174833333333	-0.102929406534	-0.102929406534
-0.174666666667	-0.102853861575	-0.102853861575
-0.1745	-0.102789124546	-0.102789124546
-0.174333333333	-0.102724732888	-0.102724732888
-0.174166666667	-0.102641851061	-0.102641851061
-0.174	-0.10258104666	-0.10258104666
-0.173833333333	-0.102518113164	-0.102518113164
-0.173666666667	-0.102458450842	-0.102458450842
-0.1735	-0.10238340955	-0.10238340955
-0.173333333333	-0.102317984589	-0.102317984589
-0.173166666667	-0.102269795487	-0.102269795487
-0.173	-0.102176391242	-0.102176391242
-0.172833333333	-0.102122016463	-0.102122016463
-0.172666666667	-0.102058327272	-0.102058327272
-0.1725	-0.102009007939	-0.102009007939
-0.172333333333	-0.101920663788	-0.101920663788
-0.172166666667	-0.101855923255	-0.101855923255
-0.172	-0.101806469383	-0.101806469383
-0.171833333333	-0.101738912017	-0.101738912017
-0.171666666667	-0.101681404505	-0.101681404505
-0.1715	-0.101611442972	-0.101611442972
-0.171333333333	-0.101547434659	-0.101547434659
-0.171166666667	-0.101484657795	-0.101484657795
-0.171	-0.101411657939	-0.101411657939
-0.170833333333	-0.101344252751	-0.101344252751
-0.170666666667	-0.101293949873	-0.101293949873
-0.1705	-0.101210176427	-0.101210176427
-0.170333333333	-0.101150648475	-0.101150648475
-0.170166666667	-0.101094546038	-0.101094546038
-0.17	-0.101032347986	-0.101032347986
-0.169833333333	-0.100943672936	-0.100943672936
-0.169666666667	-0.100889890961	-0.100889890961
-0.1695	-0.100827111997	-0.100827111997
-0.169333333333	-0.100755000274	-0.100755000274
-0.169166666667	-0.100684135425	-0.100684135425
-0.169	-0.100635321923	-0.100635321923
-0.168833333333	-0.100579987019	-0.100579987019
-0.168666666667	-0.100514923177	-0.100514923177
-0.1685	-0.100445696818	-0.100445696818
-0.168333333333	-0.100375161639	-0.100375161639
-0.168166666667	-0.100315236891	-0.100315236891
-0.168	-0.100249928669	-0.100249928669
-0.167833333333	-0.1001720968	-0.1001720968
-0.167666666667	-0.100118931113	-0.100118931113
-0.1675	-0.100057473605	-0.100057473605
-0.167333333333	-0.0999792247374	-0.0999792247374
-0.167166666667	-0.0999238810675	-0.0999238810675
-0.167	-0.0998436482797	-0.0998436482797
-0.166833333333	-0.0997830398888	-0.0997830398888
-0.166666666667	-0.0997218833179	-0.0997218833179
-0.1665	-0.0996607497474	-0.0996607497474
-0.166333333333	-0.0996145024653	-0.0996145024653
-0.166166666667	-0.0995369889812	-0.0995369889812
-0.166	-0.0994748534874	-0.0994748534874
-0.165833333333	-0.0994036569722	-0.0994036569722
-0.165666666667	-0.0993527003735	-0.0993527003735
-0.1655	-0.0992770371203	-0.0992770371203
-0.165333333333	-0.0992187364876	-0.0992187364876
-0.165166666667	-0.0991406708236	-0.0991406708236
-0.165	-0.0990954955594	-0.0990954955594
-0.164833333333	-0.0990239934292	-0.0990239934292
-0.164666666667	-0.0989737196784	-0.0989737196784
-0.1645	-0.0989012140266	-0.0989012140266
-0.164333333333	-0.0988344189601	-0.0988344189601
-0.164166666667	-0.0987493597107	-0.0987493597107
-0.164	-0.0986927274483	-0.0986927274483
-0.163833333333	-0.0986441117931	-0.0986441117931
-0.163666666667	-0.0985735587847	-0.0985735587847
-0.1635	-0.098505928791	-0.098505928791
-0.163333333333	-0.0984454468789	-0.0984454468789
-0.163166666667	-0.0983830396874	-0.0983830396874
-0.163	-0.0982989086548	-0.0982989086548
-0.162833333333	-0.0982495687561	-0.0982495687561
-0.162666666667	-0.0981821222277	-0.0981821222277
-0.1625	-0.0981441179157	-0.0981441179157
-0.162333333333	-0.0980531320689	-0.0980531320689
-0.162166666667	-0.097995115826	-0.097995115826
-0.162	-0.0979204259258	-0.0979204259258
-0.161833333333	-0.0978692003751	-0.0978692003751
-0.161666666667	-0.0977882363039	-0.0977882363039
-0.1615	-0.0977280077307	-0.0977280077307
-0.161333333333	-0.0976746026507	-0.0976746026507
-0.161166666667	-0.0976037454683	-0.0976037454683
-0.161	-0.0975504612946	-0.0975504612946
-0.160833333333	-0.0974811978788	-0.0974811978788
-0.160666666667	-0.0974173481417	-0.0974173481417
-0.1605	-0.0973670996532	-0.0973670996532
-0.160333333333	-0.0973020770802	-0.0973020770802
-0.160166666667	-0.0972220301195	-0.0972220301195
-0.16	-0.0971652396105	-0.0971652396105
-0.159833333333	-0.097103967785	-0.097103967785
-0.159666666667	-0.0970553445226	-0.0970553445226
-0.1595	-0.0969619397422	-0.0969619397422
-0.159333333333	-0.0969242313526	-0.0969242313526
-0.159166666667	-0.0968242275363	-0.0968242275363
-0.159	-0.0967780984346	-0.0967780984346
-0.158833333333	-0.0967087584797	-0.0967087584797
-0.158666666667	-0.096651578674	-0.096651578674
-0.1585	-0.0965882084263	-0.0965882084263
-0.158333333333	-0.0965241683181	-0.0965241683181
-0.158166666667	-0.0964854363472	-0.0964854363472
-0.158	-0.0964093845258	-0.0964093845258
-0.157833333333	-0.0963502572848	-0.0963502572848
-0.157666666667	-0.0962776157041	-0.0962776157041
-0.1575	-0.0962105056971	-0.0962105056971
-0.157333333333	-0.0961619043239	-0.0961619043239
-0.157166666667	-0.0960845500614	-0.0960845500614
-0.157	-0.0960178171013	-0.0960178171013
-0.156833333333	-0.095956811812	-0.095956811812
-0.156666666667	-0.0959032981088	-0.0959032981088
-0.1565	-0.0958276990631	-0.0958276990631
-0.156333333333	-0.0957768146814	-0.0957768146814
-0.156166666667	-0.0956846378016	-0.0956846378016
-0.156	-0.0956571088557	-0.0956571088557
-0.155833333333	-0.0955875576216	-0.0955875576216
-0.155666666667	-0.0955262767895	-0.0955262767895
-0.1555	-0.0954411481318	-0.0954411481318
-0.155333333333	-0.0953901770871	-0.0953901770871
-0.155166666667	-0.095332101164	-0.095332101164
-0.155	-0.0952519859607	-0.0952519859607
-0.154833333333	-0.0951957443506	-0.0951957443506
-0.154666666667	-0.0951479526565	-0.0951479526565
-0.1545	-0.0950763938369	-0.0950763938369
-0.154333333333	-0.0950101009433	-0.0950101009433
-0.154166666667	-0.0949572357734	-0.0949572357734
-0.154	-0.094881365552	-0.094881365552
-0.153833333333	-0.0948123966866	-0.0948123966866
-0.153666666667	-0.0947627769124	-0.0947627769124
-0.1535	-0.0946928238556	-0.0946928238556
-0.153333333333	-0.0946302508855	-0.0946302508855
-0.153166666667	-0.0945903425144	-0.0945903425144
-0.153	-0.0945186436127	-0.0945186436127
-0.152833333333	-0.0944601925044	-0.0944601925044
-0.152666666667	-0.0943770344651	-0.0943770344651
-0.1525	-0.09431068665	-0.09431068665
-0.152333333333	-0.0942544721604	-0.0942544721604
-0.152166666667	-0.0941974914205	-0.0941974914205
-0.152	-0.0941400527953	-0.0941400527953
-0.151833333333	-0.0940733200878	-0.0940733200878
-0.151666666667	-0.093993929627	-0.093993929627
-0.1515	-0.0939494286179	-0.0939494286179
-0.151333333333	-0.0938836948066	-0.0938836948066
-0.151166666667	-0.093818456867	-0.093818456867
-0.151	-0.0937621721677	-0.0937621721677
-0.150833333333	-0.0937165233697	-0.0937165233697
-0.150666666667	-0.0936348592384	-0.0936348592384
-0.1505	-0.0935863084445	-0.0935863084445
-0.150333333333	-0.093498895949	-0.093498895949
-0.150166666667	-0.0934368936833	-0.0934368936833
-0.15	-0.0933883477217	-0.0933883477217
-0.149833333333	-0.0933099069793	-0.0933099069793
-0.149666666667	-0.0932604402326	-0.0932604402326
-0.1495	-0.0931949970116	-0.0931949970116
-0.149333333333	-0.0931184990543	-0.0931184990543
-0.149166666667	-0.0930529042134	-0.0930529042134
-0.149	-0.0930081334685	-0.0930081334685
-0.148833333333	-0.0929530111502	-0.0929530111502
-0.148666666667	-0.0928675707741	-0.0928675707741
-0.1485	-0.0928367281378	-0.0928367281378
-0.148333333333	-0.0927591045911	-0.0927591045911
-0.148166666667	-0.0926770230591	-0.0926770230591
-0.148	-0.092632981773	-0.092632981773
-0.147833333333	-0.0925871989248	-0.0925871989248
-0.147666666667	-0.0925072163331	-0.0925072163331
-0.1475	-0.0924440335269	-0.0924440335269
-0.147333333333	-0.0923703396229	-0.0923703396229
-0.147166666667	-0.0923283975964	-0.0923283975964
-0.147	-0.0922775613899	-0.0922775613899
-0.146833333333	-0.092207269393	-0.092207269393
-0.146666666667	-0.0921252722701	-0.0921252722701
-0.1465	-0.0920875268214	-0.0920875268214
-0.146333333333	-0.0920139513779	-0.0920139513779
-0.146166666667	-0.0919475995713	-0.0919475995713
-0.146	-0.0918829829697	-0.0918829829697
-0.145833333333	-0.0918291866492	-0.0918291866492
-0.145666666667	-0.0917651694972	-0.0917651694972
-0.1455	-0.0917156510852	-0.0917156510852
-0.145333333333	-0.0916405910702	-0.0916405910702
-0.145166666667	-0.0915823788516	-0.0915823788516
-0.145	-0.0915336205684	-0.0915336205684
-0.144833333333	-0.0914617287801	-0.0914617287801
-0.144666666667	-0.0913979076828	-0.0913979076828
-0.1445	-0.0913193769961	-0.0913193769961
-0.144333333333	-0.0912616893824	-0.0912616893824
-0.144166666667	-0.0912257466486	-0.0912257466486
-0.144	-0.0911502444282	-0.0911502444282
-0.143833333333	-0.0910963281987	-0.0910963281987
-0.143666666667	-0.0910301761244	-0.0910301761244
-0.1435	-0.0909643260851	-0.0909643260851
-0.143333333333	-0.090914302859	-0.090914302859
-0.143166666667	-0.0908203111259	-0.0908203111259
-0.143	-0.0907788568834	-0.0907788568834
-0.142833333333	-0.0907151179143	-0.0907151179143
-0.142666666667	-0.090654239921	-0.090654239921
-0.1425	-0.0905853860534	-0.0905853860534
-0.142333333333	-0.0905437822729	-0.0905437822729
-0.142166666667	-0.0904681501168	-0.0904681501168
-0.142	-0.0904078442459	-0.0904078442459
-0.141833333333	-0.0903477078495	-0.0903477078495
-0.141666666667	-0.0902821905146	-0.0902821905146
-0.1415	-0.0902271088876	-0.0902271088876
-0.141333333333	-0.0901641558905	-0.0901641558905
-0.141166666667	-0.0901161710937	-0.0901161710937
-0.141	-0.0900385708933	-0.0900385708933
-0.140833333333	-0.0899769393397	-0.0899769393397
-0.140666666667	-0.0899247497668	-0.0899247497668
-0.1405	-0.0898672745717	-0.0898672745717
-0.140333333333	-0.0897958165131	-0.0897958165131
-0.140166666667	-0.0897315002525	-0.0897315002525
-0.14	-0.0896666608477	-0.0896666608477
-0.139833333333	-0.0896208268833	-0.0896208268833
-0.139666666667	-0.089544078872	-0.089544078872
-0.1395	-0.089486066139	-0.089486066139
-0.139333333333	-0.0894317603266	-0.0894317603266
-0.139166666667	-0.089371553071	-0.089371553071
-0.139	-0.0892947376863	-0.0892947376863
-0.138833333333	-0.0892225764169	-0.0892225764169
-0.138666666667	-0.089177100839	-0.089177100839
-0.1385	-0.0891173677817	-0.0891173677817
-0.138333333333	-0.0890811268681	-0.0890811268681
-0.138166666667	-0.0889945277369	-0.0889945277369
-0.138	-0.0889449184215	-0.0889449184215
-0.137833333333	-0.0888779563138	-0.0888779563138
-0.137666666667	-0.0888282532639	-0.0888282532639
-0.1375	-0.0887467459549	-0.0887467459549
-0.137333333333	-0.0886599509543	-0.0886599509543
-0.137166666667	-0.0886374092785	-0.0886374092785
-0.137	-0.0885800427817	-0.0885800427817
-0.136833333333	-0.0885061487986	-0.0885061487986
-0.136666666667	-0.0884650797497	-0.0884650797497
-0.1365	-0.0883953257296	-0.0883953257296
-0.136333333333	-0.0883217977624	-0.0883217977624
-0.136166666667	-0.0882856344063	-0.0882856344063
-0.136	-0.08820972423	-0.08820972423
-0.135833333333	-0.0881572875776	-0.0881572875776
-0.135666666667	-0.0880937593209	-0.0880937593209
-0.1355	-0.0880381994305	-0.0880381994305
-0.135333333333	-0.0879675888336	-0.0879675888336
-0.135166666667	-0.0879056289082	-0.0879056289082
-0.135	-0.0878605408532	-0.0878605408532
-0.134833333333	-0.0878001508055	-0.0878001508055
-0.134666666667	-0.0877328653677	-0.0877328653677
-0.1345	-0.0876580093655	-0.0876580093655
-0.134333333333	-0.0875960421543	-0.0875960421543
-0.134166666667	-0.0875515666673	-0.0875515666673
-0.134	-0.0874548556625	-0.0874548556625
-0.133833333333	-0.0874339230076	-0.0874339230076
-0.133666666667	-0.0873442047293	-0.0873442047293
-0.1335	-0.0873143640009	-0.0873143640009
-0.133333333333	-0.0872395716371	-0.0872395716371
-0.133166666667	-0.0871811027842	-0.0871811027842
-0.133	-0.0871169913472	-0.0871169913472
-0.132833333333	-0.0870640442695	-0.0870640442695
-0.132666666667	-0.0870002606307	-0.0870002606307
-0.1325	-0.0869418121524	-0.0869418121524
-0.132333333333	-0.0868854014884	-0.0868854014884
-0.132166666667	-0.0868280048191	-0.0868280048191
-0.132	-0.0867699886903	-0.0867699886903
-0.131833333333	-0.0866989984356	-0.0866989984356
-0.131666666667	-0.0866435824153	-0.0866435824153
-0.1315	-0.0865816195814	-0.0865816195814
-0.131333333333	-0.086536683001	-0.086536683001
-0.131166666667	-0.0864718102375	-0.0864718102375
-0.131	-0.0864143125206	-0.0864143125206
-0.130833333333	-0.086351415443	-0.086351415443
-0.130666666667	-0.0862629605981	-0.0862629605981
-0.1305	-0.0862141303615	-0.0862141303615
-0.130333333333	-0.0861601294169	-0.0861601294169
-0.130166666667	-0.086096919713	-0.086096919713
-0.13	-0.0860437320421	-0.0860437320421
-0.129833333333	-0.0859718215021	-0.0859718215021
-0.129666666667	-0.0859110427001	-0.0859110427001
-0.1295	-0.0858699314609	-0.0858699314609
-0.129333333333	-0.0858034521638	-0.0858034521638
-0.129166666667	-0.0857410802918	-0.0857410802918
-0.129	-0.085681583265	-0.085681583265
-0.128833333333	-0.0856235971922	-0.0856235971922
-0.128666666667	-0.0855578926848	-0.0855578926848
-0.1285	-0.0855087730575	-0.0855087730575
-0.128333333333	-0.0854202127124	-0.0854202127124
-0.128166666667	-0.0853797990671	-0.0853797990671
-0.128	-0.08533338412	-0.08533338412
-0.127833333333	-0.0852593364966	-0.0852593364966
-0.127666666667	-0.0851975685048	-0.0851975685048
-0.1275	-0.0851638120078	-0.0851638120078
-0.127333333333	-0.0850751196001	-0.0850751196001
-0.127166666667	-0.0850256979845	-0.0850256979845
-0.127	-0.0849594168034	-0.0849594168034
-0.126833333333	-0.0849183236883	-0.0849183236883
-0.126666666667	-0.0848426759904	-0.0848426759904
-0.1265	-0.0847803851305	-0.0847803851305
-0.126333333333	-0.0847356344762	-0.0847356344762
-0.126166666667	-0.0846659161329	-0.0846659161329
-0.126	-0.0846007391233	-0.0846007391233
-0.125833333333	-0.0845441088508	-0.0845441088508
-0.125666666667	-0.0844892626372	-0.0844892626372
-0.1255	-0.0844184161124	-0.0844184161124
-0.125333333333	-0.0843617486701	-0.0843617486701
-0.125166666667	-0.0843130498035	-0.0843130498035
-0.125	-0.0842720512441	-0.0842720512441
-0.124833333333	-0.0841918987155	-0.0841918987155
-0.124666666667	-0.0841239188822	-0.0841239188822
-0.1245	-0.0840737018796	-0.0840737018796
-0.124333333333	-0.0840162609461	-0.0840162609461
-0.124166666667	-0.0839867113159	-0.0839867113159
-0.124	-0.0839053131963	-0.0839053131963
-0.123833333333	-0.0838287221902	-0.0838287221902
-0.123666666667	-0.0837788876575	-0.0837788876575
-0.1235	-0.0837186431644	-0.0837186431644
-0.123333333333	-0.0836574782459	-0.0836574782459
-0.123166666667	-0.0835848313712	-0.0835848313712
-0.123	-0.0835304018054	-0.0835304018054
-0.122833333333	-0.0835022100695	-0.0835022100695
-0.122666666667	-0.0834181709582	-0.0834181709582
-0.1225	-0.0833694585301	-0.0833694585301
-0.122333333333	-0.0833015627779	-0.0833015627779
-0.122166666667	-0.0832556782927	-0.0832556782927
-0.122	-0.0831978378209	-0.0831978378209
-0.121833333333	-0.0831402927366	-0.0831402927366
-0.121666666667	-0.083065371842	-0.083065371842
-0.1215	-0.08300367529	-0.08300367529
-0.121333333333	-0.0829495151727	-0.0829495151727
-0.121166666667	-0.0828832111955	-0.0828832111955
-0.121	-0.0828318305823	-0.0828318305823
-0.120833333333	-0.0827874049055	-0.0827874049055
-0.120666666667	-0.0827166673666	-0.0827166673666
-0.1205	-0.0826696332766	-0.0826696332766
-0.120333333333	-0.0826000474184	-0.0826000474184
-0.120166666667	-0.0825573774332	-0.0825573774332
-0.12	-0.0824770705181	-0.0824770705181
-0.119833333333	-0.0824207491201	-0.0824207491201
-0.119666666667	-0.0823956027834	-0.0823956027834
-0.1195	-0.0822943842548	-0.0822943842548
-0.119333333333	-0.0822430000803	-0.0822430000803
-0.119166666667	-0.0821945075445	-0.0821945075445
-0.119	-0.0821231254249	-0.0821231254249
-0.118833333333	-0.082065552035	-0.082065552035
-0.118666666667	-0.0820181124926	-0.0820181124926
-0.1185	-0.081943428693	-0.081943428693
-0.118333333333	-0.0818863872849	-0.0818863872849
-0.118166666667	-0.0818302528377	-0.0818302528377
-0.118	-0.0817853392863	-0.0817853392863
-0.117833333333	-0.0817288314738	-0.0817288314738
-0.117666666667	-0.0816692738272	-0.0816692738272
-0.1175	-0.0816013454951	-0.0816013454951
-0.117333333333	-0.0815557655324	-0.0815557655324
-0.117166666667	-0.0814816125319	-0.0814816125319
-0.117	-0.0814306682441	-0.0814306682441
-0.116833333333	-0.0813672339559	-0.0813672339559
-0.116666666667	-0.081311754064	-0.081311754064
-0.1165	-0.0812556806274	-0.0812556806274
-0.116333333333	-0.0812105314968	-0.0812105314968
-0.116166666667	-0.0811331851131	-0.0811331851131
-0.116	-0.0810647263213	-0.0810647263213
-0.115833333333	-0.0810391199197	-0.0810391199197
-0.115666666667	-0.080968635296	-0.080968635296
-0.1155	-0.0808846283479	-0.0808846283479
-0.115333333333	-0.0808386296077	-0.0808386296077
-0.115166666667	-0.0807907981392	-0.0807907981392
-0.115	-0.080737457083	-0.080737457083
-0.114833333333	-0.0806701929981	-0.0806701929981
-0.114666666667	-0.0806131075816	-0.0806131075816
-0.1145	-0.0805728873808	-0.0805728873808
-0.114333333333	-0.0805072971144	-0.0805072971144
-0.114166666667	-0.080430527106	-0.080430527106
-0.114	-0.0803940894354	-0.0803940894354
-0.113833333333	-0.0803137689686	-0.0803137689686
-0.113666666667	-0.0802949918798	-0.0802949918798
-0.1135	-0.080210547766	-0.080210547766
-0.113333333333	-0.0801567825093	-0.0801567825093
-0.113166666667	-0.0801078745601	-0.0801078745601
-0.113	-0.0800427239272	-0.0800427239272
-0.112833333333	-0.0799719124904	-0.0799719124904
-0.112666666667	-0.0799286873431	-0.0799286873431
-0.1125	-0.0798510222102	-0.0798510222102
-0.112333333333	-0.079808177758	-0.079808177758
-0.112166666667	-0.0797623195107	-0.0797623195107
-0.112	-0.0796780633846	-0.0796780633846
-0.111833333333	-0.0796495073755	-0.0796495073755
-0.111666666667	-0.0795642014596	-0.0795642014596
-0.1115	-0.0795024051875	-0.0795024051875
-0.111333333333	-0.0794560308206	-0.0794560308206
-0.111166666667	-0.079407844403	-0.079407844403
-0.111	-0.079357408212	-0.079357408212
-0.110833333333	-0.0793026366605	-0.0793026366605
-0.110666666667	-0.0792211214854	-0.0792211214854
-0.1105	-0.0791861383497	-0.0791861383497
-0.110333333333	-0.0790998806301	-0.0790998806301
-0.110166666667	-0.0790421004229	-0.0790421004229
-0.11	-0.0789938882937	-0.0789938882937
-0.109833333333	-0.0789325857116	-0.0789325857116
-0.109666666667	-0.0789039363108	-0.0789039363108
-0.1095	-0.0788189513	-0.0788189513
-0.109333333333	-0.0787692379204	-0.0787692379204
-0.109166666667	-0.0787014583956	-0.0787014583956
-0.109	-0.0786504905913	-0.0786504905913
-0.108833333333	-0.078590223993	-0.078590223993
-0.108666666667	-0.0785422940521	-0.0785422940521
-0.1085	-0.0784973145259	-0.0784973145259
-0.108333333333	-0.0784234416785	-0.0784234416785
-0.108166666667	-0.0783853706089	-0.0783853706089
-0.108	-0.0783263679761	-0.0783263679761
-0.107833333333	-0.078273176765	-0.078273176765
-0.107666666667	-0.0782056696771	-0.0782056696771
-0.1075	-0.0781455045991	-0.0781455045991
-0.107333333333	-0.0780921988543	-0.0780921988543
-0.107166666667	-0.0780354041626	-0.0780354041626
-0.107	-0.077971625618	-0.077971625618
-0.106833333333	-0.0778853602938	-0.0778853602938
-0.106666666667	-0.0778545599274	-0.0778545599274
-0.1065	-0.077791721314	-0.077791721314
-0.106333333333	-0.0777456896924	-0.0777456896924
-0.106166666667	-0.0776711467942	-0.0776711467942
-0.106	-0.0776277526922	-0.0776277526922
-0.105833333333	-0.0775676996035	-0.0775676996035
-0.105666666667	-0.0775033910942	-0.0775033910942
-0.1055	-0.0774576067509	-0.0774576067509
-0.105333333333	-0.0773880411537	-0.0773880411537
-0.105166666667	-0.0773414207498	-0.0773414207498
-0.105	-0.0772729835263	-0.0772729835263
-0.104833333333	-0.0772069690495	-0.0772069690495
-0.104666666667	-0.0771787166379	-0.0771787166379
-0.1045	-0.0771203054529	-0.0771203054529
-0.104333333333	-0.077060199764	-0.077060199764
-0.104166666667	-0.0769997913991	-0.0769997913991
-0.104	-0.0769284177275	-0.0769284177275
-0.103833333333	-0.0769069487172	-0.0769069487172
-0.103666666667	-0.0768376579139	-0.0768376579139
-0.1035	-0.076790180906	-0.076790180906
-0.103333333333	-0.0767073170061	-0.0767073170061
-0.103166666667	-0.0766668663802	-0.0766668663802
-0.103	-0.076611703223	-0.076611703223
-0.102833333333	-0.0765494732282	-0.0765494732282
-0.102666666667	-0.0764896973115	-0.0764896973115
-0.1025	-0.0764293257812	-0.0764293257812
-0.102333333333	-0.0763819724828	-0.0763819724828
-0.102166666667	-0.076314202962	-0.076314202962
-0.102	-0.0762678217646	-0.0762678217646
-0.101833333333	-0.0762235182715	-0.0762235182715
-0.101666666667	-0.0761602351313	-0.0761602351313
-0.1015	-0.0761010880444	-0.0761010880444
-0.101333333333	-0.0760353166536	-0.0760353166536
-0.101166666667	-0.0759739725033	-0.0759739725033
-0.101	-0.0759177999975	-0.0759177999975
-0.100833333333	-0.0758607844084	-0.0758607844084
-0.100666666667	-0.0758263093883	-0.0758263093883
-0.1005	-0.075756027129	-0.075756027129
-0.100333333333	-0.0757116701049	-0.0757116701049
-0.100166666667	-0.0756361771733	-0.0756361771733
-0.1	-0.0756045058653	-0.0756045058653
-0.0998333333333	-0.0755406867659	-0.0755406867659
-0.0996666666667	-0.0754878920897	-0.0754878920897
-0.0995	-0.0754125044882	-0.0754125044882
-0.0993333333333	-0.0753831628556	-0.0753831628556
-0.0991666666667	-0.0753296208549	-0.0753296208549
-0.099	-0.075246103412	-0.075246103412
-0.0988333333333	-0.0752061793691	-0.0752061793691
-0.0986666666667	-0.0751423708119	-0.0751423708119
-0.0985	-0.0750956448714	-0.0750956448714
-0.0983333333333	-0.0750370941042	-0.0750370941042
-0.0981666666667	-0.0749899444306	-0.0749899444306
-0.098	-0.0749320556885	-0.0749320556885
-0.0978333333333	-0.0748631791875	-0.0748631791875
-0.0976666666667	-0.074799579153	-0.074799579153
-0.0975	-0.0747556348007	-0.0747556348007
-0.0973333333333	-0.0747009125311	-0.0747009125311
-0.0971666666667	-0.0746406676438	-0.0746406676438
-0.097	-0.0745751015665	-0.0745751015665
-0.0968333333333	-0.0745136731578	-0.0745136731578
-0.0966666666667	-0.074458382706	-0.074458382706
-0.0965	-0.0744234203196	-0.0744234203196
-0.0963333333333	-0.0743550285115	-0.0743550285115
-0.0961666666667	-0.0743057830647	-0.0743057830647
-0.096	-0.0742499731833	-0.0742499731833
-0.0958333333333	-0.0742012508269	-0.0742012508269
-0.0956666666667	-0.0741158386556	-0.0741158386556
-0.0955	-0.0741010450043	-0.0741010450043
-0.0953333333333	-0.0740390212185	-0.0740390212185
-0.0951666666667	-0.0739606702571	-0.0739606702571
-0.095	-0.0739091878402	-0.0739091878402
-0.0948333333333	-0.0738828378958	-0.0738828378958
-0.0946666666667	-0.073791082601	-0.073791082601
-0.0945	-0.073757348753	-0.073757348753
-0.0943333333333	-0.0736776045874	-0.0736776045874
-0.0941666666667	-0.0736466881482	-0.0736466881482
-0.094	-0.0735759932414	-0.0735759932414
-0.0938333333333	-0.0735366034557	-0.0735366034557
-0.0936666666667	-0.0734668247229	-0.0734668247229
-0.0935	-0.0734137168247	-0.0734137168247
-0.0933333333333	-0.0733516421176	-0.0733516421176
-0.0931666666667	-0.0732897851943	-0.0732897851943
-0.093	-0.0732612488199	-0.0732612488199
-0.0928333333333	-0.0732038365239	-0.0732038365239
-0.0926666666667	-0.0731588881882	-0.0731588881882
-0.0925	-0.0730827896419	-0.0730827896419
-0.0923333333333	-0.0730361718541	-0.0730361718541
-0.0921666666667	-0.0729594687405	-0.0729594687405
-0.092	-0.072910372722	-0.072910372722
-0.0918333333333	-0.0728684335716	-0.0728684335716
-0.0916666666667	-0.0728220888421	-0.0728220888421
-0.0915	-0.07273351457	-0.07273351457
-0.0913333333333	-0.0726991326544	-0.0726991326544
-0.0911666666667	-0.07263401648	-0.07263401648
-0.091	-0.0725872045075	-0.0725872045075
-0.0908333333333	-0.0725312606098	-0.0725312606098
-0.0906666666667	-0.0724666023259	-0.0724666023259
-0.0905	-0.072417280614	-0.072417280614
-0.0903333333333	-0.0723662354694	-0.0723662354694
-0.0901666666667	-0.0723065041809	-0.0723065041809
-0.09	-0.0722504995064	-0.0722504995064
-0.0898333333333	-0.0721921301446	-0.0721921301446
-0.0896666666667	-0.0721310374404	-0.0721310374404
-0.0895	-0.0720953638634	-0.0720953638634
-0.0893333333333	-0.0720308883884	-0.0720308883884
-0.0891666666667	-0.0719793674865	-0.0719793674865
-0.089	-0.0719402042915	-0.0719402042915
-0.0888333333333	-0.0718770049708	-0.0718770049708
-0.0886666666667	-0.071803321997	-0.071803321997
-0.0885	-0.0717675116764	-0.0717675116764
-0.0883333333333	-0.0717056094603	-0.0717056094603
-0.0881666666667	-0.0716544920647	-0.0716544920647
-0.088	-0.071594913517	-0.071594913517
-0.0878333333333	-0.0715268957369	-0.0715268957369
-0.0876666666667	-0.0714981407036	-0.0714981407036
-0.0875	-0.0714208309195	-0.0714208309195
-0.0873333333333	-0.0713869964506	-0.0713869964506
-0.0871666666667	-0.071330797773	-0.071330797773
-0.087	-0.0712754688227	-0.0712754688227
-0.0868333333333	-0.0712151031467	-0.0712151031467
-0.0866666666667	-0.0711624432252	-0.0711624432252
-0.0865	-0.0711236616727	-0.0711236616727
-0.0863333333333	-0.0710617634923	-0.0710617634923
-0.0861666666667	-0.0709777772409	-0.0709777772409
-0.086	-0.0709451487128	-0.0709451487128
-0.0858333333333	-0.0708980020152	-0.0708980020152
-0.0856666666667	-0.0708377159876	-0.0708377159876
-0.0855	-0.0707693062849	-0.0707693062849
-0.0853333333333	-0.0707223140505	-0.0707223140505
-0.0851666666667	-0.0706777043666	-0.0706777043666
-0.085	-0.0706238337538	-0.0706238337538
-0.0848333333333	-0.0705784600509	-0.0705784600509
-0.0846666666667	-0.0704954302725	-0.0704954302725
-0.0845	-0.0704865811215	-0.0704865811215
-0.0843333333333	-0.0703992753899	-0.0703992753899
-0.0841666666667	-0.0703431648608	-0.0703431648608
-0.084	-0.0702847650083	-0.0702847650083
-0.0838333333333	-0.0702409947182	-0.0702409947182
-0.0836666666667	-0.0701873155774	-0.0701873155774
-0.0835	-0.0701364492526	-0.0701364492526
-0.0833333333333	-0.0700764777655	-0.0700764777655
-0.0831666666667	-0.0700309666129	-0.0700309666129
-0.083	-0.0699655907735	-0.0699655907735
-0.0828333333333	-0.0699214582386	-0.0699214582386
-0.0826666666667	-0.0698609825034	-0.0698609825034
-0.0825	-0.0698066526932	-0.0698066526932
-0.0823333333333	-0.0697647997072	-0.0697647997072
-0.0821666666667	-0.069694035523	-0.069694035523
-0.082	-0.0696356533189	-0.0696356533189
-0.0818333333333	-0.0695972228831	-0.0695972228831
-0.0816666666667	-0.0695245683651	-0.0695245683651
-0.0815	-0.0694890764439	-0.0694890764439
-0.0813333333333	-0.0694394604696	-0.0694394604696
-0.0811666666667	-0.069358945649	-0.069358945649
-0.081	-0.0693353200527	-0.0693353200527
-0.0808333333333	-0.0692747759746	-0.0692747759746
-0.0806666666667	-0.0692178689299	-0.0692178689299
-0.0805	-0.0691737306245	-0.0691737306245
-0.0803333333333	-0.0691007200662	-0.0691007200662
-0.0801666666667	-0.0690562749009	-0.0690562749009
-0.08	-0.0689984951793	-0.0689984951793
-0.0798333333333	-0.0689335607647	-0.0689335607647
-0.0796666666667	-0.0688962676811	-0.0688962676811
-0.0795	-0.0688299906254	-0.0688299906254
-0.0793333333333	-0.0687674686804	-0.0687674686804
-0.0791666666667	-0.0687282893713	-0.0687282893713
-0.079	-0.0686852008908	-0.0686852008908
-0.0788333333333	-0.0686113547041	-0.0686113547041
-0.0786666666667	-0.0685773914066	-0.0685773914066
-0.0785	-0.0685062841367	-0.0685062841367
-0.0783333333333	-0.068459586303	-0.068459586303
-0.0781666666667	-0.068396043266	-0.068396043266
-0.078	-0.0683504937269	-0.0683504937269
-0.0778333333333	-0.0683201084996	-0.0683201084996
-0.0776666666667	-0.0682441535752	-0.0682441535752
-0.0775	-0.0682008999941	-0.0682008999941
-0.0773333333333	-0.0681528233396	-0.0681528233396
-0.0771666666667	-0.0680740366417	-0.0680740366417
-0.077	-0.0680263841522	-0.0680263841522
-0.0768333333333	-0.0679991203864	-0.0679991203864
-0.0766666666667	-0.067929422159	-0.067929422159
-0.0765	-0.0678826848206	-0.0678826848206
-0.0763333333333	-0.0678212002244	-0.0678212002244
-0.0761666666667	-0.0677780876144	-0.0677780876144
-0.076	-0.0677170489796	-0.0677170489796
-0.0758333333333	-0.0676624935591	-0.0676624935591
-0.0756666666667	-0.0675993121991	-0.0675993121991
-0.0755	-0.0675547385582	-0.0675547385582
-0.0753333333333	-0.067516903521	-0.067516903521
-0.0751666666667	-0.0674665028602	-0.0674665028602
-0.075	-0.0674240834534	-0.0674240834534
-0.0748333333333	-0.0673467387986	-0.0673467387986
-0.0746666666667	-0.0672862064322	-0.0672862064322
-0.0745	-0.0672486323911	-0.0672486323911
-0.0743333333333	-0.0671858828388	-0.0671858828388
-0.0741666666667	-0.0671327222043	-0.0671327222043
-0.074	-0.067092534511	-0.067092534511
-0.0738333333333	-0.0670262825011	-0.0670262825011
-0.0736666666667	-0.0669702910155	-0.0669702910155
-0.0735	-0.0669141258295	-0.0669141258295
-0.0733333333333	-0.0668577226864	-0.0668577226864
-0.0731666666667	-0.0668127773447	-0.0668127773447
-0.073	-0.0667622907367	-0.0667622907367
-0.0728333333333	-0.0667003327096	-0.0667003327096
-0.0726666666667	-0.0666594169469	-0.0666594169469
-0.0725	-0.0666088184284	-0.0666088184284
-0.0723333333333	-0.0665530277685	-0.0665530277685
-0.0721666666667	-0.0664975075876	-0.0664975075876
-0.072	-0.0664372246821	-0.0664372246821
-0.0718333333333	-0.0663834584142	-0.0663834584142
-0.0716666666667	-0.0663457622099	-0.0663457622099
-0.0715	-0.066285587193	-0.066285587193
-0.0713333333333	-0.0662379219185	-0.0662379219185
-0.0711666666667	-0.0661733531062	-0.0661733531062
-0.071	-0.0661172958766	-0.0661172958766
-0.0708333333333	-0.0660767350391	-0.0660767350391
-0.0706666666667	-0.0660278325138	-0.0660278325138
-0.0705	-0.0659700293446	-0.0659700293446
-0.0703333333333	-0.0659101028568	-0.0659101028568
-0.0701666666667	-0.0658612799963	-0.0658612799963
-0.07	-0.0658136401808	-0.0658136401808
-0.0698333333333	-0.0657668135403	-0.0657668135403
-0.0696666666667	-0.0657270492915	-0.0657270492915
-0.0695	-0.0656440298623	-0.0656440298623
-0.0693333333333	-0.065595750205	-0.065595750205
-0.0691666666667	-0.0655592560679	-0.0655592560679
-0.069	-0.0655070434542	-0.0655070434542
-0.0688333333333	-0.0654565331952	-0.0654565331952
-0.0686666666667	-0.0654123199757	-0.0654123199757
-0.0685	-0.0653524645894	-0.0653524645894
-0.0683333333333	-0.065285700488	-0.065285700488
-0.0681666666667	-0.06524279531	-0.06524279531
-0.068	-0.0651919632582	-0.0651919632582
-0.0678333333333	-0.0651252141305	-0.0651252141305
-0.0676666666667	-0.0650755301673	-0.0650755301673
-0.0675	-0.0650358113801	-0.0650358113801
-0.0673333333333	-0.0649924938697	-0.0649924938697
-0.0671666666667	-0.0649335162792	-0.0649335162792
-0.067	-0.0648651374535	-0.0648651374535
-0.0668333333333	-0.0648103364847	-0.0648103364847
-0.0666666666667	-0.0647858587989	-0.0647858587989
-0.0665	-0.0647172627729	-0.0647172627729
-0.0663333333333	-0.0646742671514	-0.0646742671514
-0.0661666666667	-0.0646172518145	-0.0646172518145
-0.066	-0.0645477795105	-0.0645477795105
-0.0658333333333	-0.0644944749096	-0.0644944749096
-0.0656666666667	-0.0644651911387	-0.0644651911387
-0.0655	-0.0643933433571	-0.0643933433571
-0.0653333333333	-0.0643643141779	-0.0643643141779
-0.0651666666667	-0.064296466365	-0.064296466365
-0.065	-0.0642632568451	-0.0642632568451
-0.0648333333333	-0.0642073946208	-0.0642073946208
-0.0646666666667	-0.0641672205566	-0.0641672205566
-0.0645	-0.0641053538258	-0.0641053538258
-0.0643333333333	-0.0640576888224	-0.0640576888224
-0.0641666666667	-0.0639993608745	-0.0639993608745
-0.064	-0.0639327397363	-0.0639327397363
-0.0638333333333	-0.063904665705	-0.063904665705
-0.0636666666667	-0.0638421901832	-0.0638421901832
-0.0635	-0.063778802985	-0.063778802985
-0.0633333333333	-0.0637374722539	-0.0637374722539
-0.0631666666667	-0.0636903826855	-0.0636903826855
-0.063	-0.0636380959097	-0.0636380959097
-0.0628333333333	-0.0635675003983	-0.0635675003983
-0.0626666666667	-0.0635264148492	-0.0635264148492
-0.0625	-0.0634627870324	-0.0634627870324
-0.0623333333333	-0.0634023431117	-0.0634023431117
-0.0621666666667	-0.0633684174536	-0.0633684174536
-0.062	-0.0633312878548	-0.0633312878548
-0.0618333333333	-0.0632632013874	-0.0632632013874
-0.0616666666667	-0.0632293190496	-0.0632293190496
-0.0615	-0.0631619797474	-0.0631619797474
-0.0613333333333	-0.0631082157578	-0.0631082157578
-0.0611666666667	-0.0630749090932	-0.0630749090932
-0.061	-0.0630459401221	-0.0630459401221
-0.0608333333333	-0.0629701481045	-0.0629701481045
-0.0606666666667	-0.0629320628414	-0.0629320628414
-0.0605	-0.0628622371082	-0.0628622371082
-0.0603333333333	-0.062809408159	-0.062809408159
-0.0601666666667	-0.0627593879365	-0.0627593879365
-0.06	-0.0627107466627	-0.0627107466627
-0.0598333333333	-0.0626505379008	-0.0626505379008
-0.0596666666667	-0.0626031777412	-0.0626031777412
-0.0595	-0.0625421183378	-0.0625421183378
-0.0593333333333	-0.0624982762353	-0.0624982762353
-0.0591666666667	-0.0624605452792	-0.0624605452792
-0.059	-0.0624007383795	-0.0624007383795
-0.0588333333333	-0.0623612552627	-0.0623612552627
-0.0586666666667	-0.0623000315794	-0.0623000315794
-0.0585	-0.0622460045021	-0.0622460045021
-0.0583333333333	-0.0622178075162	-0.0622178075162
-0.0581666666667	-0.0621500418893	-0.0621500418893
-0.058	-0.062088455811	-0.062088455811
-0.0578333333333	-0.0620527437225	-0.0620527437225
-0.0576666666667	-0.0619894651637	-0.0619894651637
-0.0575	-0.061936705317	-0.061936705317
-0.0573333333333	-0.0618908884639	-0.0618908884639
-0.0571666666667	-0.0618552139247	-0.0618552139247
-0.057	-0.0617971409377	-0.0617971409377
-0.0568333333333	-0.0617517783508	-0.0617517783508
-0.0566666666667	-0.0616923069742	-0.0616923069742
-0.0565	-0.0616249375565	-0.0616249375565
-0.0563333333333	-0.0615949760999	-0.0615949760999
-0.0561666666667	-0.0615368545931	-0.0615368545931
-0.056	-0.0614868234478	-0.0614868234478
-0.0558333333333	-0.0614238713884	-0.0614238713884
-0.0556666666667	-0.0614057393661	-0.0614057393661
-0.0555	-0.0613462802062	-0.0613462802062
-0.0553333333333	-0.0612909587386	-0.0612909587386
-0.0551666666667	-0.0612323897093	-0.0612323897093
-0.055	-0.0611719246482	-0.0611719246482
-0.0548333333333	-0.0611329477442	-0.0611329477442
-0.0546666666667	-0.0610739179571	-0.0610739179571
-0.0545	-0.061022951564	-0.061022951564
-0.0543333333333	-0.0609772561992	-0.0609772561992
-0.0541666666667	-0.0609234268809	-0.0609234268809
-0.054	-0.0608744102374	-0.0608744102374
-0.0538333333333	-0.0608280746621	-0.0608280746621
-0.0536666666667	-0.0607727292473	-0.0607727292473
-0.0535	-0.0607154949458	-0.0607154949458
-0.0533333333333	-0.0606874664623	-0.0606874664623
-0.0531666666667	-0.060619328027	-0.060619328027
-0.053	-0.0605875592106	-0.0605875592106
-0.0528333333333	-0.060516976587	-0.060516976587
-0.0526666666667	-0.0604716228933	-0.0604716228933
-0.0525	-0.0604303216137	-0.0604303216137
-0.0523333333333	-0.0603764678634	-0.0603764678634
-0.0521666666667	-0.0603213055027	-0.0603213055027
-0.052	-0.0602687911683	-0.0602687911683
-0.0518333333333	-0.0602491365974	-0.0602491365974
-0.0516666666667	-0.0601737318328	-0.0601737318328
-0.0515	-0.0601163627166	-0.0601163627166
-0.0513333333333	-0.0600687456997	-0.0600687456997
-0.0511666666667	-0.0600223320693	-0.0600223320693
-0.051	-0.0599791402075	-0.0599791402075
-0.0508333333333	-0.0599174725906	-0.0599174725906
-0.0506666666667	-0.0598784014951	-0.0598784014951
-0.0505	-0.0598225924287	-0.0598225924287
-0.0503333333333	-0.0597689381839	-0.0597689381839
-0.0501666666667	-0.0597270630085	-0.0597270630085
-0.05	-0.0596773193962	-0.0596773193962
-0.0498333333333	-0.0596095039944	-0.0596095039944
-0.0496666666667	-0.0595510124234	-0.0595510124234
-0.0495	-0.0595182241462	-0.0595182241462
-0.0493333333333	-0.0594611751718	-0.0594611751718
-0.0491666666667	-0.0594152641029	-0.0594152641029
-0.049	-0.0593638675973	-0.0593638675973
-0.0488333333333	-0.0593180275452	-0.0593180275452
-0.0486666666667	-0.0592639214574	-0.0592639214574
-0.0485	-0.0592283055457	-0.0592283055457
-0.0483333333333	-0.0591698907727	-0.0591698907727
-0.0481666666667	-0.0591240681318	-0.0591240681318
-0.048	-0.0590661413814	-0.0590661413814
-0.0478333333333	-0.0590243642136	-0.0590243642136
-0.0476666666667	-0.0589903928216	-0.0589903928216
-0.0475	-0.0589076136217	-0.0589076136217
-0.0473333333333	-0.058869662134	-0.058869662134
-0.0471666666667	-0.0588287046818	-0.0588287046818
-0.047	-0.0587749528357	-0.0587749528357
-0.0468333333333	-0.0587237765735	-0.0587237765735
-0.0466666666667	-0.0586802862409	-0.0586802862409
-0.0465	-0.0586227659869	-0.0586227659869
-0.0463333333333	-0.0585939309115	-0.0585939309115
-0.0461666666667	-0.0585215569456	-0.0585215569456
-0.046	-0.0584764072657	-0.0584764072657
-0.0458333333333	-0.0584352083159	-0.0584352083159
-0.0456666666667	-0.0583908089442	-0.0583908089442
-0.0455	-0.0583317320253	-0.0583317320253
-0.0453333333333	-0.0583029486038	-0.0583029486038
-0.0451666666667	-0.0582382626948	-0.0582382626948
-0.045	-0.0581708377006	-0.0581708377006
-0.0448333333333	-0.0581325010729	-0.0581325010729
-0.0446666666667	-0.0580768383965	-0.0580768383965
-0.0445	-0.058036981829	-0.058036981829
-0.0443333333333	-0.0580011565601	-0.0580011565601
-0.0441666666667	-0.0579425128457	-0.0579425128457
-0.044	-0.0578919663217	-0.0578919663217
-0.0438333333333	-0.0578414707578	-0.0578414707578
-0.0436666666667	-0.0578056850642	-0.0578056850642
-0.0435	-0.0577393322315	-0.0577393322315
-0.0433333333333	-0.0576809227609	-0.0576809227609
-0.0431666666667	-0.0576359122118	-0.0576359122118
-0.043	-0.0575909716849	-0.0575909716849
-0.0428333333333	-0.0575411781175	-0.0575411781175
-0.0426666666667	-0.0574951300777	-0.0574951300777
-0.0425	-0.0574420104053	-0.0574420104053
-0.0423333333333	-0.0573646208043	-0.0573646208043
-0.0421666666667	-0.0573428865962	-0.0573428865962
-0.042	-0.0572910145178	-0.0572910145178
-0.0418333333333	-0.0572504070387	-0.0572504070387
-0.0416666666667	-0.0571952769901	-0.0571952769901
-0.0415	-0.0571558529208	-0.0571558529208
-0.0413333333333	-0.0570897605601	-0.0570897605601
-0.0411666666667	-0.0570619892219	-0.0570619892219
-0.041	-0.0570093224727	-0.0570093224727
-0.0408333333333	-0.0569470708382	-0.0569470708382
-0.0406666666667	-0.0569291339106	-0.0569291339106
-0.0405	-0.0568666416891	-0.0568666416891
-0.0403333333333	-0.0568015247637	-0.0568015247637
-0.0401666666667	-0.0567638126744	-0.0567638126744
-0.04	-0.056745644914	-0.056745644914
-0.0398333333333	-0.0566685297386	-0.0566685297386
-0.0396666666667	-0.0566108994532	-0.0566108994532
-0.0395	-0.0565800246994	-0.0565800246994
-0.0393333333333	-0.0565076684878	-0.0565076684878
-0.0391666666667	-0.0564917648509	-0.0564917648509
-0.039	-0.0564318810194	-0.0564318810194
-0.0388333333333	-0.0563729509057	-0.0563729509057
-0.0386666666667	-0.0563296847241	-0.0563296847241
-0.0385	-0.0562877762537	-0.0562877762537
-0.0383333333333	-0.0562182224615	-0.0562182224615
-0.0381666666667	-0.0561638390948	-0.0561638390948
-0.038	-0.0561295232733	-0.0561295232733
-0.0378333333333	-0.0560827630509	-0.0560827630509
-0.0376666666667	-0.0560160586388	-0.0560160586388
-0.0375	-0.055981956464	-0.055981956464
-0.0373333333333	-0.0559332280318	-0.0559332280318
-0.0371666666667	-0.0558732545983	-0.0558732545983
-0.037	-0.0558341517253	-0.0558341517253
-0.0368333333333	-0.0557804404372	-0.0557804404372
-0.0366666666667	-0.0557466933389	-0.0557466933389
-0.0365	-0.0557053735319	-0.0557053735319
-0.0363333333333	-0.0556333690162	-0.0556333690162
-0.0361666666667	-0.0555821057036	-0.0555821057036
-0.036	-0.0555474879454	-0.0555474879454
-0.0358333333333	-0.0555136097649	-0.0555136097649
-0.0356666666667	-0.0554428331033	-0.0554428331033
-0.0355	-0.0554215032259	-0.0554215032259
-0.0353333333333	-0.0553569504175	-0.0553569504175
-0.0351666666667	-0.0552922608916	-0.0552922608916
-0.035	-0.0552775850113	-0.0552775850113
-0.0348333333333	-0.0552170237863	-0.0552170237863
-0.0346666666667	-0.0551532225533	-0.0551532225533
-0.0345	-0.0551304351957	-0.0551304351957
-0.0343333333333	-0.0550795493803	-0.0550795493803
-0.0341666666667	-0.0550121514895	-0.0550121514895
-0.034	-0.0549793477658	-0.0549793477658
-0.0338333333333	-0.0549442264825	-0.0549442264825
-0.0336666666667	-0.0548592321658	-0.0548592321658
-0.0335	-0.0548285500719	-0.0548285500719
-0.0333333333333	-0.0547792372708	-0.0547792372708
-0.0331666666667	-0.0547336661871	-0.0547336661871
-0.033	-0.0546971044622	-0.0546971044622
-0.0328333333333	-0.054644193012	-0.054644193012
-0.0326666666667	-0.0545813368114	-0.0545813368114
-0.0325	-0.0545282798745	-0.0545282798745
-0.0323333333333	-0.0545000069028	-0.0545000069028
-0.0321666666667	-0.0544412053967	-0.0544412053967
-0.032	-0.0544097687008	-0.0544097687008
-0.0318333333333	-0.0543472216899	-0.0543472216899
-0.0316666666667	-0.0542979273932	-0.0542979273932
-0.0315	-0.0542523704913	-0.0542523704913
-0.0313333333333	-0.054194899746	-0.054194899746
-0.0311666666667	-0.0541556903664	-0.0541556903664
-0.031	-0.0541030399989	-0.0541030399989
-0.0308333333333	-0.0540720357177	-0.0540720357177
-0.0306666666667	-0.0540234411662	-0.0540234411662
-0.0305	-0.053990784799	-0.053990784799
-0.0303333333333	-0.0539165952655	-0.0539165952655
-0.0301666666667	-0.0538681469824	-0.0538681469824
-0.03	-0.0538433956778	-0.0538433956778
-0.0298333333333	-0.0537929326761	-0.0537929326761
-0.0296666666667	-0.0537224310248	-0.0537224310248
-0.0295	-0.0536904412075	-0.0536904412075
-0.0293333333333	-0.0536285828285	-0.0536285828285
-0.0291666666667	-0.0536013492249	-0.0536013492249
-0.029	-0.0535440536945	-0.0535440536945
-0.0288333333333	-0.0534999555221	-0.0534999555221
-0.0286666666667	-0.0534471551031	-0.0534471551031
-0.0285	-0.0533963996688	-0.0533963996688
-0.0283333333333	-0.0533431622013	-0.0533431622013
-0.0281666666667	-0.0533117056891	-0.0533117056891
-0.028	-0.053261386695	-0.053261386695
-0.0278333333333	-0.0532113994172	-0.0532113994172
-0.0276666666667	-0.0531718324504	-0.0531718324504
-0.0275	-0.0530888814966	-0.0530888814966
-0.0273333333333	-0.0530709997265	-0.0530709997265
-0.0271666666667	-0.0530187041083	-0.0530187041083
-0.027	-0.0529590910306	-0.0529590910306
-0.0268333333333	-0.0529194890991	-0.0529194890991
-0.0266666666667	-0.0528810373	-0.0528810373
-0.0265	-0.0528367199764	-0.0528367199764
-0.0263333333333	-0.0528034255081	-0.0528034255081
-0.0261666666667	-0.052737422712	-0.052737422712
-0.026	-0.0526970122042	-0.0526970122042
-0.0258333333333	-0.0526498381205	-0.0526498381205
-0.0256666666667	-0.0526009640042	-0.0526009640042
-0.0255	-0.0525404798925	-0.0525404798925
-0.0253333333333	-0.0525101338712	-0.0525101338712
-0.0251666666667	-0.0524546443835	-0.0524546443835
-0.025	-0.0524184394794	-0.0524184394794
-0.0248333333333	-0.0523659759532	-0.0523659759532
-0.0246666666667	-0.0523166947414	-0.0523166947414
-0.0245	-0.0522783904228	-0.0522783904228
-0.0243333333333	-0.0522228047108	-0.0522228047108
-0.0241666666667	-0.0521693958822	-0.0521693958822
-0.024	-0.0521319289996	-0.0521319289996
-0.0238333333333	-0.0520939238155	-0.0520939238155
-0.0236666666667	-0.0520353539853	-0.0520353539853
-0.0235	-0.0519963270684	-0.0519963270684
-0.0233333333333	-0.0519458371147	-0.0519458371147
-0.0231666666667	-0.0519134107336	-0.0519134107336
-0.023	-0.05186171854	-0.05186171854
-0.0228333333333	-0.051814379072	-0.051814379072
-0.0226666666667	-0.0517712194895	-0.0517712194895
-0.0225	-0.0516959351866	-0.0516959351866
-0.0223333333333	-0.0516663712942	-0.0516663712942
-0.0221666666667	-0.0516227361955	-0.0516227361955
-0.022	-0.051585808206	-0.051585808206
-0.0218333333333	-0.0515304202031	-0.0515304202031
-0.0216666666667	-0.0514928006191	-0.0514928006191
-0.0215	-0.0514222011283	-0.0514222011283
-0.0213333333333	-0.0513965250184	-0.0513965250184
-0.0211666666667	-0.051336862088	-0.051336862088
-0.021	-0.0512987198011	-0.0512987198011
-0.0208333333333	-0.051242340896	-0.051242340896
-0.0206666666667	-0.0512098692225	-0.0512098692225
-0.0205	-0.051159512677	-0.051159512677
-0.0203333333333	-0.0510853278809	-0.0510853278809
-0.0201666666667	-0.0510577752451	-0.0510577752451
-0.02	-0.0510204350434	-0.0510204350434
-0.0198333333333	-0.050959612215	-0.050959612215
-0.0196666666667	-0.0509201220099	-0.0509201220099
-0.0195	-0.0508607345405	-0.0508607345405
-0.0193333333333	-0.0508253841743	-0.0508253841743
-0.0191666666667	-0.0507979429364	-0.0507979429364
-0.019	-0.0507361544374	-0.0507361544374
-0.0188333333333	-0.0507189858611	-0.0507189858611
-0.0186666666667	-0.0506400212037	-0.0506400212037
-0.0185	-0.0505890994841	-0.0505890994841
-0.0183333333333	-0.0505570246674	-0.0505570246674
-0.0181666666667	-0.0505153273713	-0.0505153273713
-0.018	-0.0504538978707	-0.0504538978707
-0.0178333333333	-0.0504124206799	-0.0504124206799
-0.0176666666667	-0.0503738954528	-0.0503738954528
-0.0175	-0.0503255625749	-0.0503255625749
-0.0173333333333	-0.0502664959777	-0.0502664959777
-0.0171666666667	-0.0502375656981	-0.0502375656981
-0.017	-0.0502014875835	-0.0502014875835
-0.0168333333333	-0.0501299650297	-0.0501299650297
-0.0166666666667	-0.0500949567406	-0.0500949567406
-0.0165	-0.0500483640816	-0.0500483640816
-0.0163333333333	-0.0499915587405	-0.0499915587405
-0.0161666666667	-0.0499674979919	-0.0499674979919
-0.016	-0.0499273902456	-0.0499273902456
-0.0158333333333	-0.0498507667426	-0.0498507667426
-0.0156666666667	-0.0498060698514	-0.0498060698514
-0.0155	-0.0497700370633	-0.0497700370633
-0.0153333333333	-0.0497327122456	-0.0497327122456
-0.0151666666667	-0.049677256903	-0.049677256903
-0.015	-0.0496588566998	-0.0496588566998
-0.0148333333333	-0.0495753523723	-0.0495753523723
-0.0146666666667	-0.0495505668162	-0.0495505668162
-0.0145	-0.0495011214138	-0.0495011214138
-0.0143333333333	-0.0494565916183	-0.0494565916183
-0.0141666666667	-0.0494215892716	-0.0494215892716
-0.014	-0.0493735213889	-0.0493735213889
-0.0138333333333	-0.0493306066964	-0.0493306066964
-0.0136666666667	-0.0492734789311	-0.0492734789311
-0.0135	-0.049222360952	-0.049222360952
-0.0133333333333	-0.049174950718	-0.049174950718
-0.0131666666667	-0.0491307134886	-0.0491307134886
-0.013	-0.0490997187636	-0.0490997187636
-0.0128333333333	-0.0490302894384	-0.0490302894384
-0.0126666666667	-0.0489888541118	-0.0489888541118
-0.0125	-0.0489406586324	-0.0489406586324
-0.0123333333333	-0.0489207991963	-0.0489207991963
-0.0121666666667	-0.048855752567	-0.048855752567
-0.012	-0.0488040566444	-0.0488040566444
-0.0118333333333	-0.0487791339891	-0.0487791339891
-0.0116666666667	-0.0487318560484	-0.0487318560484
-0.0115	-0.0486782449099	-0.0486782449099
-0.0113333333333	-0.048620559338	-0.048620559338
-0.0111666666667	-0.0485999597222	-0.0485999597222
-0.011	-0.0485556612462	-0.0485556612462
-0.0108333333333	-0.0485117909583	-0.0485117909583
-0.0106666666667	-0.0484745356797	-0.0484745356797
-0.0105	-0.0484090103186	-0.0484090103186
-0.0103333333333	-0.0483730407941	-0.0483730407941
-0.0101666666667	-0.048335819849	-0.048335819849
-0.01	-0.048286789561	-0.048286789561
-0.00983333333333	-0.0482236055119	-0.0482236055119
-0.00966666666667	-0.0481780386814	-0.0481780386814
-0.0095	-0.048150291665	-0.048150291665
-0.00933333333333	-0.0480794949465	-0.0480794949465
-0.00916666666667	-0.048059961286	-0.048059961286
-0.009	-0.0479993980781	-0.0479993980781
-0.00883333333333	-0.0479808217646	-0.0479808217646
-0.00866666666667	-0.0479127498836	-0.0479127498836
-0.0085	-0.0478654767427	-0.0478654767427
-0.00833333333333	-0.047817169562	-0.047817169562
-0.00816666666667	-0.0477829719469	-0.0477829719469
-0.008	-0.047735343518	-0.047735343518
-0.00783333333333	-0.047711563391	-0.047711563391
-0.00766666666667	-0.0476234192178	-0.0476234192178
-0.0075	-0.0475851422737	-0.0475851422737
-0.00733333333333	-0.0475493955682	-0.0475493955682
-0.00716666666667	-0.0475146942109	-0.0475146942109
-0.007	-0.0474475142192	-0.0474475142192
-0.00683333333333	-0.0474177312382	-0.0474177312382
-0.00666666666667	-0.0473738772387	-0.0473738772387
-0.0065	-0.0473310188498	-0.0473310188498
-0.00633333333333	-0.0473099667931	-0.0473099667931
-0.00616666666667	-0.0472397687849	-0.0472397687849
-0.006	-0.0472108678777	-0.0472108678777
-0.00583333333333	-0.0471657406052	-0.0471657406052
-0.00566666666667	-0.0470947780873	-0.0470947780873
-0.0055	-0.0470752726962	-0.0470752726962
-0.00533333333333	-0.0470273754462	-0.0470273754462
-0.00516666666667	-0.0469627691823	-0.0469627691823
-0.005	-0.0469384466069	-0.0469384466069
-0.00483333333333	-0.0468989825153	-0.0468989825153
-0.00466666666667	-0.0468445318719	-0.0468445318719
-0.0045	-0.0467956944941	-0.0467956944941
-0.00433333333333	-0.046753541078	-0.046753541078
-0.00416666666667	-0.0467150277392	-0.0467150277392
-0.004	-0.0466778228544	-0.0466778228544
-0.00383333333333	-0.0466177257766	-0.0466177257766
-0.00366666666667	-0.0465682474897	-0.0465682474897
-0.0035	-0.0465240692673	-0.0465240692673
-0.00333333333333	-0.0464903076284	-0.0464903076284
-0.00316666666667	-0.0464396985604	-0.0464396985604
-0.003	-0.0464100264576	-0.0464100264576
-0.00283333333333	-0.046363224325	-0.046363224325
-0.00266666666667	-0.0463123623015	-0.0463123623015
-0.0025	-0.0462647363129	-0.0462647363129
-0.00233333333333	-0.0462234862625	-0.0462234862625
-0.00216666666667	-0.0461795031464	-0.0461795031464
-0.002	-0.0461389111465	-0.0461389111465
-0.00183333333333	-0.0460702843221	-0.0460702843221
-0.00166666666667	-0.046032219382	-0.046032219382
-0.0015	-0.0460071875963	-0.0460071875963
-0.00133333333333	-0.0459577358098	-0.0459577358098
-0.00116666666667	-0.0459222611414	-0.0459222611414
-0.001	-0.0458824444089	-0.0458824444089
-0.000833333333333	-0.0458336719729	-0.0458336719729
-0.000666666666667	-0.0457771119803	-0.0457771119803
-0.0005	-0.0457456837845	-0.0457456837845
-0.000333333333333	-0.0457065652422	-0.0457065652422
-0.000166666666667	-0.0456600260921	-0.0456600260921
0	-0.0455982468584	1.20549721345e-05
0.000166666666667	-0.0455595946625	6.86983768057e-06
0.000333333333333	-0.045515494646	7.15248480503e-06
0.0005	-0.0454781812795	6.68440177772e-07
0.000666666666667	-0.0454402850578	-5.21279380711e-06
0.000833333333333	-0.0453850166065	6.29815457679e-06
0.001	-0.0453402965282	7.28067970397e-06
0.00116666666667	-0.0453077135069	-3.85390491337e-06
0.00133333333333	-0.0452587289513	1.43298903197e-06
0.0015	-0.0452132748787	3.20934159822e-06
0.00166666666667	-0.0451841572693	-1.13308303659e-05
0.00183333333333	-0.0451293455454	-1.5695177048e-07
0.002	-0.045083925595	1.64508643087e-06
0.00216666666667	-0.0450277106189	1.42620807082e-05
0.00233333333333	-0.0450047618477	-6.36720231744e-06
0.0025	-0.0449615325679	-6.69605195594e-06
0.00266666666667	-0.0449284754664	-1.71771579786e-05
0.00283333333333	-0.0448564742572	1.13057628023e-05
0.003	-0.0448334433765	-9.16172859078e-06
0.00316666666667	-0.0447739092213	6.89396794284e-06
0.00333333333333	-0.0447509781803	-1.36335390159e-05
0.0035	-0.0447099400701	-1.6034068893e-05
0.00366666666667	-0.0446449260367	5.56122938395e-06
0.00383333333333	-0.0446121638851	-5.07545193386e-06
0.004	-0.0445713608085	-7.65130892578e-06
0.00416666666667	-0.0445211086972	-7.58234710457e-07
0.00433333333333	-0.0444965051192	-1.94938000999e-05
0.0045	-0.0444395370235	-5.84495710053e-06
0.00466666666667	-0.0443998463656	-9.45366383694e-06
0.00483333333333	-0.0443480931345	-9.79912333248e-07
0.005	-0.0443009655553	2.88806949901e-06
0.00516666666667	-0.0442435005466	1.71133602236e-05
0.00533333333333	-0.0442249086353	-7.51456995842e-06
0.0055	-0.0441886470312	-1.44529337281e-05
0.00566666666667	-0.0441361519305	-5.13793006737e-06
0.00583333333333	-0.0440888093744	-9.55603129736e-07
0.006	-0.0440458139366	-1.10052952328e-06
0.00616666666667	-0.0440027019971	-1.10909204945e-06
0.00633333333333	-0.0439678038875	-9.3116252003e-06
0.0065	-0.0439128149125	2.59656334066e-06
0.00666666666667	-0.0438755061002	-3.15555728776e-06
0.00683333333333	-0.0438261421216	3.1673390081e-06
0.007	-0.0437844771831	1.81104282446e-06
0.00716666666667	-0.0437548251581	-1.1538322166e-05
0.00733333333333	-0.0437125157027	-1.2210414704e-05
0.0075	-0.0436483261265	9.01745243175e-06
0.00766666666667	-0.043623946576	-9.54487016125e-06
0.00783333333333	-0.0435649987185	6.48094747677e-06
0.008	-0.0435437407888	-1.51633324809e-05
0.00816666666667	-0.0434786394292	7.05564478893e-06
0.00833333333333	-0.0434445137216	-1.681205522e-06
0.0085	-0.0433870372665	1.2952513018e-05
0.00866666666667	-0.0433744541705	-1.72873089938e-05
0.00883333333333	-0.0433180855003	-3.72174119189e-06
0.009	-0.043270232505	1.34796434069e-06
0.00916666666667	-0.0432372843519	-8.46736260987e-06
0.00933333333333	-0.0432013447057	-1.52713897006e-05
0.0095	-0.0431529494812	-9.60003465095e-06
0.00966666666667	-0.0431029056241	-2.26024621965e-06
0.00983333333333	-0.0430564324633	1.52864383344e-06
0.01	-0.0430035650653	1.17315661715e-05
0.0101666666667	-0.0429578537263	1.4798221416e-05
0.0103333333333	-0.0429393073015	-9.28024852204e-06
0.0105	-0.0428853455731	2.07637123248e-06
0.0106666666667	-0.0428378295563	7.00706248673e-06
0.0108333333333	-0.0428127384788	-1.04674054484e-05
0.011	-0.0427666355789	-6.91027382274e-06
0.0111666666667	-0.042714971342	2.22796891283e-06
0.0113333333333	-0.0426837270182	-9.03393021685e-06
0.0115	-0.0426204012856	1.18053476827e-05
0.0116666666667	-0.0425907013146	-9.61370874341e-07
0.0118333333333	-0.0425522204479	-4.92743139892e-06
0.012	-0.0425007605821	4.10526623913e-06
0.0121666666667	-0.0424560983529	6.36008363834e-06
0.0123333333333	-0.04242613863	-6.06785207344e-06
0.0125	-0.0423755427315	2.16013795831e-06
0.0126666666667	-0.0423358109033	-4.56194963051e-07
0.0128333333333	-0.0422995357154	-6.50942410483e-06
0.013	-0.0422525724334	-1.85481791468e-06
0.0131666666667	-0.0422090355093	-6.06831453219e-07
0.0133333333333	-0.042163859275	2.30020033021e-06
0.0135	-0.0421292535397	-5.34353479645e-06
0.0136666666667	-0.0420746873417	6.99292190855e-06
0.0138333333333	-0.042022235189	1.72350594031e-05
0.014	-0.0419897523915	7.52756468899e-06
0.0141666666667	-0.0419497658025	5.34358150277e-06
0.0143333333333	-0.0419292855804	-1.63270515786e-05
0.0145	-0.0418805223784	-9.69499092764e-06
0.0146666666667	-0.0418337209252	-5.00496826047e-06
0.0148333333333	-0.041787894875	-1.27064063273e-06
0.015	-0.0417636694293	-1.911721287e-05
0.0151666666667	-0.0417014457063	1.05419391469e-06
0.0153333333333	-0.0416498784094	1.05888733084e-05
0.0155	-0.041637244255	-1.87898941711e-05
0.0156666666667	-0.0415624207397	1.40403916254e-05
0.0158333333333	-0.0415161819783	1.83056131085e-05
0.016	-0.0414915239674	1.0097704332e-06
0.0161666666667	-0.0414356425264	1.49570411123e-05
0.0163333333333	-0.0414096459334	-9.60855916023e-07
0.0165	-0.0413686791025	-1.88883790453e-06
0.0166666666667	-0.0413237639031	1.15122266006e-06
0.0168333333333	-0.0412762197873	6.83987055233e-06
0.017	-0.0412436453051	-2.42144715779e-06
0.0171666666667	-0.0412015536221	-2.14589937621e-06
0.0173333333333	-0.0411690010366	-1.1389787301e-05
0.0175	-0.0411203730778	-4.53864337415e-06
0.0176666666667	-0.0410652625802	8.81469482024e-06
0.0178333333333	-0.0410484922985	-1.61525304302e-05
0.018	-0.0409944469966	-3.82508622211e-06
0.0181666666667	-0.0409421738213	6.74987758516e-06
0.0183333333333	-0.0409181034142	-1.08582837738e-05
0.0185	-0.0408495432704	1.60429314925e-05
0.0186666666667	-0.0408075188201	1.6428090116e-05
0.0188333333333	-0.0407914841171	-9.15686487977e-06
0.019	-0.040741095821	-3.68596140621e-07
0.0191666666667	-0.040694750591	4.39623379449e-06
0.0193333333333	-0.040643862781	1.3723268188e-05
0.0195	-0.0406263246904	-1.02797957159e-05
0.0196666666667	-0.0405940209297	-1.94975715036e-05
0.0198333333333	-0.0405336751668	-6.53730241497e-07
0.02	-0.0405050594213	-1.35202945915e-05
0.0201666666667	-0.0404409820582	9.09436731718e-06
0.0203333333333	-0.0404011570068	7.47632286942e-06
0.0205	-0.0403567453164	1.04645197587e-05
0.0206666666667	-0.0403031317374	2.26742044371e-05
0.0208333333333	-0.0402948632217	-1.04415783298e-05
0.021	-0.0402298667351	1.31902027454e-05
0.0211666666667	-0.0402091440659	-7.4322440813e-06
0.0213333333333	-0.0401635201554	-3.13386308287e-06
0.0215	-0.040128931139	-9.85079286102e-06
0.0216666666667	-0.0400765077144	1.28626574562e-06
0.0218333333333	-0.0400445314754	-8.00428446475e-06
0.022	-0.0400067539502	-1.14739746069e-05
0.0221666666667	-0.0399531499581	9.02372745082e-07
0.0223333333333	-0.039919422092	-6.57783858289e-06
0.0225	-0.0398854705864	-1.38148461548e-05
0.0226666666667	-0.0398316064735	-1.11968539794e-06
0.0228333333333	-0.0397726427649	1.66946287907e-05
0.023	-0.0397379554694	1.02520846228e-05
0.0231666666667	-0.0396891451694	1.7952096234e-05
0.0233333333333	-0.0396644634885	1.54303694762e-06
0.0235	-0.0396272623313	-2.32700094284e-06
0.0236666666667	-0.0395733451799	1.05384971083e-05
0.0238333333333	-0.0395434620712	-6.10509058327e-07
0.024	-0.0394920927532	9.74622950745e-06
0.0241666666667	-0.0394572780077	3.56792768363e-06
0.0243333333333	-0.0394144018122	5.47060477272e-06
0.0245	-0.0393733962707	5.52215354262e-06
0.0246666666667	-0.0393354650769	2.51887703285e-06
0.0248333333333	-0.0392984667582	-1.39775529161e-06
0.025	-0.0392725097577	-1.63361899507e-05
0.0251666666667	-0.039216426577	-1.12893158756e-06
0.0253333333333	-0.0391834278746	-8.98664200617e-06
0.0255	-0.0391292788442	4.32548181966e-06
0.0256666666667	-0.0390849885905	7.79833194044e-06
0.0258333333333	-0.0390551819649	-3.19294629626e-06
0.026	-0.0390176186689	-6.40805752784e-06
0.0261666666667	-0.038990050824	-1.95991267466e-05
0.0263333333333	-0.038930873365	-1.16109174792e-06
0.0265	-0.0388915673066	-2.57497071701e-06
0.0266666666667	-0.0388401084605	8.18342152317e-06
0.0268333333333	-0.0388172296658	-9.6187573994e-06
0.027	-0.0387639655696	2.98384207227e-06
0.0271666666667	-0.0387105709829	1.57364056706e-05
0.0273333333333	-0.0387035890262	-1.79041902741e-05
0.0275	-0.038652725044	-7.64329362565e-06
0.0276666666667	-0.0385896354456	1.48626829305e-05
0.0278333333333	-0.0385681594884	-4.22552104526e-06
0.028	-0.0385058381544	1.75511089166e-05
0.0281666666667	-0.0384810086575	1.85535578382e-06
0.0283333333333	-0.0384544523211	-1.20941072118e-05
0.0285	-0.0383975596091	4.31225276076e-06
0.0286666666667	-0.0383744089234	-1.30039695045e-05
0.0288333333333	-0.0383415715449	-2.06140581901e-05
0.029	-0.0382809451836	-4.15726668358e-07
0.0291666666667	-0.0382440810198	-3.96015846458e-06
0.0293333333333	-0.0381945689175	5.16277906478e-06
0.0295	-0.0381711730419	-1.1811082529e-05
0.0296666666667	-0.0381070750113	1.19366349836e-05
0.0298333333333	-0.0380943008541	-1.56200999786e-05
0.03	-0.0380638542652	-2.54849855981e-05
0.0301666666667	-0.0380083153738	-1.02381545184e-05
0.0303333333333	-0.0379547003197	3.10425011386e-06
0.0305	-0.0379153751428	2.17618513291e-06
0.0306666666667	-0.0378867040013	-9.38651095201e-06
0.0308333333333	-0.0378414725849	-4.36953127177e-06
0.031	-0.0377954641058	1.44390868869e-06
0.0311666666667	-0.0377621490495	-5.41667993937e-06
0.0313333333333	-0.0376946714165	2.19046989526e-05
0.0315	-0.0376693588151	7.08043385836e-06
0.0316666666667	-0.0376301535284	6.16823825383e-06
0.0318333333333	-0.03758296245	1.32612151837e-05
0.032	-0.0375447124922	1.14324488856e-05
0.0321666666667	-0.0375131650097	2.92058152368e-06
0.0323333333333	-0.0374724499955	3.5956165311e-06
0.0325	-0.037406861379	2.9163621214e-05
0.0326666666667	-0.0374069274231	-1.09036706525e-05
0.0328333333333	-0.0373775153168	-2.14734514964e-05
0.033	-0.037308032083	8.04725243198e-06
0.0331666666667	-0.0372848180149	-8.68185552304e-06
0.0333333333333	-0.037244051824	-7.83949006202e-06
0.0335	-0.0371933203832	2.9874724111e-06
0.0336666666667	-0.0371501483661	6.27435497377e-06
0.0338333333333	-0.0371151191649	1.43776188289e-06
0.034	-0.0370836797555	-6.9692859743e-06
0.0341666666667	-0.037041038643	-4.15529718788e-06
0.0343333333333	-0.0369904991306	6.57642176709e-06
0.0345	-0.036959230547	-1.94346133725e-06
0.0346666666667	-0.0369274307973	-9.91285499278e-06
0.0348333333333	-0.0368821800479	-4.41192896821e-06
0.035	-0.0368587791106	-2.07414984708e-05
0.0351666666667	-0.0368178095475	-1.94831290506e-05
0.0353333333333	-0.0367560093157	2.62521880921e-06
0.0355	-0.0367285440125	-9.58205554215e-06
0.0356666666667	-0.0366935194632	-1.42107809048e-05
0.0358333333333	-0.0366264190722	1.32556349188e-05
0.036	-0.0366106242322	-1.0564204245e-05
0.0361666666667	-0.0365574042067	3.06043478912e-06
0.0363333333333	-0.03653025419	-9.36564572521e-06
0.0365	-0.0364817724766	-4.40743817852e-07
0.0366666666667	-0.0364469606098	-5.16640618304e-06
0.0368333333333	-0.0364037940942	-1.51814077438e-06
0.037	-0.0363818465632	-1.90695845213e-05
0.0371666666667	-0.0363367388909	-1.34416149676e-05
0.0373333333333	-0.0362723031388	1.15337029561e-05
0.0375	-0.0362339169641	1.04787085414e-05
0.0376666666667	-0.0362048794098	9.43555351854e-08
0.0378333333333	-0.0361633908556	2.18026060991e-06
0.038	-0.0361447821338	-1.85944119631e-05
0.0381666666667	-0.0360979482823	-1.11247036038e-05
0.0383333333333	-0.0360626932592	-1.52145757177e-05
0.0385	-0.0359921447358	1.60082968619e-05
0.0386666666667	-0.0359799086783	-1.10620554885e-05
0.0388333333333	-0.0359440782558	-1.45188054965e-05
0.039	-0.0358857691505	4.52236124823e-06
0.0391666666667	-0.0358592942404	-8.25143660214e-06
0.0393333333333	-0.0358004252171	1.13881056157e-05
0.0395	-0.0357699680801	2.63498516224e-06
0.0396666666667	-0.0357374626811	-4.0506532368e-06
0.0398333333333	-0.0356942004822	3.9724805384e-08
0.04	-0.0356522407325	2.84686671491e-06
0.0401666666667	-0.0356017837241	1.41704769785e-05
0.0403333333333	-0.0355715561298	5.28387913654e-06
0.0405	-0.035555364998	-1.76199785355e-05
0.0406666666667	-0.0354879573224	1.07119067039e-05
0.0408333333333	-0.0354568589944	2.75363984369e-06
0.041	-0.0354108771873	9.69804418505e-06
0.0411666666667	-0.0354010526634	-1.94956460608e-05
0.0413333333333	-0.0353402695595	2.28842882301e-06
0.0415	-0.0353237261858	-2.01480450389e-05
0.0416666666667	-0.0352555591256	9.05834565221e-06
0.0418333333333	-0.0352419842497	-1.63082733882e-05
0.042	-0.0351780767633	8.67688905244e-06
0.0421666666667	-0.0351452304143	2.62008155597e-06
0.0423333333333	-0.0351098834642	-9.16960922767e-07
0.0425	-0.0350722741023	-2.1724311593e-06
0.0426666666667	-0.0350237344919	7.52150402233e-06
0.0428333333333	-0.0349827562277	9.67324634179e-06
0.043	-0.0349449235065	8.69859544743e-06
0.0431666666667	-0.0349071025107	7.73136555271e-06
0.0433333333333	-0.0348904667247	-1.44019315771e-05
0.0435	-0.0348518566998	-1.45418504495e-05
0.0436666666667	-0.0348055956256	-7.01158446693e-06
0.0438333333333	-0.0347496603775	1.02119874599e-05
0.044	-0.0347032770622	1.7902755229e-05
0.0441666666667	-0.0346906747587	-8.16836387013e-06
0.0443333333333	-0.034639880437	3.97165668934e-06
0.0445	-0.0346037995882	1.41732217901e-06
0.0446666666667	-0.0345629645238	3.63631756561e-06
0.0448333333333	-0.0345203040144	7.69986880361e-06
0.045	-0.0344722285542	1.7197477913e-05
0.0451666666667	-0.0344599569105	-9.08962586548e-06
0.0453333333333	-0.0344118074824	5.20154762694e-07
0.0455	-0.0343738015094	5.57682807294e-09
0.0456666666667	-0.0343453566855	-1.00510574168e-05
0.0458333333333	-0.034304284693	-7.46143372443e-06
0.046	-0.0342472057634	1.11542127392e-05
0.0461666666667	-0.0342219330375	-2.01726242853e-06
0.0463333333333	-0.0341631585573	1.8332095377e-05
0.0465	-0.0341518820823	-8.79747716346e-06
0.0466666666667	-0.0341111646627	-6.46703372168e-06
0.0468333333333	-0.0340652327208	1.09699967659e-06
0.047	-0.0340208393619	7.14151434594e-06
0.0471666666667	-0.0339838319838	5.81910875865e-06
0.0473333333333	-0.0339556211194	-4.28075368891e-06
0.0475	-0.0339319370976	-1.8888405315e-05
0.0476666666667	-0.0338618110929	1.29649756538e-05
0.0478333333333	-0.0338386160921	-2.09360110467e-06
0.048	-0.0337907990988	7.48885713071e-06
0.0481666666667	-0.0337632023909	-3.12993117615e-06
0.0483333333333	-0.0337339427379	-1.20667392034e-05
0.0485	-0.0336822840268	1.41454266077e-06
0.0486666666667	-0.0336534382943	-7.8981261304e-06
0.0488333333333	-0.033626546327	-1.91455357422e-05
0.049	-0.0335746377777	-5.3573425728e-06
0.0491666666667	-0.0335358697088	-4.69061264324e-06
0.0493333333333	-0.0334932539445	-1.5717387793e-07
0.0495	-0.0334477427069	7.29074807897e-06
0.0496666666667	-0.0334213052666	-4.31612105719e-06
0.0498333333333	-0.0333622298831	1.67339556232e-05
0.05	-0.0333535936611	-1.26361303171e-05
0.0501666666667	-0.0333099500991	-6.97988091249e-06
0.0503333333333	-0.0332629293303	2.07256683795e-06
0.0505	-0.0332254292409	1.6233231944e-06
0.0506666666667	-0.033184331503	4.7907124261e-06
0.0508333333333	-0.0331436254562	7.58539120566e-06
0.051	-0.0331182361611	-4.91770466301e-06
0.0511666666667	-0.03306383784	1.16071987267e-05
0.0513333333333	-0.0330186967887	1.88938020492e-05
0.0515	-0.0330005751265	-8.20017763171e-07
0.0516666666667	-0.0329419856421	1.99529469963e-05
0.0518333333333	-0.0329194157184	4.72530980669e-06
0.052	-0.0328863639706	-1.54841462719e-09
0.0521666666667	-0.032847243597	1.35917055873e-06
0.0523333333333	-0.0328216861913	-1.08241307368e-05
0.0525	-0.0327752904412	-2.15014369697e-06
0.0526666666667	-0.0327388766347	-3.43915991048e-06
0.0528333333333	-0.0327150282305	-1.72746419213e-05
0.053	-0.0326472418681	1.28467671832e-05
0.0531666666667	-0.0326110894534	1.13531578004e-05
0.0533333333333	-0.0325879854531	-3.16994044925e-06
0.0535	-0.0325318560863	1.53512496403e-05
0.0536666666667	-0.0324995798971	1.00381802412e-05
0.0538333333333	-0.0324672969482	4.75078492783e-06
0.054	-0.0324424639447	-7.96764516411e-06
0.0541666666667	-0.0324001557151	-3.19194200004e-06
0.0543333333333	-0.0323531895203	6.26062952866e-06
0.0545	-0.0323211759928	7.7943336431e-07
0.0546666666667	-0.0322654825731	1.89970253803e-05
0.0548333333333	-0.0322524425748	-5.41991200409e-06
0.055	-0.032198959227	1.06253886012e-05
0.0551666666667	-0.0321798560816	-7.69062845778e-06
0.0553333333333	-0.0321342729182	4.92253506705e-07
0.0555	-0.0321162448574	-1.88610899942e-05
0.0556666666667	-0.0320651122339	-5.09099713859e-06
0.0558333333333	-0.0320247126093	-2.03503343181e-06
0.056	-0.0319895749687	-4.22218766592e-06
0.0561666666667	-0.0319533813966	-5.33454801879e-06
0.0563333333333	-0.0319183396883	-7.57991365763e-06
0.0565	-0.0318765382168	-3.04666115965e-06
0.0566666666667	-0.0318351936369	1.04855071456e-06
0.0568333333333	-0.0317997990874	-7.87420271816e-07
0.057	-0.0317754212045	-1.36212143537e-05
0.0571666666667	-0.031713465404	1.11417490724e-05
0.0573333333333	-0.0316945321206	-7.09896854339e-06
0.0575	-0.0316492490528	1.02893066145e-06
0.0576666666667	-0.031607842639	5.29900447932e-06
0.0578333333333	-0.0315847164746	-8.69234632476e-06
0.058	-0.031537931099	9.94335165929e-07
0.0581666666667	-0.0314934163304	8.42922708225e-06
0.0583333333333	-0.0314664424081	-1.65791391243e-06
0.0585	-0.0314182515562	9.49068454195e-06
0.0586666666667	-0.0313853174025	5.40139085591e-06
0.0588333333333	-0.0313510330334	2.68111472176e-06
0.059	-0.0313064326164	1.0295685043e-05
0.0591666666667	-0.0312841052291	-4.34397970526e-06
0.0593333333333	-0.0312456414071	-2.82841887371e-06
0.0595	-0.0312203105438	-1.44270295938e-05
0.0596666666667	-0.0311669842575	1.98856598173e-06
0.0598333333333	-0.0311391904397	-7.10952738279e-06
0.06	-0.0311067635421	-1.15557652179e-05
0.0601666666667	-0.0310448004601	1.3552953328e-05
0.0603333333333	-0.0310183446394	3.17317873472e-06
0.0605	-0.0309934669439	-8.76595671175e-06
0.0606666666667	-0.0309461489116	1.75400522953e-06
0.0608333333333	-0.0309159460799	-4.82247668197e-06
0.061	-0.0308746748313	-3.11788650326e-07
0.0611666666667	-0.0308373896291	2.31601983361e-07
0.0613333333333	-0.0307965930743	4.3050906948e-06
0.0615	-0.0307772434642	-1.30496238407e-05
0.0616666666667	-0.0307171270551	1.03811984289e-05
0.0618333333333	-0.0306983498325	-7.50843201325e-06
0.062	-0.0306547169685	-5.23690923122e-07
0.0621666666667	-0.0306105864249	6.9774560639e-06
0.0623333333333	-0.0305805771741	3.76032664766e-07
0.0625	-0.0305341720976	1.01891536552e-05
0.0626666666667	-0.0304981171419	9.67086859231e-06
0.0628333333333	-0.0304826783447	-1.14448640641e-05
0.063	-0.0304469831954	-1.22855374258e-05
0.0631666666667	-0.0303965369691	1.64356940729e-06
0.0633333333333	-0.0303684374844	-6.75536574695e-06
0.0635	-0.0303266000753	-1.39768104795e-06
0.0636666666667	-0.0302789560265	9.78533524178e-06
0.0638333333333	-0.0302443210377	7.97797945831e-06
0.064	-0.0302251945029	-9.31914625375e-06
0.0641666666667	-0.0301837836276	-4.31325130611e-06
0.0643333333333	-0.0301311568608	1.1927211588e-05
0.0645	-0.030109230246	-2.51380491561e-06
0.0646666666667	-0.0300728852	-2.51772165315e-06
0.0648333333333	-0.0300315402117	2.49696886039e-06
0.065	-0.0299941099818	3.61556180234e-06
0.0651666666667	-0.0299622255843	-7.93020423147e-07
0.0653333333333	-0.0299184820191	6.67621820004e-06
0.0655	-0.0298833794649	5.5230952504e-06
0.0656666666667	-0.0298383005066	1.43650219315e-05
0.0658333333333	-0.0298124373531	4.00978532882e-06
0.066	-0.02977987005	3.77336179728e-07
0.0661666666667	-0.0297379378892	6.12837862758e-06
0.0663333333333	-0.0296978370064	1.00667730013e-05
0.0665	-0.029668598868	3.16104917482e-06
0.0666666666667	-0.0296448275702	-9.1928929797e-06
0.0668333333333	-0.0296159990703	-1.64710146732e-05
0.067	-0.0295698843022	-6.44425375133e-06
0.0671666666667	-0.0295278077433	-4.37091429012e-07
0.0673333333333	-0.0294790695991	1.22502628975e-05
0.0675	-0.0294506228614	4.66481355455e-06
0.0676666666667	-0.0294322326463	-1.29585594979e-05
0.0678333333333	-0.0293692982292	1.39808644895e-05
0.068	-0.0293645289356	-1.72262439983e-05
0.0681666666667	-0.0293379459892	-2.66011123249e-05
0.0683333333333	-0.0292762208504	-8.15205071257e-07
0.0685	-0.0292514933824	-1.20083891955e-05
0.0686666666667	-0.0292294111505	-2.58282338548e-05
0.0688333333333	-0.0291610100077	6.68940392111e-06
0.069	-0.0291348864815	-3.05200726496e-06
0.0691666666667	-0.0290859981648	9.98993582304e-06
0.0693333333333	-0.0290608891631	-7.2887616304e-07
0.0695	-0.0290172202041	7.13082493135e-06
0.0696666666667	-0.028997153778	-8.59345477787e-06
0.0698333333333	-0.0289443363336	8.45183183834e-06
0.07	-0.0289279780537	-1.09435018628e-05
0.0701666666667	-0.0288770516526	4.24782581894e-06
0.0703333333333	-0.0288440893186	1.49362271564e-06
0.0705	-0.0288102165442	-3.31607618921e-07
0.0706666666667	-0.0287924140822	-1.82086219546e-05
0.0708333333333	-0.0287364777508	2.0667576137e-06
0.071	-0.0287041504459	-1.24836882831e-06
0.0711666666667	-0.0286594648648	7.81329753185e-06
0.0713333333333	-0.028623344357	8.32840336317e-06
0.0715	-0.0286072703723	-1.11845052618e-05
0.0716666666667	-0.0285669508718	-6.43339333898e-06
0.0718333333333	-0.0285192238734	5.7437173699e-06
0.072	-0.0285011820709	-1.17458710403e-05
0.0721666666667	-0.0284435038995	1.04194024674e-05
0.0723333333333	-0.0284134480445	4.9808484339e-06
0.0725	-0.0283690286852	1.39242837688e-05
0.0726666666667	-0.0283345145501	1.29809758964e-05
0.0728333333333	-0.0283054009906	6.65556947481e-06
0.073	-0.0282826030184	-5.96695103735e-06
0.0731666666667	-0.0282328567264	8.37731729867e-06
0.0733333333333	-0.0282176849828	-1.18344974728e-05
0.0735	-0.0281707044599	-2.19071822405e-07
0.0736666666667	-0.0281318568814	3.28186667419e-06
0.0738333333333	-0.0281077024454	-7.89188413306e-06
0.074	-0.0280609041013	3.59672251074e-06
0.0741666666667	-0.0280176567198	1.15528118242e-05
0.0743333333333	-0.0280002060641	-6.26938328142e-06
0.0745	-0.0279587913104	-1.09043179347e-07
0.0746666666667	-0.0279236139725	-1.67685395291e-07
0.0748333333333	-0.0278866751184	1.55361789432e-06
0.075	-0.0278500233553	3.00625551832e-06
0.0751666666667	-0.0278135793506	4.26955618566e-06
0.0753333333333	-0.0277798091009	2.87751918561e-06
0.0755	-0.0277423711137	5.17163315424e-06
0.0756666666667	-0.0277142874572	-1.87017430065e-06
0.0758333333333	-0.0276797088435	-2.39861909189e-06
0.076	-0.0276207319813	2.14895860431e-05
0.0761666666667	-0.0276274109313	-2.02596236943e-05
0.0763333333333	-0.0275719697261	1.29715113033e-07
0.0765	-0.027537433966	-3.68001806766e-07
0.0766666666667	-0.0275098241578	-7.77328526224e-06
0.0768333333333	-0.0274563689565	1.0685205714e-05
0.077	-0.0274423973265	-1.03214972072e-05
0.0771666666667	-0.0273944527879	2.66308176323e-06
0.0773333333333	-0.0273641346845	-1.96040525214e-06
0.0775	-0.0273241268635	3.12419068829e-06
0.0776666666667	-0.0273089205466	-1.65743563244e-05
0.0778333333333	-0.0272578220302	-3.62346502997e-07
0.078	-0.0272163656133	6.2259169135e-06
0.0781666666667	-0.0272023438314	-1.46021054495e-05
0.0783333333333	-0.0271602521199	-7.34185303105e-06
0.0785	-0.0271255067291	-7.40958032136e-06
0.0786666666667	-0.0270723364043	1.09659635022e-05
0.0788333333333	-0.0270653811975	-1.68552776596e-05
0.079	-0.0270121997516	1.56804927736e-06
0.0791666666667	-0.0269743434765	4.68453043334e-06
0.0793333333333	-0.0269242564662	2.00500675621e-05
0.0795	-0.0269241481956	-1.45448180337e-05
0.0796666666667	-0.0268668663736	8.0521605039e-06
0.0798333333333	-0.0268410112411	-7.59241698638e-07
0.08	-0.0267881269722	1.74767972391e-05
0.0801666666667	-0.0267714249276	-4.51087437705e-07
0.0803333333333	-0.0267251554499	1.12067574641e-05
0.0805	-0.0267096992581	-7.93039085968e-06
0.0806666666667	-0.0266676630499	-4.69234403934e-07
0.0808333333333	-0.0266132992215	1.93378267628e-05
0.081	-0.0266094239276	-1.13253662994e-05
0.0811666666667	-0.0265565054057	7.07294495965e-06
0.0813333333333	-0.0265401582463	-1.10818340469e-05
0.0815	-0.0264816837581	1.29089838815e-05
0.0816666666667	-0.0264780788701	-1.79515343108e-05
0.0818333333333	-0.0264152264875	1.04537021428e-05
0.082	-0.026381858682	9.39261738499e-06
0.0821666666667	-0.026364221141	-7.38048005053e-06
0.0823333333333	-0.0263165147442	5.93352612636e-06
0.0825	-0.0262849487016	3.12542176207e-06
0.0826666666667	-0.0262581354807	-4.41726471016e-06
0.0828333333333	-0.0262286350146	-9.25447038536e-06
0.083	-0.0261836331368	1.42796703496e-06
0.0831666666667	-0.0261435370302	7.22286065941e-06
0.0833333333333	-0.0261179025343	-1.42563327338e-06
0.0835	-0.0260769437531	5.26837731588e-06
0.0836666666667	-0.02603240962	1.55559548033e-05
0.0838333333333	-0.0260137966264	-5.93961417817e-08
0.084	-0.0259809921694	-1.46507690305e-06
0.0841666666667	-0.0259416640628	3.67109477756e-06
0.0843333333333	-0.0259021190846	9.04233666168e-06
0.0845	-0.0258727783021	4.22757737676e-06
0.0846666666667	-0.025840231007	2.63752124769e-06
0.0848333333333	-0.0258050407261	3.70863711683e-06
0.085	-0.025782690857	-8.04247648101e-06
0.0851666666667	-0.0257279102606	1.26553153142e-05
0.0853333333333	-0.0257068381043	-3.3715903431e-07
0.0855	-0.0256691906001	3.26388449543e-06
0.0856666666667	-0.0256386704001	-2.44210465076e-07
0.0858333333333	-0.0256008311646	3.5848916538e-06
0.086	-0.0255575895489	1.28345315472e-05
0.0861666666667	-0.0255531845682	-1.67343101524e-05
0.0863333333333	-0.0255127458528	-1.02512678684e-05
0.0865	-0.0254474538522	2.1103204748e-05
0.0866666666667	-0.0254450128453	-1.03751753335e-05
0.0868333333333	-0.025381845034	1.8891385885e-05
0.087	-0.0253756271128	-8.77381025249e-06
0.0871666666667	-0.0253305593886	2.42892510978e-06
0.0873333333333	-0.0252867831898	1.23582597057e-05
0.0875	-0.0252637696306	1.54307490268e-06
0.0876666666667	-0.0252267211118	4.78096596607e-06
0.0878333333333	-0.0251875288065	1.01807555843e-05
0.088	-0.0251641619488	-2.2679455537e-07
0.0881666666667	-0.0251180335674	1.21452827495e-05
0.0883333333333	-0.0250824322073	1.4008438417e-05
0.0885	-0.0250700620158	-7.34147916181e-06
0.0886666666667	-0.0250530062792	-2.39877602621e-05
0.0888333333333	-0.0250019056123	-6.57102393508e-06
0.089	-0.0249643231553	-2.65441452627e-06
0.0891666666667	-0.0249149046254	1.31163465981e-05
0.0893333333333	-0.024896339784	-1.94850611314e-06
0.0895	-0.0248588124584	1.9671959444e-06
0.0896666666667	-0.0248336510304	-6.46493337982e-06
0.0898333333333	-0.0247995908541	-5.98025211634e-06
0.09	-0.0247733751935	-1.3322028659e-05
0.0901666666667	-0.0247332567544	-6.7429727445e-06
0.0903333333333	-0.0246996447158	-6.65226777869e-06
0.0905	-0.0246613905275	-1.90136753759e-06
0.0906666666667	-0.0246345640104	-8.5600972615e-06
0.0908333333333	-0.0245865440577	5.99264583143e-06
0.091	-0.0245690369832	-9.94945638701e-06
0.0911666666667	-0.0245408850021	-1.52286232712e-05
0.0913333333333	-0.0244769856734	1.52575821651e-05
0.0915	-0.0244452593172	1.35888353796e-05
0.0916666666667	-0.0244321990121	-6.72794623835e-06
0.0918333333333	-0.0243813294522	1.07825390407e-05
0.092	-0.0243658142622	-7.04333781242e-06
0.0921666666667	-0.0243383867531	-1.29388919598e-05
0.0923333333333	-0.024297728601	-5.58580352331e-06
0.0925	-0.0242727900326	-1.39343036314e-05
0.0926666666667	-0.024241147316	-1.5560664507e-05
0.0928333333333	-0.0242122374125	-1.99018515099e-05
0.093	-0.0241601412212	-1.03876808384e-06
0.0931666666667	-0.0241221589013	3.72842234365e-06
0.0933333333333	-0.0240890971242	3.59304424078e-06
0.0935	-0.0240479978396	1.15131436868e-05
0.0936666666667	-0.0240312356559	-4.88589191944e-06
0.0938333333333	-0.023983599853	9.60665333402e-06
0.094	-0.0239637426723	-3.6614662391e-06
0.0941666666667	-0.0239159451716	1.10286873643e-05
0.0943333333333	-0.0238983271132	-4.44265233734e-06
0.0945	-0.0238423261647	1.84868428762e-05
0.0946666666667	-0.0238393047405	-1.15452457168e-05
0.0948333333333	-0.0237966437737	-1.91985537402e-06
0.095	-0.0237728301356	-1.11238616651e-05
0.0951666666667	-0.0237396368703	-1.09303128578e-05
0.0953333333333	-0.0237021063352	-6.38157059919e-06
0.0955	-0.0236591343898	3.62650142233e-06
0.0956666666667	-0.023634081626	-4.26669301956e-06
0.0958333333333	-0.0235814679122	1.54189735305e-05
0.096	-0.0235630538265	9.22918687641e-07
0.0961666666667	-0.0235276448755	3.43963171905e-06
0.0963333333333	-0.0235002188548	-2.008687391e-06
0.0965	-0.0234918177399	-2.64640182866e-05
0.0966666666667	-0.0234414388679	-8.9237023011e-06
0.0968333333333	-0.0233997826654	-8.81702638292e-08
0.097	-0.0233730467085	-6.15500255861e-06
0.0971666666667	-0.0233342667032	-1.59909336604e-07
0.0973333333333	-0.0233013942183	-5.44637987956e-08
0.0975	-0.0232656582692	2.93231444967e-06
0.0976666666667	-0.0232254607307	1.0398546435e-05
0.0978333333333	-0.0231921784861	1.09673446167e-05
0.098	-0.0231837209109	-1.32706709259e-05
0.0981666666667	-0.0231253909317	1.23815691451e-05
0.0983333333333	-0.0231244413616	-1.93287526523e-05
0.0985	-0.0230815964949	-9.12593491847e-06
0.0986666666667	-0.0230429273635	-3.08101364949e-06
0.0988333333333	-0.0229984282703	8.81170393238e-06
0.099	-0.0229671771395	7.47428921983e-06
0.0991666666667	-0.0229345658813	7.51482794858e-06
0.0993333333333	-0.0229124192548	-2.89144334054e-06
0.0995	-0.0228863824746	-9.38974355263e-06
0.0996666666667	-0.0228339532283	1.05222355064e-05
0.0998333333333	-0.0228081440573	3.83194811821e-06
0.1	-0.0227843183076	-4.82395603375e-06
0.100166666667	-0.0227378039975	9.22650061076e-06
0.100333333333	-0.0227018727747	1.27116659306e-05
0.1005	-0.0226825340634	-3.77888486391e-07
0.100666666667	-0.0226386186503	1.11270463742e-05
0.100833333333	-0.0226081832715	9.16973016656e-06
0.101	-0.0225725033087	1.24747767543e-05
0.101166666667	-0.0225668318487	-1.42109048247e-05
0.101333333333	-0.0225187970228	1.48454988324e-06
0.1015	-0.0224866811568	1.27881070077e-06
0.101666666667	-0.0224577151832	-2.05905908723e-06
0.101833333333	-0.0224287533512	-5.38331314845e-06
0.102	-0.0223987910455	-7.68934026514e-06
0.102166666667	-0.0223626413184	-3.79019716443e-06
0.102333333333	-0.0223136001596	1.30181221691e-05
0.1025	-0.0222842706386	1.01325439724e-05
0.102666666667	-0.0222641795587	-1.97373938094e-06
0.102833333333	-0.022220640601	9.38558667386e-06
0.103	-0.0221992921917	-1.42790821192e-06
0.103166666667	-0.0221469329368	1.87871654495e-05
0.103333333333	-0.0221259978605	7.59577918025e-06
0.1035	-0.0221135777569	-1.20928652983e-05
0.103666666667	-0.0220787656745	-9.37182094491e-06
0.103833333333	-0.0220360948465	1.22567479099e-06
0.104	-0.0219957560235	9.508867067e-06
0.104166666667	-0.0219560647109	1.71622460606e-05
0.104333333333	-0.0219431899312	-1.98321505066e-06
0.1045	-0.0219024415338	6.76263010416e-06
0.104666666667	-0.0218859263187	-8.70702290113e-06
0.104833333333	-0.0218385955158	6.65659169773e-06
0.105	-0.0218123315178	9.71077037644e-07
0.105166666667	-0.0217703833292	1.09874241822e-05
0.105333333333	-0.0217335017286	1.59548501151e-05
0.1055	-0.0217104434599	7.1166067295e-06
0.105666666667	-0.0216801313607	5.54985214738e-06
0.105833333333	-0.0216702555806	-1.64355677772e-05
0.106	-0.0216236359583	-1.65949593083e-06
0.106166666667	-0.0216141529886	-2.40024313721e-05
0.106333333333	-0.0215572161349	1.12615788191e-06
0.1065	-0.0215142123394	1.23393255799e-05
0.106666666667	-0.0214916681817	3.11048760429e-06
0.106833333333	-0.0214504601899	1.25631116457e-05
0.107	-0.0214294038411	1.88171613058e-06
0.107166666667	-0.0214076772452	-8.11181310839e-06
0.107333333333	-0.0213780259599	-1.01630381909e-05
0.1075	-0.0213195055556	1.66724662189e-05
0.107666666667	-0.0212934523611	1.10583668457e-05
0.107833333333	-0.0212823548166	-9.49378066228e-06
0.108	-0.0212480125421	-6.78360087792e-06
0.108166666667	-0.0212074160396	2.19839998236e-06
0.108333333333	-0.0211900243881	-1.20068614651e-05
0.1085	-0.0211550774035	-8.63920558581e-06
0.108666666667	-0.0211301114875	-1.52350382808e-05
0.108833333333	-0.0211026773255	-1.9345049414e-05
0.109	-0.0210496265332	2.17914092591e-06
0.109166666667	-0.0210273458944	-7.04925523459e-06
0.109333333333	-0.0209787214494	1.00837171694e-05
0.1095	-0.0209573905969	-5.9344755048e-08
0.109666666667	-0.0209292554345	-3.38054304632e-06
0.109833333333	-0.0208774690875	1.69669926253e-05
0.11	-0.020852718579	1.02962348232e-05
0.110166666667	-0.0208461799433	-1.45688552172e-05
0.110333333333	-0.0207946313167	5.5935820149e-06
0.1105	-0.0207662019684	2.65427269309e-06
0.110666666667	-0.0207401749219	-2.66981084701e-06
0.110833333333	-0.0206892382056	1.69332984314e-05
0.111	-0.0206823643249	-7.50890907439e-06
0.111166666667	-0.0206632671865	-1.97103446383e-05
0.111333333333	-0.020611795321	4.80456980274e-07
0.1115	-0.0205806241126	3.88106977174e-07
0.111666666667	-0.0205450412472	4.72491517505e-06
0.111833333333	-0.0205265587716	-8.02116974982e-06
0.112	-0.020484112081	3.21445279187e-06
0.112166666667	-0.0204750988987	-1.8965944958e-05
0.112333333333	-0.0204319443857	-6.98752839747e-06
0.1125	-0.0204014948761	-7.69663608146e-06
0.112666666667	-0.0203671657036	-4.5086059678e-06
0.112833333333	-0.0203401037216	-8.57029603449e-06
0.113	-0.0202850610544	1.53661650954e-05
0.113166666667	-0.0202679718536	1.36662141669e-06
0.113333333333	-0.0202418772853	-3.6100975002e-06
0.1135	-0.0202059454023	1.26795096361e-06
0.113666666667	-0.0201757394888	4.37478377653e-07
0.113833333333	-0.0201449151229	2.42902169708e-07
0.114	-0.0201142566864	-1.00163891014e-07
0.114166666667	-0.0200953967901	-1.22243350321e-05
0.114333333333	-0.0200445528074	7.65301087946e-06
0.1145	-0.0200102766343	1.09799736318e-05
0.114666666667	-0.0199884925876	1.83223182957e-06
0.114833333333	-0.0199612835384	-1.87309002917e-06
0.115	-0.0199174751008	1.10383895428e-05
0.115166666667	-0.0198969892062	6.44734799843e-07
0.115333333333	-0.019860301339	6.47045690326e-06
0.1155	-0.0198305770766	5.34997396455e-06
0.115666666667	-0.0197973284223	7.77127823109e-06
0.115833333333	-0.0197540407005	2.02490410096e-05
0.116	-0.0197460825349	-2.58536596272e-06
0.116166666667	-0.0197084034116	4.31856684117e-06
0.116333333333	-0.0196830921929	-1.12802731108e-06
0.1165	-0.0196639529108	-1.27291848689e-05
0.116666666667	-0.0196023870227	1.81136323618e-05
0.116833333333	-0.0195906187819	-8.2383335336e-07
0.117	-0.0195573209515	1.78565039197e-06
0.117166666667	-0.0195371400422	-8.70443143204e-06
0.117333333333	-0.0194929326553	4.84931528401e-06
0.1175	-0.0194716499592	-4.50428223566e-06
0.117666666667	-0.0194396832948	-3.15656928291e-06
0.117833333333	-0.0193983302628	7.59484884855e-06
0.118	-0.0193664549508	8.88588033702e-06
0.118166666667	-0.0193371639811	7.60989830032e-06
0.118333333333	-0.0193332281893	-1.90039373376e-05
0.1185	-0.0192859961001	-2.30415570844e-06
0.118666666667	-0.0192644821802	-1.13052279388e-05
0.118833333333	-0.0192135581102	9.12116091049e-06
0.119	-0.0191949389621	-2.74006561427e-06
0.119166666667	-0.0191606758429	1.05998108207e-06
0.119333333333	-0.019135675933	-4.38588399836e-06
0.1195	-0.0190870598263	1.38017409973e-05
0.119666666667	-0.0190754872944	-5.0369202682e-06
0.119833333333	-0.0190418870885	-1.83062318667e-06
0.12	-0.0190127195079	-3.03967177215e-06
0.120166666667	-0.0189900607073	-1.07402250256e-05
0.120333333333	-0.0189552612167	-6.28281742064e-06
0.1205	-0.0189168657892	1.78779344729e-06
0.120666666667	-0.0188743826933	1.3963334642e-05
0.120833333333	-0.0188604235898	-2.36785921764e-06
0.121	-0.0188446739723	-1.68912861034e-05
0.121166666667	-0.0187960561773	1.47071294266e-06
0.121333333333	-0.0187520272821	1.52610562076e-05
0.1215	-0.0187321586398	4.90838609687e-06
0.121666666667	-0.0187243983664	-1.7535417951e-05
0.121833333333	-0.0186712694857	5.40661598752e-06
0.122	-0.0186357948441	1.07116368153e-05
0.122166666667	-0.0186119923707	4.36171106421e-06
0.122333333333	-0.0185810661355	5.15276417417e-06
0.1225	-0.0185547448186	1.35611169815e-06
0.122666666667	-0.0185163258388	9.67433018038e-06
0.122833333333	-0.0184854217803	1.04948310327e-05
0.123	-0.0184782035224	-1.23532695799e-05
0.123166666667	-0.0184482808182	-1.24797291991e-05
0.123333333333	-0.0184267459051	-2.09767897143e-05
0.1235	-0.0183767912154	-1.03688798036e-06
0.123666666667	-0.0183359390953	9.81762538631e-06
0.123833333333	-0.0182984925398	1.72837507372e-05
0.124	-0.0182760077334	9.80529928219e-06
0.124166666667	-0.0182529697688	2.897173713e-06
0.124333333333	-0.0182241476871	1.7903283918e-06
0.1245	-0.0182011748949	-5.1486477619e-06
0.124666666667	-0.0181673166932	-1.18506018754e-06
0.124833333333	-0.0181508141605	-1.45599919663e-05
0.125	-0.0180935438758	1.28499734949e-05
0.125166666667	-0.0180689220033	7.62866738787e-06
0.125333333333	-0.0180510621757	-4.33754749338e-06
0.1255	-0.0180233605601	-6.44484274023e-06
0.125666666667	-0.0179944768999	-7.35296622185e-06
0.125833333333	-0.0179553139568	2.03531582189e-06
0.126	-0.0179199809114	7.61081835443e-06
0.126166666667	-0.017899636996	-1.78569568196e-06
0.126333333333	-0.0178703641266	-2.23614652859e-06
0.1265	-0.0178359435069	2.47825748699e-06
0.126666666667	-0.0177934353612	1.52972875204e-05
0.126833333333	-0.0177658600782	1.32005503343e-05
0.127	-0.0177541536164	-4.74791702113e-06
0.127166666667	-0.0176992233971	2.05444595199e-05
0.127333333333	-0.0176956000639	-5.4529680312e-06
0.1275	-0.017649766753	1.07766594986e-05
0.127666666667	-0.0176434982355	-1.25414333831e-05
0.127833333333	-0.0176120479146	-1.06606545992e-05
0.128	-0.017567663627	4.17115470117e-06
0.128166666667	-0.017515695362	2.66040007487e-05
0.128333333333	-0.0175227911422	-1.00101436795e-05
0.1285	-0.0174792197135	4.05997105247e-06
0.128666666667	-0.0174535513038	2.44112544646e-07
0.128833333333	-0.0174129015599	1.14266292614e-05
0.129	-0.0174070794318	-1.22014330891e-05
0.129166666667	-0.0173529935394	1.24513009455e-05
0.129333333333	-0.0173325021899	3.52651954755e-06
0.1295	-0.017314751595	-8.12199349772e-06
0.129666666667	-0.0172872195539	-9.9720417521e-06
0.129833333333	-0.0172532838836	-5.40144696292e-06
0.13	-0.0172283314715	-9.7971010374e-06
0.130166666667	-0.0171939580527	-4.75474359367e-06
0.130333333333	-0.0171412765283	1.86127197345e-05
0.1305	-0.0171302343336	3.57849056392e-07
0.130666666667	-0.0170941821842	7.12992434055e-06
0.130833333333	-0.0170701283359	1.92068499794e-06
0.131	-0.0170515400396	-8.737124219e-06
0.131166666667	-0.0170065907754	6.98301202577e-06
0.131333333333	-0.0169723577052	1.2003927077e-05
0.1315	-0.0169563562642	-1.18981850996e-06
0.131666666667	-0.0169348967972	-8.90857441339e-06
0.131833333333	-0.0168937154165	3.11154271463e-06
0.132	-0.0168688972297	-1.21457934131e-06
0.132166666667	-0.0168475471727	-8.99188113137e-06
0.132333333333	-0.016802309374	7.13550441403e-06
0.1325	-0.016781653352	-1.30194570919e-06
0.132666666667	-0.0167456007959	5.67407473867e-06
0.132833333333	-0.0167408293214	-1.86140545956e-05
0.133	-0.0167048780075	-1.17054171613e-05
0.133166666667	-0.0166469470204	1.71998161735e-05
0.133333333333	-0.0166532647219	-1.81267209121e-05
0.1335	-0.0165993118416	6.8342374052e-06
0.133666666667	-0.0165828111255	-5.64005941685e-06
0.133833333333	-0.0165629150801	-1.47021225441e-05
0.134	-0.0165294089986	-1.01372496314e-05
0.134166666667	-0.0164965936185	-6.24618295906e-06
0.134333333333	-0.0164644527098	-3.01269688777e-06
0.1345	-0.016449824811	-1.72753345797e-05
0.134666666667	-0.0163797354888	2.39403326328e-05
0.134833333333	-0.0163942454215	-1.94263780263e-05
0.135	-0.0163415024212	4.47671670361e-06
0.135166666667	-0.0163147097345	2.44636559675e-06
0.135333333333	-0.0162854011619	2.948763568e-06
0.1355	-0.0162540897263	5.4708832422e-06
0.135666666667	-0.0162544422924	-2.36541447578e-05
0.135833333333	-0.0162109064398	-8.8739046936e-06
0.136	-0.0161923973422	-1.91035746987e-05
0.136166666667	-0.0161466337826	-2.06194250574e-06
0.136333333333	-0.0161230355329	-7.16878451782e-06
0.1365	-0.0161066838122	-1.9505324423e-05
0.136666666667	-0.0160630968326	-4.58977896206e-06
0.136833333333	-0.016033306139	-3.45369761821e-06
0.137	-0.0160129678595	-1.17532131328e-05
0.137166666667	-0.0159769864802	-4.39281619201e-06
0.137333333333	-0.0159481043328	-4.11484305604e-06
0.1375	-0.0159323878287	-1.69857096437e-05
0.137666666667	-0.0158769916087	9.83993837544e-06
0.137833333333	-0.0158496139688	8.66380071004e-06
0.138	-0.0158286792888	1.06149268873e-06
0.138166666667	-0.0158123515862	-1.11310075719e-05
0.138333333333	-0.0157852919879	-1.25748317595e-05
0.1385	-0.0157523400526	-8.10954309646e-06
0.138666666667	-0.0156955688844	2.01917497586e-05
0.138833333333	-0.0156818208483	5.48667707044e-06
0.139	-0.0156694484111	-1.05772325418e-05
0.139166666667	-0.0156088794024	2.15721867182e-05
0.139333333333	-0.0156128823149	-1.08335623386e-05
0.1395	-0.015588736718	-1.507405395e-05
0.139666666667	-0.0155484574278	-3.16410871811e-06
0.139833333333	-0.0155199829211	-3.04220802749e-06
0.14	-0.0154842066063	4.39823507912e-06
0.140166666667	-0.0154532816725	7.00402682462e-06
0.140333333333	-0.0154173252294	1.46580529005e-05
0.1405	-0.0154070537477	-3.35616194568e-06
0.140666666667	-0.0153727629096	2.66569547548e-06
0.140833333333	-0.0153544085666	-7.23223112607e-06
0.141	-0.0153219165531	-2.97578061102e-06
0.141166666667	-0.0152754976575	1.5224253821e-05
0.141333333333	-0.0152802719738	-1.77522262186e-05
0.1415	-0.015229193234	5.14104238262e-06
0.141666666667	-0.0151904326202	1.57328730608e-05
0.141833333333	-0.0151838431585	-5.82976494411e-06
0.142	-0.0151640514224	-1.41734497388e-05
0.142166666667	-0.0151243992527	-2.64002683251e-06
0.142333333333	-0.0150754474369	1.82097116695e-05
0.1425	-0.0150671723446	-1.6006084561e-06
0.142666666667	-0.0150579107764	-2.04077924929e-05
0.142833333333	-0.0150165699348	-7.11904758487e-06
0.143	-0.0149821287115	-7.13269953148e-07
0.143166666667	-0.014953989052	-5.92409883811e-07
0.143333333333	-0.0149377613066	-1.23668222821e-05
0.1435	-0.0149006515864	-3.24262280801e-06
0.143666666667	-0.0148707144084	-1.2743332364e-06
0.143833333333	-0.0148485729163	-7.08510176915e-06
0.144	-0.014829307044	-1.57548671015e-05
0.144166666667	-0.0147812586114	4.37454629808e-06
0.144333333333	-0.0147694950061	-1.17642537637e-05
0.1445	-0.0147217444373	8.10051874077e-06
0.144666666667	-0.0147068814963	-4.90573213559e-06
0.144833333333	-0.0146807830747	-6.65990246676e-06
0.145	-0.0146446739659	1.61320946007e-06
0.145166666667	-0.0146184660967	1.67231197037e-09
0.145333333333	-0.014589052233	1.61271557689e-06
0.1455	-0.0145716162896	-8.73758035496e-06
0.145666666667	-0.0145377516718	-2.64262533501e-06
0.145833333333	-0.014518951059	-1.15951033231e-05
0.146	-0.0144827688835	-3.14945156335e-06
0.146166666667	-0.0144531500713	-1.25060048026e-06
0.146333333333	-0.0144163637433	7.83232427296e-06
0.1465	-0.0143934738806	3.03533705602e-06
0.146666666667	-0.0143715326398	-2.69372359009e-06
0.146833333333	-0.0143519248994	-1.07397407948e-05
0.147	-0.0143128772487	6.70691629491e-07
0.147166666667	-0.0142961071541	-1.01798975351e-05
0.147333333333	-0.0142494592206	8.86388213086e-06
0.1475	-0.0142278668746	2.86859939353e-06
0.147666666667	-0.0142107033238	-7.53895791854e-06
0.147833333333	-0.014175388097	2.21676704611e-07
0.148	-0.0141375444385	1.05272541914e-05
0.148166666667	-0.0140942161017	2.63340164697e-05
0.148333333333	-0.0140918881521	1.15689339726e-06
0.1485	-0.0140738195656	-8.26309557741e-06
0.148666666667	-0.0140323132295	5.7711575135e-06
0.148833333333	-0.0140095216447	1.10714717367e-06
0.149	-0.0139928199983	-9.63031846859e-06
0.149166666667	-0.0139579955093	-2.2284630535e-06
0.149333333333	-0.0139342473924	-5.88650595129e-06
0.1495	-0.0139021326918	-1.1614961439e-06
0.149666666667	-0.0138623559704	1.12419989442e-05
0.149833333333	-0.0138532393776	-6.99817478775e-06
0.15	-0.0138164161716	2.48471964008e-06
0.150166666667	-0.0137849249714	6.65205858221e-06
0.150333333333	-0.0137691725826	-4.90296815342e-06
0.1505	-0.0137149130463	2.20655935387e-05
0.150666666667	-0.0136942504245	1.54536770543e-05
0.150833333333	-0.0136937787167	-1.13327218993e-05
0.151	-0.0136456309416	9.57337334537e-06
0.151166666667	-0.0136332199626	-5.24090523633e-06
0.151333333333	-0.013594264058	6.50615924834e-06
0.1515	-0.0135774548886	-3.87709867483e-06
0.151666666667	-0.013565620445	-1.92186743242e-05
0.151833333333	-0.0135305749294	-1.13327745201e-05
0.152	-0.0135200050282	-2.79060903813e-05
0.152166666667	-0.0134487669465	1.62051682829e-05
0.152333333333	-0.0134408828222	-3.02114117055e-06
0.1525	-0.0134127302872	-1.96265530383e-06
0.152666666667	-0.0133836137873	7.61753217363e-08
0.152833333333	-0.0133527700616	3.8586070619e-06
0.153	-0.0133370084233	-7.42467818373e-06
0.153166666667	-0.0133013222042	1.23298327095e-06
0.153333333333	-0.0132686358352	6.90715560056e-06
0.1535	-0.0132570203887	-8.47323809697e-06
0.153666666667	-0.013233216275	-1.16486129782e-05
0.153833333333	-0.0131971863576	-2.58183717291e-06
0.154	-0.0131677110222	-5.33010810044e-08
0.154166666667	-0.0131312726142	9.45464514006e-06
0.154333333333	-0.0131339488292	-2.01356988884e-05
0.1545	-0.0130948349228	-7.91959332186e-06
0.154666666667	-0.0130387268874	2.1306964582e-05
0.154833333333	-0.0130489407496	-1.57720564053e-05
0.155	-0.0130151689008	-8.84905237857e-06
0.155166666667	-0.0129820852849	-2.59797198312e-06
0.155333333333	-0.0129475534629	5.11761892774e-06
0.1555	-0.0129251968438	6.74306886265e-07
0.155666666667	-0.012894571172	4.51634253624e-06
0.155833333333	-0.0128460047504	2.63154184014e-05
0.156	-0.012855270672	-9.70156334289e-06
0.156166666667	-0.0128174539569	1.38037262657e-06
0.156333333333	-0.0127916195945	4.9623202975e-07
0.1565	-0.0127526130547	1.28005403593e-05
0.156666666667	-0.0127226220495	1.61055807905e-05
0.156833333333	-0.0127061692579	5.88866967372e-06
0.157	-0.0126732868198	1.21176622696e-05
0.157166666667	-0.0126384250753	2.03422139555e-05
0.157333333333	-0.0126414964319	-9.35008768256e-06
0.1575	-0.0126078514202	-2.30977800807e-06
0.157666666667	-0.0125712080729	7.7451057778e-06
0.157833333333	-0.0125577444104	-5.36346172462e-06
0.158	-0.0125089006419	1.69243057575e-05
0.158166666667	-0.0124906929839	8.59218689621e-06
0.158333333333	-0.0124649624062	7.79920711775e-06
0.1585	-0.0124389993558	7.25491479999e-06
0.158666666667	-0.0124360135394	-1.62504015736e-05
0.158833333333	-0.0124031532249	-9.86501467811e-06
0.159	-0.0123626830012	4.14648196628e-06
0.159166666667	-0.0123335964152	6.79053660058e-06
0.159333333333	-0.0123130894639	8.71147535803e-07
0.1595	-0.01228659156	9.58897365047e-07
0.159666666667	-0.0122630168113	-1.86032658762e-06
0.159833333333	-0.0122378220951	-3.04340613716e-06
0.16	-0.0121990088119	9.40825325034e-06
0.160166666667	-0.0121778399976	4.23161103161e-06
0.160333333333	-0.0121616148277	-5.87251314555e-06
0.1605	-0.0121324157029	-2.98652451273e-06
0.160666666667	-0.0120935704246	9.56177055073e-06
0.160833333333	-0.0120720626423	4.78871794813e-06
0.161	-0.0120401759166	1.04107522465e-05
0.161166666667	-0.012012532115	1.18060013201e-05
0.161333333333	-0.0119990389075	-9.33209835407e-07
0.1615	-0.0119776903086	-5.80090019099e-06
0.161666666667	-0.0119485098903	-2.82064667553e-06
0.161833333333	-0.0119228299516	-3.32475300915e-06
0.162	-0.0118834643545	9.87291405552e-06
0.162166666667	-0.0118645307176	2.65473119432e-06
0.162333333333	-0.0118276227995	1.34269350684e-05
0.1625	-0.0118345743227	-1.96442017123e-05
0.162666666667	-0.0117849650589	3.86154452126e-06
0.162833333333	-0.0117589128033	3.82637380733e-06
0.163	-0.0117368209713	-1.53134091626e-07
0.163166666667	-0.0117055021017	5.11047728772e-06
0.163333333333	-0.0116821591077	2.41428998278e-06
0.1635	-0.0116683532645	-9.80297594808e-06
0.163666666667	-0.0116229466625	9.59658438414e-06
0.163833333333	-0.0115925233969	1.40288709311e-05
0.164	-0.0115732610461	7.31630046998e-06
0.164166666667	-0.0115455811153	9.03736309521e-06
0.164333333333	-0.0115351378563	-6.46219765769e-06
0.1645	-0.0115146922749	-1.1943392497e-05
0.164666666667	-0.0114666758666	1.01622784057e-05
0.164833333333	-0.0114522178505	-1.27440898339e-06
0.165	-0.0114106606458	1.44041215781e-05
0.165166666667	-0.0114152567336	-1.60546160118e-05
0.165333333333	-0.011385713739	-1.23582514219e-05
0.1655	-0.0113633671081	-1.58422355641e-05
0.165666666667	-0.0113289875785	-7.27731088153e-06
0.165833333333	-0.0112935401497	2.3715183079e-06
0.166	-0.0112748160689	-4.68699980923e-06
0.166166666667	-0.0112495142306	-5.15176466962e-06
0.166333333333	-0.0111999524751	1.8659378723e-05
0.1665	-0.0111749032471	1.79739809169e-05
0.166666666667	-0.0111657531735	1.40541010776e-06
0.166833333333	-0.0111352219097	6.23400620795e-06
0.167	-0.0111140924272	1.67679299656e-06
0.167166666667	-0.0110947155798	-4.6170881814e-06
0.167333333333	-0.0110710049433	-6.56121803464e-06
0.1675	-0.0110324856198	6.31929682782e-06
0.167666666667	-0.011019048805	-5.86674432122e-06
0.167833333333	-0.0109881598714	-5.84718646342e-07
0.168	-0.0109494408373	1.25433507677e-05
0.168166666667	-0.010947455455	-1.10462933123e-05
0.168333333333	-0.0109030854777	7.76459131009e-06
0.1685	-0.0108917059049	-6.39899973166e-06
0.168666666667	-0.010860408234	-6.28568549375e-07
0.168833333333	-0.0108251389354	9.12940950731e-06
0.169	-0.0108038843758	4.88856307103e-06
0.169166666667	-0.0107903009638	-7.00752135384e-06
0.169333333333	-0.0107709128155	-1.30829645713e-05
0.1695	-0.0107331607136	-7.78554125471e-07
0.169666666667	-0.0106988707949	8.07956851444e-06
0.169833333333	-0.0106811120438	4.22413930325e-07
0.17	-0.0106679338053	-1.17993675272e-05
0.170166666667	-0.0106286500277	2.1002710938e-06
0.170333333333	-0.0106009280001	4.45403572369e-06
0.1705	-0.0105904940565	-1.04644122851e-05
0.170666666667	-0.0105559384083	-1.24528925556e-06
0.170833333333	-0.0105420027721	-1.26303165465e-05
0.171	-0.0105003960214	3.67162767216e-06
0.171166666667	-0.0104684801675	1.02985271002e-05
0.171333333333	-0.0104624576469	-8.95205942893e-06
0.1715	-0.0104133702546	1.48780681946e-05
0.171666666667	-0.0104211258038	-1.81189080356e-05
0.171833333333	-0.0103775380731	2.43228614607e-07
0.172	-0.0103367355876	1.58359480493e-05
0.172166666667	-0.0103345824443	-7.20485143694e-06
0.172333333333	-0.0102931851643	9.01430430428e-06
0.1725	-0.0102796412581	-2.60410016563e-06
0.172666666667	-0.010256020927	-4.13027091643e-06
0.172833333333	-0.0102270623475	-3.02389176344e-07
0.173	-0.0102152637012	-1.36186414401e-05
0.173166666667	-0.0101893463654	-1.28004098746e-05
0.173333333333	-0.0101529062788	-1.44363778565e-06
0.1735	-0.0101239358595	2.45925165919e-06
0.173666666667	-0.0101032536732	-1.91031187931e-06
0.173833333333	-0.0100902258869	-1.39185002686e-05
0.174	-0.0100616116334	-1.03244510472e-05
0.174166666667	-0.0100091454519	1.71372915894e-05
0.174333333333	-0.0100001924467	1.10161862716e-06
0.1745	-0.0099808400589	-4.51891580601e-06
0.174666666667	-0.00995492442857	-3.56045666382e-06
0.174833333333	-0.00994806232929	-2.16397823245e-05
0.175	-0.00991755468237	-1.60578189206e-05
0.175166666667	-0.00987577018169	8.16734853154e-07
0.175333333333	-0.00985612892225	-4.43622084324e-06
0.1755	-0.00983128558199	-4.47136874677e-06
0.175666666667	-0.00979010520602	1.18462411916e-05
0.175833333333	-0.00978359827562	-6.49387712846e-06
0.176	-0.00977874062515	-2.64675628877e-05
0.176166666667	-0.00972296690495	4.49052873896e-06
0.176333333333	-0.00970838166734	-5.72415938062e-06
0.1765	-0.00969105488369	-1.31816034567e-05
0.176666666667	-0.00963889812824	1.42066174528e-05
0.176833333333	-0.0096233543761	4.99752340351e-06
0.177	-0.00959505491429	8.5598225591e-06
0.177166666667	-0.00956963392929	9.25932358788e-06
0.177333333333	-0.00956156446999	-7.377027205e-06
0.1775	-0.00952126877477	8.22852694261e-06
0.177666666667	-0.00950651919992	-1.69637506875e-06
0.177833333333	-0.00947840725769	1.75674966784e-06
0.178	-0.00945846353296	-2.94268856631e-06
0.178166666667	-0.00944219428944	-1.13009583083e-05
0.178333333333	-0.00940323834949	3.04311325749e-06
0.1785	-0.00936438924595	1.72959884332e-05
0.178666666667	-0.0093373953932	1.97092480202e-05
0.178833333333	-0.00932861966029	3.92001813021e-06
0.179	-0.00930157598499	6.41435614443e-06
0.179166666667	-0.00929476816036	-1.13115358206e-05
0.179333333333	-0.00926671061821	-7.77209442806e-06
0.1795	-0.0092275043862	6.93164782936e-06
0.179666666667	-0.00919344932098	1.64998294609e-05
0.179833333333	-0.00918592778194	-4.49913763686e-07
0.18	-0.00918113743815	-2.01152557654e-05
0.180166666667	-0.00914147785157	-4.89576332641e-06
0.180333333333	-0.00910389927365	8.25830724726e-06
0.1805	-0.00907259422556	1.51544299387e-05
0.180666666667	-0.00906354727287	-1.91965664651e-07
0.180833333333	-0.00903158133804	7.39619313898e-06
0.181	-0.00899544906409	1.91662584693e-05
0.181166666667	-0.00898614806039	4.12061613048e-06
0.181333333333	-0.00896540739802	5.30190176861e-07
0.1815	-0.00893157324852	1.00488042371e-05
0.181666666667	-0.00890995069987	7.37136546281e-06
0.181833333333	-0.00889163986167	1.39775942708e-06
0.182	-0.00886885856872	-8.98535444743e-08
0.182166666667	-0.00883567155665	8.84378608964e-06
0.182333333333	-0.00882038418083	-1.06681912165e-07
0.1825	-0.00877736321866	1.86919602208e-05
0.182666666667	-0.00877574778313	-3.89940536778e-06
0.182833333333	-0.00874230522848	5.3518622314e-06
0.183	-0.00872069496163	2.78635123949e-06
0.183166666667	-0.00869364150421	5.67953517459e-06
0.183333333333	-0.00868645114815	-1.12748827414e-05
0.1835	-0.00865349166028	-2.44467420068e-06
0.183666666667	-0.00862368835366	3.24484288721e-06
0.183833333333	-0.00862117898628	-1.83440943458e-05
0.184	-0.00857178044001	6.97162740465e-06
0.184166666667	-0.00856379755802	-9.11283991444e-06
0.184333333333	-0.00853949882763	-8.86598847515e-06
0.1845	-0.00850936020491	-2.76377921071e-06
0.184666666667	-0.00848421505769	-1.63958480539e-06
0.184833333333	-0.00845496739722	3.60257863539e-06
0.185	-0.00842376528101	1.08146487256e-05
0.185166666667	-0.00841436892247	-3.76359280003e-06
0.185333333333	-0.00837481614432	1.1830026477e-05
0.1855	-0.0083526166251	1.00858231472e-05
0.185666666667	-0.00834492694753	-6.15279035908e-06
0.185833333333	-0.00831928427669	-4.42298400752e-06
0.186	-0.00830544710169	-1.44832517579e-05
0.186166666667	-0.00826665926743	4.22556616952e-07
0.186333333333	-0.00826228741288	-1.90722027246e-05
0.1865	-0.00822396664258	-4.60263917385e-06
0.186666666667	-0.00820018633981	-4.6581408889e-06
0.186833333333	-0.00818258918273	-1.08813909021e-05
0.187	-0.00815998946141	-1.20866841492e-05
0.187166666667	-0.00813030388015	-6.19072979974e-06
0.187333333333	-0.00809402247551	6.31643072643e-06
0.1875	-0.00807474794349	1.83209653419e-06
0.187666666667	-0.00804645860602	6.37794084969e-06
0.187833333333	-0.0080263987074	2.70971447898e-06
0.188	-0.00800419464388	1.20101631458e-06
0.188166666667	-0.00798259093934	-8.92682411122e-07
0.188333333333	-0.00796027529454	-2.259087323e-06
0.1885	-0.00791927836509	1.50711410918e-05
0.188666666667	-0.00791212772322	-1.42957427504e-06
0.188833333333	-0.00789386899664	-6.80686600129e-06
0.189	-0.0078629993923	4.4205408269e-07
0.189166666667	-0.00783940967551	4.26415793646e-07
0.189333333333	-0.0078021727951	1.4073265413e-05
0.1895	-0.00778630334575	6.36800338768e-06
0.189666666667	-0.00777172265354	-2.6107012327e-06
0.189833333333	-0.00775548730848	-9.91944334759e-06
0.19	-0.0077222580275	-2.18944760562e-07
0.190166666667	-0.0077151329032	-1.66073029597e-05
0.190333333333	-0.00767714331563	-2.115902875e-06
0.1905	-0.00764990164219	1.64287321846e-06
0.190666666667	-0.00761448020761	1.35966957073e-05
0.190833333333	-0.00757584820278	2.87763688169e-05
0.191	-0.00757614431032	5.04320503859e-06
0.191166666667	-0.00756117553618	-3.40980644637e-06
0.191333333333	-0.0075162544753	1.81047345181e-05
0.1915	-0.0075073997132	3.56823753811e-06
0.191666666667	-0.00749932038618	-1.17284385818e-05
0.191833333333	-0.00747417028249	-9.93908695677e-06
0.192	-0.00743187548803	9.01020160567e-06
0.192166666667	-0.00742739574756	-9.84032253569e-06
0.192333333333	-0.00736574245804	2.84979387688e-05
0.1925	-0.00736319916665	7.74143345529e-06
0.192666666667	-0.00735000728657	-2.351256538e-06
0.192833333333	-0.0073281400203	-3.75333862125e-06
0.193	-0.00730973906447	-8.6065142914e-06
0.193166666667	-0.00727371064507	4.18298555252e-06
0.193333333333	-0.00726197223018	-7.30231205427e-06
0.1935	-0.00724867688777	-1.7215479973e-05
0.193666666667	-0.00720810692421	1.61170543785e-07
0.193833333333	-0.00717789361136	7.19636272127e-06
0.194	-0.00718353601815	-2.16089772457e-05
0.194166666667	-0.00714339226088	-4.61297055888e-06
0.194333333333	-0.00711582020745	-1.73490011048e-07
0.1945	-0.00708036802843	1.2161288927e-05
0.194666666667	-0.00707334654385	-3.91945866111e-06
0.194833333333	-0.00706200934321	-1.56693271712e-05
0.195	-0.007026869786	-3.60168099256e-06
0.195166666667	-0.00700530790313	-5.09655594135e-06
0.195333333333	-0.00698613445591	-8.96471821136e-06
0.1955	-0.00694245952569	1.16837459388e-05
0.195666666667	-0.00694542954019	-1.42975961069e-05
0.195833333333	-0.00691990754243	-1.17717922566e-05
0.196	-0.0068811167801	4.03790487784e-06
0.196166666667	-0.00686673720935	-4.54846573119e-06
0.196333333333	-0.00682852066567	1.071725551e-05
0.1965	-0.00681986080015	-3.55858738789e-06
0.196666666667	-0.0067856897953	7.6918181708e-06
0.196833333333	-0.00676481126231	5.6648560902e-06
0.197	-0.00674234726115	5.23846148953e-06
0.197166666667	-0.00672195250217	2.75791913395e-06
0.197333333333	-0.00671914345077	-1.72932412993e-05
0.1975	-0.00666684552898	1.21595532545e-05
0.197666666667	-0.00666573941053	-9.56437582068e-06
0.197833333333	-0.00663540359543	-2.04353345717e-06
0.198	-0.00658666903219	2.3891126943e-05
0.198166666667	-0.00657492700898	1.28483122914e-05
0.198333333333	-0.00657035961627	-5.35407278447e-06
0.1985	-0.00655306384733	-1.08130264673e-05
0.198666666667	-0.00648984551684	2.96656316639e-05
0.198833333333	-0.00649923957382	-2.45305231977e-06
0.199	-0.00645109154629	2.29853886433e-05
0.199166666667	-0.00643769235257	1.36900313395e-05
0.199333333333	-0.00641530851633	1.33943471738e-05
0.1995	-0.00640130436976	4.73399904623e-06
0.199666666667	-0.00637433029089	9.05860402078e-06
0.199833333333	-0.00636261118658	-1.85674966007e-06
0.2	-0.00634189190676	-3.7569168631e-06
0.200166666667	-0.00632845086681	-1.29203178683e-05
0.200333333333	-0.00629332348384	-3.8237469497e-07
0.2005	-0.00625377871503	1.65879505586e-05
0.200666666667	-0.00621336464321	3.44425701441e-05
0.200833333333	-0.006174993764	5.02689835413e-05
0.201	-0.00614230925673	6.04240064942e-05
0.201166666667	-0.00606733570016	0.000112883055321
0.201333333333	-0.00601406194465	0.000143657274769
0.2015	-0.005972861064	0.000162373586099
0.201666666667	-0.00590986559928	0.000202899443343
0.201833333333	-0.00586512345576	0.000225186936305
0.202	-0.00583151415533	0.000236356538166
0.202166666667	-0.00579218871072	0.000253257231307
0.202333333333	-0.00576060870475	0.000262427427962
0.2025	-0.00576512080775	0.000235520452896
0.202666666667	-0.00580416328802	0.00017409803289
0.202833333333	-0.00584392827778	0.000111968030792
0.203	-0.00589400469998	3.95415187459e-05
0.203166666667	-0.00595822494836	-4.70139019133e-05
0.203333333333	-0.00599723091442	-0.000108340127605
0.2035	-0.00607296520969	-0.000206379774781
0.203666666667	-0.0061271717312	-0.000282876745402
0.203833333333	-0.00619336008718	-0.000371340652605
0.204	-0.0062830547997	-0.000483296023395
0.204166666667	-0.0063461108271	-0.000568597821035
0.204333333333	-0.00640463802151	-0.000649355902572
0.2045	-0.00644718710121	-0.000714120991217
0.204666666667	-0.00645858063725	-0.000747715662936
0.204833333333	-0.00645672424245	-0.000768045535479
0.205	-0.00645317035201	-0.000786663048966
0.205166666667	-0.006393630876	-0.00074928011841
0.205333333333	-0.00630206452268	-0.000679855456976
0.2055	-0.00617507043967	-0.000574988217219
0.205666666667	-0.00602526333109	-0.000447293108192
0.205833333333	-0.00582121792665	-0.00026534486453
0.206	-0.00562248111569	-8.86903804977e-05
0.206166666667	-0.0052407059622	0.000271017274996
0.206333333333	-0.00475036670023	0.000739303862956
0.2065	-0.00422351063981	0.00124412206842
0.206666666667	-0.00372455232524	0.00172105734218
0.206833333333	-0.00319731210103	0.00222628933478
0.207	-0.00271908015097	0.0026825278575
0.207166666667	-0.00228145252461	0.00309817685587
0.207333333333	-0.00192354550624	0.00343412004065
0.2075	-0.00166189596282	0.00367382053997
0.207666666667	-0.00151331188081	0.00380047036243
0.207833333333	-0.00144734621125	0.00384451655204
0.208	-0.00151211358032	0.00375784447772
0.208166666667	-0.00172880567836	0.00351926244417
0.208333333333	-0.00210407341164	0.00312211954019
0.2085	-0.0025565781755	0.00264775436552
0.208666666667	-0.00315467960643	0.00202780727872
0.208833333333	-0.00384755679816	0.00131309918114
0.209	-0.00465551170303	0.000483328115488
0.209166666667	-0.00533696255231	-0.000219924154429
0.209333333333	-0.00576174919759	-0.000666497485136
0.2095	-0.00620038608653	-0.00112690632923
0.209666666667	-0.00665495385737	-0.00160323132991
0.209833333333	-0.00706763233423	-0.0020376523162
0.21	-0.00741541422286	-0.00240716199881
0.210166666667	-0.00772973433683	-0.00274319519624
0.210333333333	-0.00799834672005	-0.00303350595733
0.2105	-0.00815659125406	-0.00321343416857
0.210666666667	-0.0082178141382	-0.00329632603423
0.210833333333	-0.00819764252198	-0.00329780870878
0.211	-0.00807488001741	-0.00319668580915
0.211166666667	-0.00783435377393	-0.00297778448972
0.211333333333	-0.00750461210055	-0.00266965306446
0.2115	-0.00705538625666	-0.00224202279768
0.211666666667	-0.00654026988267	-0.00174848733473
0.211833333333	-0.0059331754086	-0.00116295911058
0.212	-0.00529116401523	-0.000542499310963
0.212166666667	-0.00447546989127	0.000251657870485
0.212333333333	-0.00304958363192	0.00165602183362
0.2125	-0.00164983478983	0.00303426302084
0.212666666667	-0.000284069496233	0.00437853529598
0.212833333333	0.00101852137774	0.00565964778296
0.213	0.00214894707623	0.00676860972097
0.213166666667	0.00312417711645	0.00772239062229
0.213333333333	0.00387936907619	0.00845614805976
0.2135	0.00439256120232	0.0089479202753
0.213666666667	0.00466234163238	0.00919629540152
0.213833333333	0.00463931105102	0.00915187411811
0.214	0.00432450819731	0.00881569515919
0.214166666667	0.00374457077625	0.00821439622483
0.214333333333	0.0029143329596	0.00736281148183
0.2145	0.00179582320505	0.00622296938294
0.214666666667	0.000464416889407	0.00487024530002
0.214833333333	-0.00102255213066	0.00336197308478
0.215	-0.00266038930324	0.00170284728419
0.215166666667	-0.00438759523171	-4.56327100639e-05
0.215333333333	-0.00529273569649	-0.000972032683361
0.2155	-0.00614439914884	-0.00184494109192
0.215666666667	-0.00696407216478	-0.0026858445167
0.215833333333	-0.00772862694825	-0.00347161516659
0.216	-0.00839871344787	-0.00416290299516
0.216166666667	-0.00895766977144	-0.00474304611516
0.216333333333	-0.00938738924147	-0.00519393785405
0.2165	-0.00966451374672	-0.00549222010555
0.216666666667	-0.00977827952721	-0.00562712911462
0.216833333333	-0.0097162476677	-0.00558622597099
0.217	-0.00951305157159	-0.00540414408299
0.217166666667	-0.0091179169225	-0.0050301091392
0.217333333333	-0.00857444458062	-0.00450772200477
0.2175	-0.00789533910534	-0.00384968724403
0.217666666667	-0.00709751160324	-0.00307291596852
0.217833333333	-0.00620046768895	-0.00219691379782
0.218	-0.00522095457615	-0.00123842795058
0.218166666667	-0.00421510057597	-0.000253586742862
0.218333333333	-0.00238643969658	0.00155407581219
0.2185	-0.000378111803778	0.00354141984384
0.218666666667	0.00152966660894	0.00542822885364
0.218833333333	0.00329189840702	0.00716950570205
0.219	0.0048352689856	0.00869193577929
0.219166666667	0.00611020490466	0.00994594564036
0.219333333333	0.00709772176589	0.010912550882
0.2195	0.00775343676399	0.011547368694
0.219666666667	0.00805916970789	0.0118322188802
0.219833333333	0.00802133083272	0.0117735116709
0.22	0.00762426820704	0.0113555951297
0.220166666667	0.00684047253633	0.010550959957
0.220333333333	0.00580284322209	0.00949250554954
0.2205	0.00445391977752	0.00812277141539
0.220666666667	0.00287759191691	0.00652564726395
0.220833333333	0.00108367595755	0.00471094940754
0.221	-0.000838372399793	0.00276813354197
0.221166666667	-0.00285908906551	0.000726663751899
0.221333333333	-0.0043000242746	-0.000735010202656
0.2215	-0.00528149737647	-0.00173720767604
0.221666666667	-0.00622521138041	-0.0027016316825
0.221833333333	-0.00709927347738	-0.00359638941797
0.222	-0.00784745523285	-0.00436525245288
0.222166666667	-0.00849245819218	-0.00503092233755
0.222333333333	-0.00897272861887	-0.00553184534042
0.2225	-0.00930293441886	-0.00588268937243
0.222666666667	-0.00945253110028	-0.00605290994665
0.222833333333	-0.0094227196026	-0.0060437080075
0.223	-0.00924643046848	-0.00588801410262
0.223166666667	-0.00886474255669	-0.00552690709573
0.223333333333	-0.00834313681518	-0.00502586793977
0.2235	-0.00765672156868	-0.00436000496439
0.223666666667	-0.00684875699255	-0.00357257834995
0.223833333333	-0.005935684406	-0.00268002942061
0.224	-0.00495623907099	-0.00172109344329
0.224166666667	-0.00394286246518	-0.000728211900624
0.224333333333	-0.00249424416144	0.000699925629564
0.2245	-0.000459986024749	0.00271371727733
0.224666666667	0.00152953734973	0.00468278844255
0.224833333333	0.00335758071563	0.00649039387387
0.225	0.0050006584096	0.00811304790301
0.225166666667	0.00636336971215	0.00945534980547
0.225333333333	0.0074742406862	0.0105458256392
0.2255	0.00824497426244	0.01129617833
0.225666666667	0.00869830225917	0.0117291396912
0.225833333333	0.00877080902603	0.0117812940674
0.226	0.00849477882743	0.011484925718
0.226166666667	0.00792465750026	0.0108944804751
0.226333333333	0.0069713636417	0.00992087693074
0.2265	0.00573172058302	0.00866093841131
0.226666666667	0.00423392012361	0.00714285671122
0.226833333333	0.00250904415935	0.00539771372138
0.227	0.000634410428427	0.003502827175
0.227166666667	-0.00134408178348	0.0015040963528
0.227333333333	-0.00320269131219	-0.000374737586007
0.2275	-0.00419759171073	-0.00138984819941
0.227666666667	-0.00515047255257	-0.00236292506587
0.227833333333	-0.00606968469769	-0.00330231905031
0.228	-0.00686066796421	-0.00411346997584
0.228166666667	-0.00754901703123	-0.00482197252652
0.228333333333	-0.00810854139354	-0.00540163620211
0.2285	-0.00850648491898	-0.00581970487543
0.228666666667	-0.00873865359237	-0.00607198453624
0.228833333333	-0.00876204281408	-0.00611547058991
0.229	-0.00864460877475	-0.00601811923205
0.229166666667	-0.00834571687348	-0.0057392958667
0.229333333333	-0.00788763988563	-0.00530127327423
0.2295	-0.00725746038125	-0.00469113402963
0.229666666667	-0.006514852969	-0.00396855274656
0.229833333333	-0.00563996498307	-0.00311367676415
0.23	-0.00468108705496	-0.0021747967189
0.230166666667	-0.00368074776083	-0.00119444119191
0.230333333333	-0.0025991668133	-0.000132829900806
0.2305	-0.000571057140491	0.00187532422134
0.230666666667	0.00144084899313	0.00386728890509
0.230833333333	0.00331887356531	0.0057253861232
0.231	0.00503066983802	0.00741726913269
0.231166666667	0.00652182861608	0.00888852873339
0.231333333333	0.00773431724844	0.0100811322693
0.2315	0.00866286360795	0.0109898076082
0.231666666667	0.00924734335691	0.0115544304076
0.231833333333	0.00947180405636	0.0117590482235
0.232	0.0093671559746	0.0116345713191
0.232166666667	0.00888076422604	0.0111283648039
0.232333333333	0.00808081152301	0.0103086113854
0.2325	0.00693903121775	0.00914704441063
0.232666666667	0.00555841167273	0.00774665223726
0.232833333333	0.00392733855942	0.00609582053171
0.233	0.00209125264063	0.00423999005185
0.233166666667	0.000152338966027	0.00228134584236
0.233333333333	-0.00189211945652	0.000217170906129
0.2335	-0.00312764126235	-0.00103805339716
0.233666666667	-0.00411105997916	-0.00204116060017
0.233833333333	-0.00502849687346	-0.0029782719744
0.234	-0.00587432245312	-0.00384375803268
0.234166666667	-0.00661158022715	-0.004600662289
0.234333333333	-0.00722783332446	-0.00523654787726
0.2345	-0.00767728501309	-0.00570561807044
0.234666666667	-0.00797264506191	-0.00602058264243
0.234833333333	-0.0081098876578	-0.00617741578507
0.235	-0.00805766855542	-0.00614477325799
0.235166666667	-0.0078227264208	-0.0059293937322
0.235333333333	-0.007428079759	-0.00555429571774
0.2355	-0.00685961357519	-0.00500536422475
0.235666666667	-0.00614700132331	-0.00431227271214
0.235833333333	-0.0053377515095	-0.00352252969105
0.236	-0.00441002344859	-0.00261429448129
0.236166666667	-0.0033876333356	-0.00161138328282
0.236333333333	-0.00236143935522	-0.000604654285345
0.2365	-0.000742742670839	0.000994591342781
0.236666666667	0.00130266183565	0.00302055871469
0.236833333333	0.00325819288005	0.00495666654121
0.237	0.00503336735346	0.00671243170844
0.237166666667	0.00663511238454	0.0082947813401
0.237333333333	0.00794124200391	0.0095815294618
0.2375	0.00898971706917	0.0106106369262
0.237666666667	0.00971695556361	0.0113185217115
0.237833333333	0.0101050173637	0.0116872436894
0.238	0.0101067922007	0.0116696925859
0.238166666667	0.00978080120501	0.0113243895267
0.238333333333	0.00910387683783	0.0106281669678
0.2385	0.008114018393	0.00961902419824
0.238666666667	0.00682101103102	0.00830674637343
0.238833333333	0.00525809530511	0.00672457404163
0.239	0.00353485457051	0.00498209055311
0.239166666667	0.00163347497909	0.00306148205476
0.239333333333	-0.000385550871608	0.00102324113915
0.2395	-0.00206857236314	-0.000678981580277
0.239666666667	-0.00304235216144	-0.00167194877442
0.239833333333	-0.00401166133239	-0.00266043151413
0.24	-0.0048710183012	-0.00353894822963
0.240166666667	-0.00568128441462	-0.00436836027263
0.240333333333	-0.00632973974293	-0.00503594771839
0.2405	-0.00685563946241	-0.00558096574818
0.240666666667	-0.00722659888038	-0.00597102967428
0.240833333333	-0.00741487090856	-0.00617839241341
0.241	-0.00742956405548	-0.00621216247909
0.241166666667	-0.00727209952749	-0.00607376108262
0.241333333333	-0.00694158699401	-0.00576229789842
0.2415	-0.00644377721494	-0.00528352369138
0.241666666667	-0.00579294241678	-0.00465171069296
0.241833333333	-0.00504026732902	-0.00391804363763
0.242	-0.00414502800052	-0.00304179857926
0.242166666667	-0.00317187279662	-0.00208762388815
0.242333333333	-0.00214201166443	-0.0010767295164
0.2425	-0.000932264500132	0.00011406463484
0.242666666667	0.00112836299792	0.00215575286222
0.242833333333	0.00313448148648	0.00414294581752
0.243	0.00497815266778	0.00596770519798
0.243166666667	0.00666258036045	0.00763323481726
0.243333333333	0.00809917097735	0.00905094108323
0.2435	0.00924790565084	0.0101808051233
0.243666666667	0.0101178067626	0.0110318493141
0.243833333333	0.0106273484931	0.0115225478312
0.244	0.0107966221121	0.0116729919392
0.244166666667	0.0106004172769	0.0114579712907
0.244333333333	0.010073127186	0.0109118790791
0.2445	0.00919724587518	0.010017209335
0.244666666667	0.00801505274057	0.00881624144982
0.244833333333	0.00656392290021	0.0073463505365
0.245	0.00488911049424	0.0056527907302
0.245166666667	0.00305308600009	0.00379803250338
0.245333333333	0.00108089111818	0.00180711755147
0.2455	-0.000961857976786	-0.000254337955796
0.245666666667	-0.00201986988947	-0.00133104262808
0.245833333333	-0.00296896645657	-0.00229881830706
0.246	-0.00391607806375	-0.00326459538336
0.246166666667	-0.00472044409396	-0.00408761324495
0.246333333333	-0.00543083536416	-0.00481664271376
0.2465	-0.00601388144319	-0.00541831336359
0.246666666667	-0.00643302646939	-0.0058560693378
0.246833333333	-0.0066950007058	-0.00613664090437
0.247	-0.00680390294353	-0.00626412685944
0.247166666667	-0.00671272908676	-0.00619152311215
0.247333333333	-0.00643609001103	-0.00593344054302
0.2475	-0.00602479494298	-0.00554068838367
0.247666666667	-0.00543551829544	-0.00496994105193
0.247833333333	-0.00471153199091	-0.00426447047527
0.248	-0.0038617514576	-0.0034331920869
0.248166666667	-0.00293424279177	-0.00252417198805
0.248333333333	-0.0019324419348	-0.00154084612507
0.2485	-0.000891312647725	-0.000518178264007
0.248666666667	0.000909149996397	0.00126383651711
0.248833333333	0.00296001259486	0.00329626481059
0.249	0.00488338380908	0.00520121527287
0.249166666667	0.00662699427487	0.00692641853477
0.249333333333	0.00818462000538	0.00846565060448
0.2495	0.00945779959979	0.00972045007615
0.249666666667	0.0104448572337	0.0106891411204
0.249833333333	0.0110986195211	0.0113245503463
0.25	0.0113919520188	0.0115995433057
0.250166666667	0.011344980053	0.0115342453196
0.250333333333	0.0109490094591	0.0111199622187
0.2505	0.0102258819116	0.0103785356724
0.250666666667	0.00913249004138	0.00926685830647
0.250833333333	0.00781658069993	0.00793267696759
0.251	0.00622472561796	0.0063225633814
0.251166666667	0.00443672015989	0.00451631290738
0.251333333333	0.00250373738273	0.00256509859751
0.2515	0.000478319026525	0.000521462186895
0.251666666667	-0.000985658909653	-0.000960720330401
0.251833333333	-0.00197159800122	-0.00196485053477
0.252	-0.0028923879997	-0.00290381818273
0.252166666667	-0.00377715006582	-0.00380674443998
0.252333333333	-0.00455232205532	-0.00460006716725
0.2525	-0.00518823919207	-0.0052541215934
0.252666666667	-0.00568422776566	-0.00576823401298
0.252833333333	-0.00600980027945	-0.00611191693437
0.253	-0.00616699800874	-0.00628721163782
0.253166666667	-0.00616047443849	-0.00629877161329
0.253333333333	-0.00595212575431	-0.00610849305138
0.2535	-0.00559897499851	-0.00577339899938
0.253666666667	-0.00506997241287	-0.00526243970405
0.253833333333	-0.00441903290603	-0.004629530079
0.254	-0.0035923647881	-0.00382087843936
0.254166666667	-0.00269791732187	-0.00294443405286
0.254333333333	-0.00171576971905	-0.00198027613623
0.2545	-0.00070678612263	-0.000989268837425
0.254666666667	0.000716931308251	0.000416485679426
0.254833333333	0.0027794046547	0.00246100949044
0.255	0.00472572904863	0.00438939772256
0.255166666667	0.0065722343078	0.00621798018856
0.255333333333	0.00820569268616	0.0078335291374
0.2555	0.0095796736619	0.00918961404229
0.255666666667	0.0106947643705	0.0102868220337
0.255833333333	0.0114853828325	0.0110595711272
0.256	0.0119115573997	0.0114678896697
0.256166666667	0.0120317764557	0.0115702660396
0.256333333333	0.0117665492774	0.0112872095091
0.2565	0.0111637629896	0.0106666071978
0.256666666667	0.0102233490276	0.00970839053602
0.256833333333	0.00899689904952	0.00846415117705
0.257	0.00749109751169	0.00694057357211
0.257166666667	0.00578914242696	0.0052208557291
0.257333333333	0.00390235450011	0.00331631834782
0.2575	0.00192678077598	0.00132300846812
0.257666666667	6.08396893543e-05	-0.000560655480186
0.257833333333	-0.000959305527228	-0.00159851026955
0.258	-0.00193855954545	-0.00259546057664
0.258166666667	-0.00283248761164	-0.00350707165277
0.258333333333	-0.00365711029931	-0.00434936407642
0.2585	-0.00435012447887	-0.005060034723
0.258666666667	-0.00489343275334	-0.0056209862005
0.258833333333	-0.00529901871062	-0.00604420210182
0.259	-0.00553027178299	-0.0062930718642
0.259166666667	-0.00558694290142	-0.00636734642361
0.259333333333	-0.00545682238784	-0.00625481610697
0.2595	-0.00515313903234	-0.00596870970932
0.259666666667	-0.00470622715884	-0.00553936155959
0.259833333333	-0.00409665605458	-0.00494734095
0.26	-0.00332978056119	-0.00419800272715
0.260166666667	-0.00245734992988	-0.00334309614724
0.260333333333	-0.00154962408706	-0.00245288114167
0.2605	-0.000537532908013	-0.00145828759069
0.260666666667	0.000533097306196	-0.00040514180036
0.260833333333	0.00254271649286	0.00158700616163
0.261	0.00456398751693	0.00359081915527
0.261166666667	0.0064492534668	0.00545864026395
0.261333333333	0.00817207165849	0.00716402679871
0.2615	0.00964732717533	0.00862186383791
0.261666666667	0.0108773117156	0.00983444307481
0.261833333333	0.0117921867578	0.010731925983
0.262	0.0123826473097	0.0113050075652
0.262166666667	0.0126305301023	0.0115355245475
0.262333333333	0.0125026346625	0.0113902764518
0.2625	0.0120377414436	0.0109080437263
0.262666666667	0.0112314698369	0.0100844457574
0.262833333333	0.0101144017306	0.00895006442841
0.263	0.00872651287646	0.00754487548602
0.263166666667	0.00709260369464	0.0058936793454
0.263333333333	0.00526462142732	0.00404842324376
0.2635	0.00333526278355	0.00210180388519
0.263666666667	0.00131424072881	6.35342301693e-05
0.263833333333	2.53334166518e-05	-0.00124260757272
0.264	-0.000945443009734	-0.00223060538527
0.264166666667	-0.00188911003723	-0.00319148069935
0.264333333333	-0.00272607226708	-0.00404563812118
0.2645	-0.00346767951777	-0.00480442747423
0.264666666667	-0.00409518921953	-0.0054491061937
0.264833333333	-0.00456325814251	-0.00593433105472
0.265	-0.0048637419829	-0.00625195775847
0.265166666667	-0.00498741707924	-0.00639276264848
0.265333333333	-0.00491763396569	-0.00634009626387
0.2655	-0.00471099772999	-0.00615056369735
0.265666666667	-0.00433684065655	-0.00579349723835
0.265833333333	-0.0037820203584	-0.00525575450484
0.266	-0.00306994434079	-0.00456074300707
0.266166666667	-0.00225645478329	-0.00376430492958
0.266333333333	-0.00135348403211	-0.00287837262356
0.2665	-0.00034543129468	-0.00188734530143
0.266666666667	0.000706778122289	-0.000852148274864
0.266833333333	0.00229602944862	0.000720103680968
0.267	0.00433347137298	0.00274055924977
0.267166666667	0.00629436608184	0.00468448061302
0.267333333333	0.0080778318195	0.00645098601004
0.2675	0.00966146079618	0.00801766764609
0.267666666667	0.0109970986866	0.00933637119088
0.267833333333	0.0120400767344	0.0103624278831
0.268	0.0127490694324	0.0110545122106
0.268166666667	0.0131405593872	0.011429106775
0.268333333333	0.0131635762216	0.011435241194
0.2685	0.0128552695586	0.0111100650858
0.268666666667	0.0121949936517	0.0104329326988
0.268833333333	0.0111802332034	0.00940132873071
0.269	0.00988697298035	0.00809123794299
0.269166666667	0.00835696387508	0.00654441122328
0.269333333333	0.00658602673563	0.00475666941461
0.2695	0.00469954917158	0.00285340012163
0.269666666667	0.00269805650321	0.000835128659601
0.269833333333	0.00100614158283	-0.000873552124115
0.27	1.3120150521e-05	-0.00188332649442
0.270166666667	-0.000943281822467	-0.00285646848505
0.270333333333	-0.00182688875886	-0.0037568025237
0.2705	-0.00261919892153	-0.00456582687821
0.270666666667	-0.00328133890038	-0.00524466814348
0.270833333333	-0.00383156227907	-0.00581157990812
0.271	-0.00418731735561	-0.00618401047513
0.271166666667	-0.00437160624387	-0.00638496196335
0.271333333333	-0.00441479900314	-0.00644480443706
0.2715	-0.00426325720869	-0.00630989947649
0.271666666667	-0.00392711627552	-0.00599038250161
0.271833333333	-0.00343318797524	-0.00551306528902
0.272	-0.00280986330681	-0.00490633884264
0.272166666667	-0.00202951227263	-0.00414257316986
0.272333333333	-0.00116305781067	-0.00329269121361
0.2725	-0.000193724396421	-0.00233991745436
0.272666666667	0.000834163869052	-0.00132857599816
0.272833333333	0.00199942001679	-0.000179853818921
0.273	0.00407505067179	0.00187925570336
0.273166666667	0.00608230574044	0.00387000247011
0.273333333333	0.00795129669217	0.00572249794577
0.2735	0.00960514122195	0.00735985982036
0.273666666667	0.0110529849306	0.0087912336897
0.273833333333	0.0122180696753	0.00993986140608
0.274	0.013078439323	0.0107837868313
0.274166666667	0.0135852590334	0.0112741751202
0.274333333333	0.0137785012148	0.0114509986762
0.2745	0.0135828384733	0.0112389301003
0.274666666667	0.0130314734181	0.0106711719968
0.274833333333	0.0121745341068	0.00979785241826
0.275	0.0110148983538	0.0086218491741
0.275166666667	0.00957500424555	0.00716560034587
0.275333333333	0.00789206133195	0.00546631547845
0.2755	0.00606348636249	0.00362141131639
0.275666666667	0.00406864456833	0.00161025308584
0.275833333333	0.0020482176009	-0.0004264775667
0.276	0.000975351165487	-0.00151563494093
0.276166666667	-5.47253927412e-06	-0.00251273684319
0.276333333333	-0.000923306800096	-0.00344683656515
0.2765	-0.00177783669926	-0.00431761919408
0.276666666667	-0.00247907664919	-0.00503509914736
0.276833333333	-0.00305846860304	-0.00563071838312
0.277	-0.00350859644995	-0.00609706079546
0.277166666667	-0.00377971679862	-0.00638438299805
0.277333333333	-0.00387400484764	-0.00649486019446
0.2775	-0.00379281018892	-0.00642984198157
0.277666666667	-0.00354091442157	-0.00619410996345
0.277833333333	-0.00310307061403	-0.00577241721351
0.278	-0.00253050580359	-0.005215990774
0.278166666667	-0.00181604635986	-0.00451765701951
0.278333333333	-0.000972765575381	-0.00369048924755
0.2785	-3.58554454732e-05	-0.0027696794584
0.278666666667	0.000991965705742	-0.00175794598115
0.278833333333	0.00199244984019	-0.000773536858841
0.279	0.00380953973311	0.0010274906788
0.279166666667	0.00582042084229	0.00302232208458
0.279333333333	0.00774997605759	0.00493584024341
0.2795	0.00950550460469	0.006675344376
0.279666666667	0.0110526908516	0.00820651884543
0.279833333333	0.0123331115678	0.00947094041613
0.28	0.0133020891532	0.0104239314831
0.280166666667	0.0139821103745	0.011087978808
0.280333333333	0.0142757819578	0.0113656891122
0.2805	0.0142315069633	0.0113054654505
0.280666666667	0.0138328136389	0.0108908360663
0.280833333333	0.0131353842779	0.0101774832477
0.281	0.0120764378359	0.00910262594535
0.281166666667	0.0107179144396	0.00772820428106
0.281333333333	0.00912158003247	0.0061159841932
0.2815	0.00737408820138	0.0043526192638
0.281666666667	0.00541711120095	0.00237978174247
0.281833333333	0.00339246976612	0.000339292359191
0.282	0.00192651506886	-0.00114249771902
0.282166666667	0.000914451316571	-0.00217038428975
0.282333333333	-2.79256923276e-05	-0.00312857155952
0.2825	-0.000904629866835	-0.00402107344229
0.282666666667	-0.0016546172517	-0.00478684598779
0.282833333333	-0.00231809686702	-0.00546609822106
0.283	-0.00283283736067	-0.00599659879494
0.283166666667	-0.00315516309222	-0.00633467207397
0.283333333333	-0.00332494791426	-0.0065201919157
0.2835	-0.0033168251824	-0.00652779168069
0.283666666667	-0.00311826969698	-0.00634494617426
0.283833333333	-0.00276260781199	-0.00600498175535
0.284	-0.00224031360255	-0.00549837250402
0.284166666667	-0.00158148343241	-0.00485521478901
0.284333333333	-0.000784292326443	-0.00407368364014
0.2845	0.000115015223863	-0.00319002355386
0.284666666667	0.00108010221018	-0.00224057154346
0.284833333333	0.00209196623861	-0.00124433000779
0.285	0.0034950323987	0.000143126137733
0.285166666667	0.0055460103255	0.00217850652321
0.285333333333	0.00751408616618	0.00413099729084
0.2855	0.00934551138739	0.00594684990232
0.285666666667	0.010984447012	0.00757022537556
0.285833333333	0.0123769860251	0.0089472166907
0.286	0.0134727221576	0.0100274175737
0.286166666667	0.0142512292261	0.0107904018361
0.286333333333	0.0147228659478	0.0112465281904
0.2865	0.014834091126	0.0113422554347
0.286666666667	0.0145755528934	0.0110682316968
0.286833333333	0.0139784148051	0.0104556205269
0.287	0.0130559560144	0.00951770107326
0.287166666667	0.0118135166165	0.00825981342616
0.287333333333	0.0103362001372	0.00676706110654
0.2875	0.00862592697552	0.00504136450835
0.287666666667	0.00674686985035	0.00314689634556
0.287833333333	0.00477971704531	0.00116434489684
0.288	0.00284455004281	-0.000786208360357
0.288166666667	0.00184148669816	-0.00180464557568
0.288333333333	0.00086632637917	-0.00279516738627
0.2885	-3.23244101911e-05	-0.0037091672931
0.288666666667	-0.000842459040898	-0.00453463867211
0.288833333333	-0.00153655818908	-0.00524406220438
0.289	-0.002092824308	-0.00581564034812
0.289166666667	-0.00251758837964	-0.00625570409027
0.289333333333	-0.00276668692841	-0.00652008996019
0.2895	-0.00280988545156	-0.00657856346008
0.289666666667	-0.00271242608104	-0.00649636672685
0.289833333333	-0.00242640458555	-0.00622559553414
0.29	-0.00195778822032	-0.00577221714213
0.290166666667	-0.00134668607961	-0.00517634065004
0.290333333333	-0.00062397862635	-0.00446884652574
0.2905	0.000230047804247	-0.00363002110939
0.290666666667	0.00121009241059	-0.00266516520756
0.290833333333	0.00219710196207	-0.00169333205576
0.291	0.00324635966065	-0.00065923845702
0.291166666667	0.00526651680135	0.00134576687876
0.291333333333	0.00724920094464	0.00331331150709
0.2915	0.00913788113227	0.00518686446477
0.291666666667	0.0108775951762	0.00691146355882
0.291833333333	0.0123684713968	0.00838723710464
0.292	0.0135879682906	0.00959164359384
0.292166666667	0.0145042142214	0.0104928113852
0.292333333333	0.0151027205861	0.0110762518709
0.2925	0.0153236318613	0.0112821095223
0.292666666667	0.0152246339747	0.0111680702623
0.292833333333	0.0147767265632	0.0107051337229
0.293	0.0139724305974	0.00988582086959
0.293166666667	0.0128741273939	0.00877251301422
0.293333333333	0.011471703807	0.00735509700609
0.2935	0.00984649257927	0.00571490558267
0.293666666667	0.00804435569671	0.0038978007252
0.293833333333	0.00608296043039	0.00192144969973
0.294	0.00405386762487	-0.000122586654111
0.294166666667	0.00276925138515	-0.00142213423627
0.294333333333	0.00176785702398	-0.00243844773893
0.2945	0.000845543322082	-0.00337566838632
0.294666666667	-3.50692411865e-05	-0.00427117570403
0.294833333333	-0.000765070082282	-0.00501605911344
0.295	-0.00139399453066	-0.00565985394897
0.295166666667	-0.00186822253337	-0.0061489401626
0.295333333333	-0.00215846756707	-0.00645403123591
0.2955	-0.00232130890217	-0.00663170644429
0.295666666667	-0.00224838743782	-0.0065736066918
0.295833333333	-0.00205007806471	-0.00639010687408
0.296	-0.00165167480794	-0.00600650102118
0.296166666667	-0.00110939363928	-0.00547900510978
0.296333333333	-0.000420479713915	-0.00480486430004
0.2965	0.000412922209681	-0.00398622335535
0.296666666667	0.00130889634925	-0.0031049980629
0.296833333333	0.00230611280863	-0.00212251832382
0.297	0.00333673696725	-0.00110661876359
0.297166666667	0.00491097385266	0.000452905640393
0.297333333333	0.00696201770625	0.00248924912458
0.2975	0.00890001393204	0.00441255708806
0.297666666667	0.0106835572956	0.00618142429144
0.297833333333	0.0122942881498	0.00777749108273
0.298	0.0136222450368	0.00909079599903
0.298166666667	0.0146695488878	0.0101234599667
0.298333333333	0.0153903691023	0.0108296523803
0.2985	0.0157872728371	0.0112119403916
0.298666666667	0.0158276068554	0.0112376707591
0.298833333333	0.015500072392	0.0108955447124
0.299	0.0148343368554	0.0102152296552
0.299166666667	0.0138548078146	0.00922113315153
0.299333333333	0.0125597518373	0.00791152176412
0.2995	0.0110304944192	0.00636772098381
0.299666666667	0.00928667840418	0.00460937364957
0.299833333333	0.007383701933	0.00269187789714
