freq_hz	exact_dbc	moved_dbc
0	-150.612754558	-79.3089274502
0.0457763671875	-143.097533918	-79.3139085149
0.091552734375	-147.283133011	-79.3097976809
0.137329101562	-140.239679675	-79.3039975624
0.18310546875	-137.413441805	-79.3076527603
0.228881835938	-143.51839273	-79.3147656595
0.274658203125	-142.651176094	-79.3171736215
0.320434570312	-133.93703903	-79.299165855
0.3662109375	-144.188262319	-79.309648017
0.411987304688	-135.449352282	-79.3150747792
0.457763671875	-134.626622538	-79.2990384666
0.503540039062	-142.860582102	-79.3168875571
0.54931640625	-132.81694463	-79.2957849869
0.595092773438	-139.428003104	-79.3049712814
0.640869140625	-134.13762055	-79.317751886
0.686645507812	-137.658872103	-79.3041256437
0.732421875	-134.579755079	-79.3144848295
0.778198242188	-137.916159287	-79.3071608625
0.823974609375	-138.205832045	-79.3135528592
0.869750976562	-133.508211884	-79.295501484
0.91552734375	-136.159585525	-79.3005310777
0.961303710938	-136.556663068	-79.2992706757
1.00708007812	-135.709161149	-79.2999524568
1.05285644531	-133.140538641	-79.2958594052
1.0986328125	-136.066536811	-79.3104360361
1.14440917969	-133.500987783	-79.3110444722
1.19018554688	-133.509128589	-79.3239356943
1.23596191406	-138.665520667	-79.3132514456
1.28173828125	-135.837275332	-79.3219769882
1.32751464844	-146.442789476	-79.3120907878
1.37329101562	-128.726775856	-79.3375270769
1.41906738281	-135.162409266	-79.3243671352
1.46484375	-132.702332185	-79.298829211
1.51062011719	-136.118023397	-79.3189717603
1.55639648438	-142.298499713	-79.3043058369
1.60217285156	-134.188757201	-79.3126848544
1.64794921875	-143.824309786	-79.3153100654
1.69372558594	-136.928302148	-79.3047881716
1.73950195312	-149.407697138	-79.3074953535
1.78527832031	-138.892796923	-79.3117706188
1.8310546875	-132.736054319	-79.297381639
1.87683105469	-130.678895759	-79.286578863
1.92260742188	-143.414639848	-79.3145641724
1.96838378906	-137.841574948	-79.2998162295
2.01416015625	-131.607155729	-79.288702657
2.05993652344	-138.709915618	-79.318804462
2.10571289062	-133.644165046	-79.3205889359
2.15148925781	-140.72422699	-79.3114709977
2.197265625	-135.187356061	-79.3101458332
2.24304199219	-136.40324139	-79.3066179718
2.28881835938	-143.256040179	-79.3073913723
2.33459472656	-140.628705065	-79.3021097682
2.38037109375	-131.033760182	-79.30636217
2.42614746094	-144.570313841	-79.313093612
2.47192382812	-137.790163386	-79.3068911198
2.51770019531	-137.360452142	-79.3135704029
2.5634765625	-132.831166647	-79.3259792153
2.60925292969	-133.97471231	-79.3247255758
2.65502929688	-140.405163412	-79.3161289517
2.70080566406	-146.315634565	-79.3069667856
2.74658203125	-134.54332229	-79.3151140127
2.79235839844	-133.970897685	-79.3133931228
2.83813476562	-130.714898354	-79.3280012167
2.88391113281	-140.861703376	-79.3040665113
2.9296875	-135.330975603	-79.3177403714
2.97546386719	-132.572993503	-79.2968918504
3.02124023438	-134.643438592	-79.3014198927
3.06701660156	-134.038935143	-79.3181951041
3.11279296875	-137.127162874	-79.3160104186
3.15856933594	-135.638121361	-79.2966974128
3.20434570312	-135.292579863	-79.3012414178
3.25012207031	-139.532356269	-79.3004765436
3.2958984375	-134.233530341	-79.3215888349
3.34167480469	-133.417236149	-79.2960066534
3.38745117188	-140.335549984	-79.3013513262
3.43322753906	-144.936707401	-79.3027888234
3.47900390625	-142.297143279	-79.3115515726
3.52478027344	-139.483147376	-79.314872674
3.57055664062	-133.210785246	-79.3194973619
3.61633300781	-129.438183808	-79.2859778407
3.662109375	-143.004809621	-79.3083257956
3.70788574219	-142.967374177	-79.3105985014
3.75366210938	-137.103045297	-79.313977095
3.79943847656	-134.668540381	-79.3097421419
3.84521484375	-139.204336033	-79.297995886
3.89099121094	-130.060921036	-79.3224127681
3.93676757812	-131.017822628	-79.2829128988
3.98254394531	-140.415544027	-79.3016203432
4.0283203125	-140.812739168	-79.3049559006
4.07409667969	-133.167558952	-79.3009824361
4.11987304688	-135.276910796	-79.3053216863
4.16564941406	-147.020741265	-79.3081491486
4.21142578125	-146.620994211	-79.307746889
4.25720214844	-131.913728867	-79.3099495422
4.30297851562	-133.373705444	-79.2989729552
4.34875488281	-140.52909472	-79.3108793901
4.39453125	-140.894509539	-79.297705579
4.44030761719	-144.54034793	-79.3039593208
4.48608398438	-141.592745092	-79.3102844345
4.53186035156	-135.54183272	-79.2912948516
4.57763671875	-136.33135843	-79.3123678008
4.62341308594	-135.127409965	-79.3172571482
4.66918945312	-131.099592778	-79.2850608918
4.71496582031	-134.838480528	-79.3128199894
4.7607421875	-138.115614991	-79.2928713023
4.80651855469	-146.520454269	-79.3063427486
4.85229492188	-134.881191113	-79.3086783974
4.89807128906	-138.717384965	-79.3114582649
4.94384765625	-134.247252872	-79.2894476999
4.98962402344	-130.948806539	-79.2863519169
5.03540039062	-151.324377912	-79.2995326506
5.08117675781	-134.26628355	-79.2860466662
5.126953125	-133.919550476	-79.2869521247
5.17272949219	-135.550844282	-79.2907829632
5.21850585938	-129.883744736	-79.3239636332
5.26428222656	-137.923354303	-79.3018272439
5.31005859375	-145.729491109	-79.3017607207
5.35583496094	-139.926210751	-79.3068012879
5.40161132812	-130.096685356	-79.309270266
5.44738769531	-128.465660921	-79.3263569171
5.4931640625	-148.788139215	-79.3025945118
5.53894042969	-166.193061315	-79.2994486766
5.58471679688	-136.292418971	-79.2944676619
5.63049316406	-150.002186938	-79.2984059251
5.67626953125	-138.473360699	-79.2895691371
5.72204589844	-129.968719564	-79.2855640564
5.76782226562	-135.54314045	-79.3042274472
5.81359863281	-134.661119567	-79.2846263376
5.859375	-133.726036864	-79.284737592
5.90515136719	-139.666062321	-79.2916395077
5.95092773438	-136.012218289	-79.2903162768
5.99670410156	-138.169342298	-79.288045712
6.04248046875	-140.414698663	-79.3012614242
6.08825683594	-140.183238119	-79.295289413
6.13403320312	-134.237188219	-79.3086200143
6.17980957031	-135.872090245	-79.3097473158
6.2255859375	-135.732144438	-79.3042685823
6.27136230469	-135.722158145	-79.3089453079
6.31713867188	-131.91957007	-79.3149451863
6.36291503906	-141.225470822	-79.3023132937
6.40869140625	-152.24334621	-79.2967067706
6.45446777344	-130.242381577	-79.2992381189
6.50024414062	-133.832465879	-79.2943556598
6.54602050781	-130.163762945	-79.3194268582
6.591796875	-138.862054168	-79.2993219689
6.63757324219	-135.489693514	-79.2815072899
6.68334960938	-140.12501875	-79.2985862969
6.72912597656	-137.691080043	-79.299600887
6.77490234375	-131.817575365	-79.2737728779
6.82067871094	-138.747624732	-79.2992676548
6.86645507812	-137.831037701	-79.2858993841
6.91223144531	-135.824094776	-79.3057602536
6.9580078125	-137.493321409	-79.3033108733
7.00378417969	-143.426347667	-79.2905205779
7.04956054688	-131.867264452	-79.311697932
7.09533691406	-140.489391618	-79.2916701991
7.14111328125	-134.474284023	-79.304092038
7.18688964844	-137.660478587	-79.3012941841
7.23266601562	-131.317815153	-79.2763512841
7.27844238281	-134.855722442	-79.2904838516
7.32421875	-140.90881089	-79.2960816262
7.36999511719	-138.067657178	-79.294896748
7.41577148438	-147.058324066	-79.2940413036
7.46154785156	-135.955630013	-79.2914346944
7.50732421875	-150.219014425	-79.2921597767
7.55310058594	-136.338482183	-79.2985409243
7.59887695312	-133.645654923	-79.2877063532
7.64465332031	-144.98151327	-79.292996231
7.6904296875	-135.621637578	-79.2765803441
7.73620605469	-141.278164688	-79.2850494656
7.78198242188	-141.591016551	-79.2949343769
7.82775878906	-134.802692488	-79.2867573839
7.87353515625	-141.429572059	-79.2943180535
7.91931152344	-132.586306483	-79.269427936
7.96508789062	-133.469069406	-79.2714746739
8.01086425781	-150.038189743	-79.2894826847
8.056640625	-136.722737475	-79.282789318
8.10241699219	-130.44135427	-79.2835936836
8.14819335938	-134.930088815	-79.3000083061
8.19396972656	-138.88896516	-79.2946412772
8.23974609375	-144.75702422	-79.2895278409
8.28552246094	-135.047802902	-79.2865348594
8.33129882812	-136.887686802	-79.2958003766
8.37707519531	-151.344782961	-79.2841465295
8.4228515625	-135.141723521	-79.2958797811
8.46862792969	-150.148570226	-79.2860162089
8.51440429688	-137.246729969	-79.2769319965
8.56018066406	-144.189677361	-79.2815255595
8.60595703125	-136.614542579	-79.28602011
8.65173339844	-134.428447586	-79.2981707818
8.69750976562	-136.997335488	-79.2835988907
8.74328613281	-134.467377143	-79.2846394326
8.7890625	-132.346741796	-79.2796358206
8.83483886719	-141.895476084	-79.2839775677
8.88061523438	-135.610978617	-79.2934456623
8.92639160156	-136.829789191	-79.2831880948
8.97216796875	-141.588021988	-79.2871203763
9.01794433594	-135.283768042	-79.2924664711
9.06372070312	-130.587047992	-79.2759160227
9.10949707031	-140.155865074	-79.2778232934
9.1552734375	-135.554345311	-79.2735590813
9.20104980469	-138.200995375	-79.2762621659
9.24682617188	-132.857160153	-79.2755023008
9.29260253906	-138.671717553	-79.2706489701
9.33837890625	-141.771994074	-79.2765758144
9.38415527344	-137.216193635	-79.2675693131
9.42993164062	-135.546251566	-79.2656132173
9.47570800781	-133.56323974	-79.2677066864
9.521484375	-133.467289774	-79.2898243726
9.56726074219	-139.121383107	-79.2845267025
9.61303710938	-133.026330616	-79.2875877734
9.65881347656	-141.71484178	-79.2824350304
9.70458984375	-139.877970401	-79.2835594119
9.75036621094	-133.948065362	-79.2630536612
9.79614257812	-148.43486111	-79.2747766368
9.84191894531	-144.485218042	-79.2698937578
9.8876953125	-140.856581836	-79.2694612955
9.93347167969	-139.123883561	-79.2809470011
9.97924804688	-136.046396801	-79.2736806477
10.0250244141	-137.799914927	-79.2746623482
10.0708007812	-137.028049501	-79.2727261397
10.1165771484	-128.312447077	-79.2557837301
10.1623535156	-143.001389228	-79.267648283
10.2081298828	-140.637412859	-79.2726332824
10.25390625	-139.137106314	-79.2658698827
10.2996826172	-136.240253518	-79.2716722404
10.3454589844	-134.743554033	-79.2562759174
10.3912353516	-129.35888392	-79.2707961033
10.4370117188	-141.589657473	-79.2635412509
10.4827880859	-139.614816456	-79.2730250163
10.5285644531	-157.666575973	-79.2685499182
10.5743408203	-132.930830084	-79.2764183309
10.6201171875	-132.480719022	-79.2527357911
10.6658935547	-138.524850944	-79.2758970115
10.7116699219	-151.52282879	-79.2699277233
10.7574462891	-135.269943855	-79.2537663346
10.8032226562	-140.11207316	-79.2678096311
10.8489990234	-136.163252718	-79.258515872
10.8947753906	-136.25928253	-79.2544153707
10.9405517578	-140.821413266	-79.2683779018
10.986328125	-138.86324419	-79.2591421038
11.0321044922	-130.465464232	-79.2887711427
11.0778808594	-135.716743514	-79.2536368679
11.1236572266	-138.164417763	-79.2646599074
11.1694335938	-142.47890132	-79.2662354053
11.2152099609	-151.276572704	-79.2618861469
11.2609863281	-130.027178533	-79.2409073314
11.3067626953	-140.101453305	-79.2557019712
11.3525390625	-128.766332507	-79.233638
11.3983154297	-148.394081475	-79.2647994453
11.4440917969	-135.094309877	-79.249649317
11.4898681641	-134.122040282	-79.2457889463
11.5356445312	-149.588646184	-79.2630438516
11.5814208984	-148.085190409	-79.2574809977
11.6271972656	-134.367860126	-79.2691051564
11.6729736328	-131.202148236	-79.2431844803
11.71875	-137.254882819	-79.2579780521
11.7645263672	-136.075674672	-79.263700922
11.8103027344	-132.961348197	-79.2439258112
11.8560791016	-134.424272671	-79.2429343665
11.9018554688	-133.706126898	-79.2644142208
11.9476318359	-143.46586503	-79.2530833784
11.9934082031	-139.310117628	-79.2622129519
12.0391845703	-136.435874692	-79.2683998197
12.0849609375	-141.323085693	-79.2525709287
12.1307373047	-140.807392787	-79.2508980101
12.1765136719	-129.532677167	-79.2534517893
12.2222900391	-136.099744201	-79.2552461037
12.2680664062	-148.494596983	-79.2524632465
12.3138427734	-130.72238825	-79.2308548002
12.3596191406	-145.009765914	-79.2574505622
12.4053955078	-138.310566726	-79.2439090031
12.451171875	-146.283758897	-79.2510110162
12.4969482422	-141.32340762	-79.2545312026
12.5427246094	-130.788105766	-79.2504113815
12.5885009766	-130.133193577	-79.2760578218
12.6342773438	-132.780320148	-79.2535635863
12.6800537109	-135.473962715	-79.2610900347
12.7258300781	-151.975222874	-79.2495453103
12.7716064453	-140.521747439	-79.2514437985
12.8173828125	-131.337626147	-79.2620623027
12.8631591797	-134.327407884	-79.2339858605
12.9089355469	-138.786700191	-79.2558680062
12.9547119141	-130.308157402	-79.2652151943
13.0004882812	-140.097419431	-79.2412622233
13.0462646484	-138.483424306	-79.2557528683
13.0920410156	-129.32945716	-79.2345341622
13.1378173828	-142.042919327	-79.2481107718
13.18359375	-136.051197351	-79.2571375208
13.2293701172	-134.224256817	-79.234440481
13.2751464844	-138.745511014	-79.247288661
13.3209228516	-132.558701894	-79.2586680809
13.3666992188	-136.086250199	-79.2423986981
13.4124755859	-130.993540741	-79.2584249524
13.4582519531	-131.162803044	-79.2625596911
13.5040283203	-154.286853767	-79.2435071215
13.5498046875	-130.220711845	-79.2566516682
13.5955810547	-134.594013116	-79.2316351618
13.6413574219	-144.154881344	-79.245709503
13.6871337891	-135.764443787	-79.2292480185
13.7329101562	-138.959425709	-79.2483550806
13.7786865234	-130.699958131	-79.2187657589
13.8244628906	-135.88173573	-79.2348597256
13.8702392578	-136.761156803	-79.249897401
13.916015625	-146.339034159	-79.2341742075
13.9617919922	-132.732395806	-79.2328027718
14.0075683594	-137.894308908	-79.242486949
14.0533447266	-144.318066521	-79.2355021379
14.0991210938	-137.266053222	-79.2256812685
14.1448974609	-148.307939509	-79.2373293615
14.1906738281	-132.312895357	-79.2177638058
14.2364501953	-136.330170485	-79.2390914244
14.2822265625	-142.681481884	-79.2360163106
14.3280029297	-149.030544769	-79.2320380925
14.3737792969	-137.209174863	-79.2439243907
14.4195556641	-139.183411292	-79.2380710811
14.4653320312	-138.954587034	-79.2316619885
14.5111083984	-143.906179449	-79.2327260292
14.5568847656	-132.487889835	-79.2438180489
14.6026611328	-137.58806205	-79.2361602776
14.6484375	-134.947864524	-79.2421416105
14.6942138672	-133.947324418	-79.239134759
14.7399902344	-139.315331125	-79.2370826632
14.7857666016	-140.554168284	-79.2217574274
14.8315429688	-134.785393599	-79.2419033545
14.8773193359	-132.619357991	-79.2103834487
14.9230957031	-134.745344818	-79.2203235688
14.9688720703	-133.606295601	-79.2105735851
15.0146484375	-136.371550651	-79.237716267
15.0604248047	-133.462012	-79.2334968702
15.1062011719	-139.313644096	-79.2327232609
15.1519775391	-133.854172666	-79.2111918913
15.1977539062	-135.7875137	-79.2360938134
15.2435302734	-138.281466839	-79.2228118671
15.2893066406	-135.614875999	-79.2103823771
15.3350830078	-131.664756614	-79.2019071666
15.380859375	-134.557509822	-79.2266838384
15.4266357422	-142.036842169	-79.2149199657
15.4724121094	-136.99094412	-79.2103785197
15.5181884766	-131.022795793	-79.2317143296
15.5639648438	-143.329703873	-79.221955107
15.6097412109	-133.23236209	-79.2024650248
15.6555175781	-136.682527457	-79.2205201254
15.7012939453	-137.285647564	-79.2284634778
15.7470703125	-141.245880507	-79.2118489293
15.7928466797	-133.915504777	-79.2137596734
15.8386230469	-136.226736885	-79.2283649335
15.8843994141	-138.684141261	-79.2236231101
15.9301757812	-133.850217252	-79.2090498467
15.9759521484	-133.389804543	-79.2235319759
16.0217285156	-144.331264507	-79.2140769739
16.0675048828	-138.383369113	-79.2093950852
16.11328125	-131.859006333	-79.1967161542
16.1590576172	-134.774663422	-79.2200699153
16.2048339844	-143.562482012	-79.2113295826
16.2506103516	-133.75864357	-79.2166244088
16.2963867188	-134.983257659	-79.2127684426
16.3421630859	-141.222366648	-79.2150098154
16.3879394531	-137.651109317	-79.2067689689
16.4337158203	-140.854344349	-79.2107510551
16.4794921875	-136.897151468	-79.2196094783
16.5252685547	-133.88892699	-79.220684311
16.5710449219	-134.973272063	-79.2049438663
16.6168212891	-139.527860039	-79.2134093519
16.6625976562	-145.970404356	-79.2097892617
16.7083740234	-134.814386236	-79.1915146403
16.7541503906	-145.382827265	-79.2010228612
16.7999267578	-141.199733647	-79.2024937959
16.845703125	-140.809269943	-79.2011717505
16.8914794922	-140.904554852	-79.1992020654
16.9372558594	-131.377676877	-79.2138124672
16.9830322266	-134.077607458	-79.2073396328
17.0288085938	-144.340595592	-79.2057552934
17.0745849609	-134.981785584	-79.2129744215
17.1203613281	-141.603075419	-79.2059521028
17.1661376953	-135.785925344	-79.2120145897
17.2119140625	-130.246124782	-79.1749901527
17.2576904297	-138.260910801	-79.2074491141
17.3034667969	-131.270805572	-79.1994708789
17.3492431641	-143.233857701	-79.1916046976
17.3950195312	-134.531741153	-79.1819698892
17.4407958984	-135.047346274	-79.182789495
17.4865722656	-141.623952199	-79.1937249047
17.5323486328	-130.889322871	-79.2032191515
17.578125	-133.121480311	-79.1928000597
17.6239013672	-139.117486536	-79.1985330647
17.6696777344	-140.463819364	-79.190637983
17.7154541016	-140.929180047	-79.198778894
17.7612304688	-143.566461314	-79.192804307
17.8070068359	-136.52724369	-79.1794870629
17.8527832031	-137.120805865	-79.180281521
17.8985595703	-138.203841634	-79.1976865496
17.9443359375	-134.892211866	-79.1888705456
17.9901123047	-158.394643582	-79.1892213381
18.0358886719	-143.128251416	-79.1823348871
18.0816650391	-141.618537261	-79.1919419585
18.1274414062	-134.510018001	-79.1771356237
18.1732177734	-134.369956153	-79.1711691529
18.2189941406	-130.7876267	-79.1850725993
18.2647705078	-137.43944302	-79.1793367047
18.310546875	-132.711551405	-79.1992018534
18.3563232422	-130.474563386	-79.2040708979
18.4020996094	-132.052010415	-79.1735010445
18.4478759766	-141.363802456	-79.1802634764
18.4936523438	-139.032489821	-79.1853202939
18.5394287109	-134.691933452	-79.1900834807
18.5852050781	-132.993771874	-79.181059762
18.6309814453	-137.905086297	-79.1863586969
18.6767578125	-146.842115214	-79.1766082473
18.7225341797	-142.56170833	-79.1835808463
18.7683105469	-133.840331212	-79.181266565
18.8140869141	-135.650379684	-79.1651795029
18.8598632812	-141.987059546	-79.1770861706
18.9056396484	-130.796301105	-79.1802193082
18.9514160156	-137.074338906	-79.1859329561
18.9971923828	-144.019085309	-79.1716869607
19.04296875	-142.130144583	-79.1768533716
19.0887451172	-135.857605848	-79.1661200966
19.1345214844	-131.816923021	-79.1834698124
19.1802978516	-139.07326933	-79.1633301011
19.2260742188	-138.042303378	-79.1761762003
19.2718505859	-132.707662054	-79.1872753759
19.3176269531	-159.774115924	-79.169388807
19.3634033203	-134.324169433	-79.17243776
19.4091796875	-143.847741244	-79.1659290544
19.4549560547	-144.878513892	-79.1646824942
19.5007324219	-146.481479745	-79.1649794681
19.5465087891	-139.467161363	-79.1639936378
19.5922851562	-137.009131241	-79.1572619671
19.6380615234	-132.561803535	-79.1543955313
19.6838378906	-132.876431544	-79.1747302868
19.7296142578	-142.820838832	-79.166770289
19.775390625	-134.80892483	-79.1555607399
19.8211669922	-132.799446651	-79.1784855411
19.8669433594	-140.218300399	-79.166509553
19.9127197266	-131.011344872	-79.155964535
19.9584960938	-131.567928267	-79.15132132
20.0042724609	-129.668238747	-79.1362080149
20.0500488281	-135.87006755	-79.164383006
20.0958251953	-139.458550708	-79.1638408768
20.1416015625	-133.58027439	-79.1449681569
20.1873779297	-135.015167929	-79.1507589675
20.2331542969	-134.748352207	-79.1675853641
20.2789306641	-138.838344764	-79.160768841
20.3247070312	-133.204964634	-79.1373126455
20.3704833984	-137.226403646	-79.1637983129
20.4162597656	-147.443937994	-79.1500011929
20.4620361328	-142.506514515	-79.1527428368
20.5078125	-144.551083264	-79.1467341129
20.5535888672	-126.905409291	-79.1824163754
20.5993652344	-135.889236674	-79.1391037319
20.6451416016	-138.897422407	-79.1415442822
20.6909179688	-131.903657222	-79.1360995327
20.7366943359	-130.546693924	-79.1532409315
20.7824707031	-141.915348617	-79.15161708
20.8282470703	-134.192205563	-79.1462367837
20.8740234375	-142.461628289	-79.1423015094
20.9197998047	-134.576041823	-79.1571831325
20.9655761719	-137.364330488	-79.1541515699
21.0113525391	-133.629682176	-79.145454661
21.0571289062	-139.57222252	-79.1376025218
21.1029052734	-137.39925913	-79.1316889535
21.1486816406	-143.10969902	-79.1451770957
21.1944580078	-139.062096643	-79.1324335755
21.240234375	-131.622506787	-79.1444375158
21.2860107422	-129.951731093	-79.1286235474
21.3317871094	-135.329520321	-79.1363421197
21.3775634766	-136.70780979	-79.1403293514
21.4233398438	-142.581892253	-79.1423383737
21.4691162109	-146.082776236	-79.1343663898
21.5148925781	-131.255272678	-79.1138171978
21.5606689453	-141.164171733	-79.1384036683
21.6064453125	-141.846922075	-79.1365430758
21.6522216797	-129.375879884	-79.106247771
21.6979980469	-142.938132671	-79.1375073445
21.7437744141	-139.003761038	-79.1236997008
21.7895507812	-130.161638878	-79.1071884856
21.8353271484	-138.637180133	-79.120678297
21.8811035156	-135.55059132	-79.1402612385
21.9268798828	-132.483502846	-79.1283266068
21.97265625	-141.109513738	-79.1255212381
22.0184326172	-131.772818696	-79.1134152673
22.0642089844	-149.221248644	-79.1233051475
22.1099853516	-135.54135659	-79.1339596382
22.1557617188	-135.915808663	-79.1360023554
22.2015380859	-135.219053503	-79.1129687385
22.2473144531	-137.122271648	-79.1196820378
22.2930908203	-141.942477972	-79.1217892723
22.3388671875	-143.127781837	-79.1182544347
22.3846435547	-132.570668655	-79.1369761559
22.4304199219	-137.059955428	-79.1087760765
22.4761962891	-133.993717609	-79.1338794734
22.5219726562	-137.898380139	-79.109730125
22.5677490234	-150.758494704	-79.1153807188
22.6135253906	-136.385308744	-79.1268324389
22.6593017578	-140.733293381	-79.1121235089
22.705078125	-138.090947366	-79.1136404404
22.7508544922	-140.870570871	-79.1207553489
22.7966308594	-132.799541384	-79.0957285523
22.8424072266	-131.867282071	-79.0928557059
22.8881835938	-134.840458059	-79.1180925512
22.9339599609	-135.113753492	-79.1222268313
22.9797363281	-131.83673175	-79.1218054229
23.0255126953	-139.078451006	-79.1012261747
23.0712890625	-132.272444906	-79.1272073408
23.1170654297	-132.728285658	-79.1242483766
23.1628417969	-149.345700412	-79.1087743383
23.2086181641	-142.672719158	-79.1106282621
23.2543945312	-139.802689279	-79.1041601932
23.3001708984	-135.858347121	-79.0928565245
23.3459472656	-141.381247623	-79.1074597216
23.3917236328	-143.883353061	-79.1074818832
23.4375	-131.460091396	-79.083849411
23.4832763672	-130.745945445	-79.096094836
23.5290527344	-141.44855152	-79.1067983913
23.5748291016	-134.610483876	-79.0917433956
23.6206054688	-138.999988848	-79.0970962036
23.6663818359	-132.922212622	-79.1117864891
23.7121582031	-152.374309654	-79.0952852755
23.7579345703	-134.293031599	-79.0912516931
23.8037109375	-136.534329045	-79.0946090684
23.8494873047	-143.685981999	-79.0895965797
23.8952636719	-140.967283125	-79.0985525423
23.9410400391	-135.145283157	-79.0813204385
23.9868164062	-149.75182212	-79.0921761364
24.0325927734	-136.737442097	-79.092306876
24.0783691406	-147.281433774	-79.0935225531
24.1241455078	-140.244380931	-79.096379607
24.169921875	-135.500120626	-79.075878961
24.2156982422	-145.422698916	-79.0836048912
24.2614746094	-138.102430798	-79.0871817544
24.3072509766	-130.85110532	-79.0657804146
24.3530273438	-132.283457163	-79.1025392823
24.3988037109	-143.515188776	-79.0880138753
24.4445800781	-130.982017809	-79.0774132388
24.4903564453	-131.395116696	-79.0635975513
24.5361328125	-141.937031201	-79.0771114877
24.5819091797	-141.856536767	-79.0871199959
24.6276855469	-135.156065669	-79.0703471526
24.6734619141	-138.632482495	-79.0859079847
24.7192382812	-145.400180405	-79.0743939597
24.7650146484	-145.293517503	-79.0811714619
24.8107910156	-138.495797376	-79.0717958137
24.8565673828	-145.401597473	-79.0781585353
24.90234375	-138.869539023	-79.0670770799
24.9481201172	-137.541225004	-79.0819205621
24.9938964844	-135.71018478	-79.0701542039
25.0396728516	-143.789200367	-79.0767844509
25.0854492188	-147.20878999	-79.0737979785
25.1312255859	-135.999342567	-79.0592077007
25.1770019531	-145.623651205	-79.0730837342
25.2227783203	-140.823582155	-79.0752560932
25.2685546875	-141.924134045	-79.0669148499
25.3143310547	-134.395046453	-79.0791239919
25.3601074219	-138.693195915	-79.0725431445
25.4058837891	-135.282325892	-79.0772895509
25.4516601562	-139.847652969	-79.0698351708
25.4974365234	-140.723881349	-79.0674421773
25.5432128906	-133.437463862	-79.0720388561
25.5889892578	-137.625390014	-79.0565233834
25.634765625	-130.525402785	-79.0423566978
25.6805419922	-128.274779787	-79.063351513
25.7263183594	-134.690301075	-79.0460173169
25.7720947266	-128.904968601	-79.0833217545
25.8178710938	-141.809104106	-79.0596560086
25.8636474609	-140.363563357	-79.0490943033
25.9094238281	-143.163518506	-79.0563522682
25.9552001953	-134.52403202	-79.0630246545
26.0009765625	-133.192795667	-79.0588056238
26.0467529297	-137.76990614	-79.0607415646
26.0925292969	-140.002408727	-79.0452536125
26.1383056641	-129.902958568	-79.0460237422
26.1840820312	-137.746043684	-79.0406800365
26.2298583984	-152.68034596	-79.0468379191
26.2756347656	-135.065291104	-79.0341346057
26.3214111328	-138.554333859	-79.042628196
26.3671875	-142.114028011	-79.0512581916
26.4129638672	-137.763689152	-79.053772237
26.4587402344	-135.420366674	-79.0471630355
26.5045166016	-145.786649273	-79.0402046593
26.5502929688	-134.191545973	-79.0360366848
26.5960693359	-142.715198847	-79.036897431
26.6418457031	-138.064032567	-79.0305203883
26.6876220703	-135.377457699	-79.0446046245
26.7333984375	-135.329327575	-79.0489854152
26.7791748047	-136.820806428	-79.0485714655
26.8249511719	-136.461392674	-79.0475993259
26.8707275391	-136.685543706	-79.0386575456
26.9165039062	-135.369922774	-79.0281352661
26.9622802734	-135.386759324	-79.0412729613
27.0080566406	-142.754614134	-79.0382562257
27.0538330078	-143.871984275	-79.0332425699
27.099609375	-141.593484476	-79.0263834832
27.1453857422	-131.934193326	-79.0466312845
27.1911621094	-136.529146244	-79.037846366
27.2369384766	-150.084249306	-79.0278189093
27.2827148438	-135.765709232	-79.0198664451
27.3284912109	-142.881736938	-79.0313650744
27.3742675781	-139.895332127	-79.0205782635
27.4200439453	-136.990703722	-79.0181455005
27.4658203125	-135.696179303	-79.0169629634
27.5115966797	-135.283835421	-79.0198127732
27.5573730469	-146.504540408	-79.0225604299
27.6031494141	-130.843654639	-79.0397896648
27.6489257812	-127.120452351	-79.0085088448
27.6947021484	-137.292542677	-79.0093893509
27.7404785156	-142.026884947	-79.0169725446
27.7862548828	-139.593088975	-79.0242622892
27.83203125	-137.080300301	-79.0046469693
27.8778076172	-148.400856159	-79.0139164247
27.9235839844	-135.064605827	-79.0004896553
27.9693603516	-132.657431716	-79.030042318
28.0151367188	-132.06188837	-78.9921427298
28.0609130859	-135.459086555	-78.9973463714
28.1066894531	-134.103885124	-79.0182970544
28.1524658203	-132.580356923	-78.9940304618
28.1982421875	-143.872873415	-79.0034388646
28.2440185547	-135.150865335	-79.0169310811
28.2897949219	-131.561998141	-78.9848045212
28.3355712891	-129.876557941	-79.0280748745
28.3813476562	-139.505761612	-78.9950502203
28.4271240234	-139.604464237	-78.9973487411
28.4729003906	-133.865746773	-78.9866623825
28.5186767578	-139.578466225	-78.993339118
28.564453125	-134.117266788	-79.0089640733
28.6102294922	-138.633735745	-78.9986898128
28.6560058594	-133.801275054	-78.9975177598
28.7017822266	-132.870533273	-78.9799755355
28.7475585938	-132.210076313	-78.9871053421
28.7933349609	-136.798675027	-79.0020634283
28.8391113281	-154.471525799	-78.9916598772
28.8848876953	-132.918072873	-78.9871648386
28.9306640625	-149.522103135	-78.992848746
28.9764404297	-145.852092933	-78.9927444827
29.0222167969	-132.589678187	-78.975824026
29.0679931641	-127.596450022	-79.0026185851
29.1137695312	-141.114194621	-78.9904926183
29.1595458984	-128.018088151	-78.9600051081
29.2053222656	-135.026530624	-78.9712242489
29.2510986328	-138.958112369	-78.9772692136
29.296875	-135.13949504	-78.9757895164
29.3426513672	-154.882591894	-78.9805655741
29.3884277344	-133.500153415	-78.9727865343
29.4342041016	-139.366986572	-78.9720420961
29.4799804688	-130.361037996	-78.9585274563
29.5257568359	-130.652764791	-78.9581684497
29.5715332031	-138.532554963	-78.9673898704
29.6173095703	-136.548930984	-78.9850777305
29.6630859375	-135.228852762	-78.9875656867
29.7088623047	-141.543086834	-78.9673358926
29.7546386719	-149.621445603	-78.974239055
29.8004150391	-131.405132107	-78.9820183824
29.8461914062	-146.537788617	-78.9737782635
29.8919677734	-141.897282942	-78.9727187325
29.9377441406	-138.182126459	-78.9775480146
29.9835205078	-141.722166363	-78.9670999391
30.029296875	-142.76012556	-78.9647397411
30.0750732422	-137.658477371	-78.9734564974
30.1208496094	-134.811560177	-78.952478099
30.1666259766	-139.509248024	-78.9621069165
30.2124023438	-136.662766993	-78.9727500823
30.2581787109	-130.109802668	-78.9575021986
30.3039550781	-127.803495167	-78.9698879675
30.3497314453	-142.93016063	-78.9566487308
30.3955078125	-141.846840187	-78.9588340016
30.4412841797	-133.117622211	-78.9725295367
30.4870605469	-135.183613514	-78.9629382941
30.5328369141	-135.586819036	-78.9657811775
30.5786132812	-140.596142719	-78.959667366
30.6243896484	-140.213431734	-78.9444082694
30.6701660156	-134.266211261	-78.9654745148
30.7159423828	-145.108899296	-78.9454259398
30.76171875	-134.926613074	-78.93629964
30.8074951172	-132.322768466	-78.9659665436
30.8532714844	-142.089541708	-78.9425204985
30.8990478516	-136.068048553	-78.9510662549
30.9448242188	-142.295139071	-78.938877475
30.9906005859	-132.026359689	-78.9440422201
31.0363769531	-146.037212552	-78.9422121931
31.0821533203	-136.580858472	-78.947076541
31.1279296875	-126.123482503	-78.9562020164
31.1737060547	-135.671276034	-78.9491310181
31.2194824219	-137.052640787	-78.9356090111
31.2652587891	-139.099188734	-78.9332287719
31.3110351562	-139.511793481	-78.9395927602
31.3568115234	-140.152045255	-78.9334167629
31.4025878906	-134.299315532	-78.9334412999
31.4483642578	-135.869683964	-78.9197460519
31.494140625	-142.862819852	-78.9263592644
31.5399169922	-138.582850698	-78.9217454679
31.5856933594	-137.477473043	-78.9277699227
31.6314697266	-134.098528709	-78.9130914921
31.6772460938	-134.718266697	-78.9125719543
31.7230224609	-133.853635329	-78.9328112753
31.7687988281	-131.551821903	-78.9298997446
31.8145751953	-130.995749012	-78.9339072855
31.8603515625	-138.735335256	-78.9270976871
31.9061279297	-144.827001236	-78.9184074571
31.9519042969	-131.89945712	-78.9002094018
31.9976806641	-140.461291678	-78.9195620695
32.0434570312	-143.74765535	-78.9220967912
32.0892333984	-137.464021186	-78.9261647409
32.1350097656	-137.278689843	-78.9099940309
32.1807861328	-139.606885754	-78.9143363669
32.2265625	-141.403344492	-78.9191767598
32.2723388672	-140.96229129	-78.915608979
32.3181152344	-139.164647282	-78.9158238372
32.3638916016	-136.34380731	-78.9112450147
32.4096679688	-134.721938231	-78.8951104151
32.4554443359	-140.041960973	-78.9145166955
32.5012207031	-132.474613248	-78.9172515959
32.5469970703	-133.57057003	-78.8887556966
32.5927734375	-140.914038206	-78.8980268077
32.6385498047	-137.630253077	-78.8962159777
32.6843261719	-137.154581084	-78.9081498709
32.7301025391	-135.552886388	-78.893070883
32.7758789062	-135.959224502	-78.9077535383
32.8216552734	-141.356583418	-78.9038677309
32.8674316406	-134.565021595	-78.8833702333
32.9132080078	-140.794000667	-78.8973979265
32.958984375	-135.234153084	-78.8940757749
33.0047607422	-134.250003385	-78.900568051
33.0505371094	-133.817030947	-78.9022153901
33.0963134766	-149.94321815	-78.8893538128
33.1420898438	-135.702879676	-78.8919409475
33.1878662109	-139.888713303	-78.8830878562
33.2336425781	-133.563836551	-78.8864898836
33.2794189453	-156.475841631	-78.8855082343
33.3251953125	-138.933092274	-78.8815658384
33.3709716797	-141.664021248	-78.8817773588
33.4167480469	-135.972175798	-78.890748389
33.4625244141	-134.563739536	-78.8951830217
33.5083007812	-131.54582386	-78.8999231679
33.5540771484	-139.590510098	-78.8845658454
33.5998535156	-138.929250919	-78.8806817993
33.6456298828	-136.067170528	-78.8642542233
33.69140625	-144.098025763	-78.8702005569
33.7371826172	-144.063605767	-78.869455329
33.7829589844	-140.064347941	-78.8772962031
33.8287353516	-141.327275633	-78.8763310312
33.8745117188	-137.142916226	-78.8704434051
33.9202880859	-144.269084528	-78.8704087245
33.9660644531	-143.148234465	-78.862382759
34.0118408203	-135.186719981	-78.874909949
34.0576171875	-140.049244983	-78.8728205138
34.1033935547	-135.162211183	-78.8765153712
34.1491699219	-129.398024606	-78.8645633503
34.1949462891	-147.599244558	-78.8593740615
34.2407226562	-148.159225796	-78.8598504978
34.2864990234	-135.117338589	-78.8525379269
34.3322753906	-145.169120339	-78.8544999476
34.3780517578	-166.988920675	-78.8566968001
34.423828125	-133.907511282	-78.8589862982
34.4696044922	-134.720182724	-78.840439581
34.5153808594	-140.410567439	-78.8539843477
34.5611572266	-138.235785762	-78.8602364265
34.6069335938	-138.79103659	-78.8532826495
34.6527099609	-142.481876802	-78.8539868176
34.6984863281	-136.629436855	-78.8441210521
34.7442626953	-134.7309325	-78.8468662785
34.7900390625	-140.826408965	-78.8390025282
34.8358154297	-133.793029985	-78.8332300078
34.8815917969	-135.227144995	-78.8365364932
34.9273681641	-134.52409138	-78.8310751298
34.9731445312	-133.988463928	-78.8545445415
35.0189208984	-131.36098978	-78.8256797469
35.0646972656	-131.57349061	-78.8261930627
35.1104736328	-131.729641118	-78.8171163974
35.15625	-133.545077283	-78.8226992912
35.2020263672	-140.922411364	-78.8304366003
35.2478027344	-132.234067458	-78.8212359976
35.2935791016	-137.09126446	-78.8418870013
35.3393554688	-131.536741988	-78.8491066835
35.3851318359	-137.583823952	-78.821230967
35.4309082031	-148.208613401	-78.8307767807
35.4766845703	-132.729957744	-78.8117221778
35.5224609375	-129.355483681	-78.8038930386
35.5682373047	-135.287311262	-78.814429062
35.6140136719	-133.304639588	-78.8390962854
35.6597900391	-130.629008848	-78.8174861639
35.7055664062	-136.551290977	-78.8310580496
35.7513427734	-140.206412563	-78.8136648773
35.7971191406	-134.724266506	-78.8186795524
35.8428955078	-131.866559779	-78.7969837871
35.888671875	-144.720026988	-78.8126944561
35.9344482422	-150.524051423	-78.8121420223
35.9802246094	-142.840360022	-78.8174248867
36.0260009766	-143.648615212	-78.8159610944
36.0717773438	-131.234304706	-78.8182673449
36.1175537109	-134.610263375	-78.8121685796
36.1633300781	-141.083971727	-78.8045071802
36.2091064453	-138.050889733	-78.8121584259
36.2548828125	-134.33182469	-78.8067486987
36.3006591797	-133.897106176	-78.8058425581
36.3464355469	-134.111380631	-78.811365157
36.3922119141	-136.314918511	-78.8111314047
36.4379882812	-132.786203372	-78.7820546362
36.4837646484	-133.049801847	-78.8136933777
36.5295410156	-132.527045657	-78.8144953982
36.5753173828	-134.685230513	-78.7842325651
36.62109375	-129.850790386	-78.7931834812
36.6668701172	-140.970023749	-78.7882388729
36.7126464844	-134.819211417	-78.8038968232
36.7584228516	-130.099881146	-78.7841482824
36.8041992188	-134.256042052	-78.7948775228
36.8499755859	-138.017452604	-78.7788652069
36.8957519531	-142.096467726	-78.7916697757
36.9415283203	-141.376832774	-78.778999698
36.9873046875	-136.324513632	-78.7858862595
37.0330810547	-130.208534378	-78.7613764459
37.0788574219	-139.468561285	-78.7887041703
37.1246337891	-138.179788959	-78.7823257339
37.1704101562	-129.70239257	-78.7952867319
37.2161865234	-136.530807389	-78.7830054237
37.2619628906	-131.174688349	-78.7815703488
37.3077392578	-136.236095998	-78.7833243
37.353515625	-133.364828497	-78.7644216931
37.3992919922	-132.134012604	-78.7897584392
37.4450683594	-132.152759471	-78.7597114065
37.4908447266	-137.296901812	-78.7641465901
37.5366210938	-138.0749716	-78.764648851
37.5823974609	-139.463355837	-78.7602444368
37.6281738281	-146.177475123	-78.7683227015
37.6739501953	-133.349164928	-78.7774911192
37.7197265625	-136.279458954	-78.7542295791
37.7655029297	-136.568999803	-78.7715441083
37.8112792969	-137.270820683	-78.7523978018
37.8570556641	-139.345792781	-78.7501877864
37.9028320312	-129.681053633	-78.7580823261
37.9486083984	-138.889578029	-78.7575844865
37.9943847656	-136.54501053	-78.7425560432
38.0401611328	-130.265367849	-78.7298885171
38.0859375	-132.945533196	-78.7344186919
38.1317138672	-145.599749353	-78.7528612822
38.1774902344	-133.943780316	-78.7335917083
38.2232666016	-150.852506221	-78.7475856665
38.2690429688	-138.184479672	-78.7545303702
38.3148193359	-132.839027911	-78.7508270921
38.3605957031	-132.715154656	-78.7553273385
38.4063720703	-136.506083977	-78.742807134
38.4521484375	-132.654237636	-78.7465465761
38.4979248047	-135.809124573	-78.7504683691
38.5437011719	-133.645695086	-78.7250378303
38.5894775391	-156.278387723	-78.7358845856
38.6352539062	-138.756493602	-78.7279256288
38.6810302734	-131.230005437	-78.7201624936
38.7268066406	-141.465921525	-78.7273026561
38.7725830078	-130.251392872	-78.7185077826
38.818359375	-140.250345779	-78.7276815286
38.8641357422	-138.803053749	-78.7279570662
38.9099121094	-136.236774174	-78.7370616952
38.9556884766	-136.211181631	-78.7200214541
39.0014648438	-136.995300579	-78.7154587134
39.0472412109	-139.253327886	-78.7197367781
39.0930175781	-130.956570178	-78.7211877201
39.1387939453	-134.309901041	-78.7187849391
39.1845703125	-139.94560899	-78.7248934435
39.2303466797	-131.620692967	-78.7247903641
39.2761230469	-142.065118543	-78.7118896847
39.3218994141	-140.014209308	-78.7200166459
39.3676757812	-158.034018378	-78.7124441779
39.4134521484	-135.746564685	-78.6983965022
39.4592285156	-129.883592256	-78.7016520605
39.5050048828	-136.00137725	-78.7172137762
39.55078125	-134.935683635	-78.7055798936
39.5965576172	-138.663196146	-78.7050171377
39.6423339844	-136.888287175	-78.7029370597
39.6881103516	-130.9284172	-78.6813363903
39.7338867188	-137.936608625	-78.6914723316
39.7796630859	-140.629997238	-78.6950638149
39.8254394531	-135.115922941	-78.6865064678
39.8712158203	-136.921689888	-78.6857829479
39.9169921875	-133.826729999	-78.6962333993
39.9627685547	-137.750286387	-78.6927642701
40.0085449219	-136.007669182	-78.7022761733
40.0543212891	-139.646889	-78.6842542477
40.1000976562	-140.045688757	-78.6932984768
40.1458740234	-134.183949198	-78.6993281045
40.1916503906	-133.536075325	-78.684572037
40.2374267578	-141.957533311	-78.678306408
40.283203125	-134.764391655	-78.676984242
40.3289794922	-133.024112009	-78.6913247413
40.3747558594	-145.088595699	-78.676043575
40.4205322266	-146.707901069	-78.6816167309
40.4663085938	-141.620095198	-78.6706501974
40.5120849609	-158.772126698	-78.675528357
40.5578613281	-143.134800728	-78.6748601488
40.6036376953	-139.878974393	-78.6756143028
40.6494140625	-133.402723607	-78.6551481368
40.6951904297	-138.097541739	-78.6770411134
40.7409667969	-144.851211229	-78.6711402668
40.7867431641	-131.194031744	-78.6863083011
40.8325195312	-136.11976992	-78.6721518732
40.8782958984	-134.721876748	-78.6593469552
40.9240722656	-129.170089313	-78.666002201
40.9698486328	-134.747303377	-78.6741600168
41.015625	-143.036980859	-78.6545704488
41.0614013672	-151.505582838	-78.6567959365
41.1071777344	-137.299357981	-78.6513830752
41.1529541016	-148.537888166	-78.6563038306
41.1987304688	-135.815358195	-78.6464155939
41.2445068359	-135.568394761	-78.6524086607
41.2902832031	-140.470431715	-78.6550144507
41.3360595703	-134.154565277	-78.6499821931
41.3818359375	-136.33021566	-78.6379568805
41.4276123047	-132.386139594	-78.6454414042
41.4733886719	-137.228085433	-78.6540163363
41.5191650391	-138.562444037	-78.6509031416
41.5649414062	-139.703620184	-78.6422946493
41.6107177734	-132.773550729	-78.6247315513
41.6564941406	-132.352327285	-78.6393986577
41.7022705078	-144.663536147	-78.6395684837
41.748046875	-133.458719752	-78.6265359413
41.7938232422	-128.454682863	-78.6444263505
41.8395996094	-131.884169577	-78.6180438294
41.8853759766	-131.791413046	-78.6203953169
41.9311523438	-128.245344423	-78.6445935305
41.9769287109	-130.829929971	-78.6463077192
42.0227050781	-160.404740091	-78.6250929079
42.0684814453	-139.166323585	-78.6179281308
42.1142578125	-146.730782287	-78.6260288547
42.1600341797	-136.329488252	-78.6322197763
42.2058105469	-134.800008217	-78.6158425374
42.2515869141	-132.884775462	-78.6131382685
42.2973632812	-141.532036057	-78.6112925409
42.3431396484	-134.240991605	-78.6239049519
42.3889160156	-131.805457546	-78.6251819018
42.4346923828	-135.19594547	-78.6239171773
42.48046875	-149.485247138	-78.6118611331
42.5262451172	-133.349787631	-78.6184024211
42.5720214844	-132.731048489	-78.6238309778
42.6177978516	-133.676638889	-78.5964475014
42.6635742188	-137.415827737	-78.5940952819
42.7093505859	-137.798876339	-78.5930970469
42.7551269531	-141.565928198	-78.5959312615
42.8009033203	-133.33046412	-78.597444254
42.8466796875	-142.481708689	-78.597341936
42.8924560547	-135.124179875	-78.5846254874
42.9382324219	-130.582648606	-78.5801486804
42.9840087891	-136.465514551	-78.604126362
43.0297851562	-134.050458005	-78.578993387
43.0755615234	-140.942270645	-78.5908425661
43.1213378906	-135.363969348	-78.5793834657
43.1671142578	-132.098192584	-78.5992087016
43.212890625	-134.5793896	-78.577847724
43.2586669922	-131.437556657	-78.5638335184
43.3044433594	-149.276538017	-78.5820386016
43.3502197266	-137.077234767	-78.5900157053
43.3959960938	-140.762807052	-78.5727034754
43.4417724609	-133.218389984	-78.5662245091
43.4875488281	-144.598134224	-78.5782948081
43.5333251953	-133.936178148	-78.5865740285
43.5791015625	-140.525617236	-78.5671160642
43.6248779297	-134.505378531	-78.5693258713
43.6706542969	-140.697309609	-78.5756867462
43.7164306641	-135.16651662	-78.5674902457
43.7622070312	-143.106449918	-78.5687003946
43.8079833984	-138.473284393	-78.5562247605
43.8537597656	-141.693356104	-78.5617169612
43.8995361328	-128.87458376	-78.5681363845
43.9453125	-134.890122423	-78.5726568353
43.9910888672	-132.597631799	-78.5661988493
44.0368652344	-132.62119331	-78.5468974843
44.0826416016	-134.314357735	-78.5405386767
44.1284179688	-150.285353296	-78.5508163589
44.1741943359	-138.586994706	-78.5570226335
44.2199707031	-135.328825618	-78.5379660055
44.2657470703	-135.176029215	-78.5596248185
44.3115234375	-144.042207231	-78.5507301524
44.3572998047	-155.695955	-78.5450740591
44.4030761719	-145.707533328	-78.542148857
44.4488525391	-139.889176968	-78.5424300251
44.4946289062	-132.65387032	-78.5262101805
44.5404052734	-138.072869598	-78.529452247
44.5861816406	-139.806305994	-78.5384003065
44.6319580078	-138.858556478	-78.5386141531
44.677734375	-138.909023442	-78.5415853155
44.7235107422	-151.950893587	-78.5333477076
44.7692871094	-134.304813869	-78.5271433048
44.8150634766	-133.250400302	-78.5442974463
44.8608398438	-154.865067156	-78.5280399044
44.9066162109	-138.125083044	-78.5279017051
44.9523925781	-151.919573333	-78.5242535333
44.9981689453	-134.942470192	-78.5121390575
45.0439453125	-146.320907768	-78.5184992533
45.0897216797	-135.810271355	-78.5125980198
45.1354980469	-135.283111288	-78.5205214969
45.1812744141	-135.007585202	-78.5033020766
45.2270507812	-136.620057342	-78.5201462774
45.2728271484	-148.386923497	-78.514511067
45.3186035156	-136.949600158	-78.5008395711
45.3643798828	-133.618882682	-78.4938697446
45.41015625	-139.289727338	-78.4998494814
45.4559326172	-139.4410049	-78.5072594382
45.5017089844	-142.509924031	-78.4993110004
45.5474853516	-141.017709387	-78.5083260608
45.5932617188	-137.279345166	-78.5069039723
45.6390380859	-141.750332838	-78.4943818268
45.6848144531	-132.868935637	-78.4807191832
45.7305908203	-131.068596568	-78.4942275198
45.7763671875	-133.625771166	-78.5060255808
45.8221435547	-129.176556747	-78.5169236462
45.8679199219	-140.084282018	-78.4851725634
45.9136962891	-132.33246534	-78.4750505094
45.9594726562	-136.426188933	-78.4955430948
46.0052490234	-126.815517883	-78.4747799665
46.0510253906	-133.682933329	-78.47101412
46.0968017578	-135.912147002	-78.4888894209
46.142578125	-136.463296366	-78.470479756
46.1883544922	-134.291689756	-78.4640630514
46.2341308594	-140.219560797	-78.4693712038
46.2799072266	-140.491169563	-78.4795961471
46.3256835938	-131.769412679	-78.4638666362
46.3714599609	-132.648480576	-78.4611589403
46.4172363281	-135.632062645	-78.4701100801
46.4630126953	-137.401869065	-78.4727370136
46.5087890625	-146.341429777	-78.4674507289
46.5545654297	-136.41810402	-78.4620056243
46.6003417969	-133.526951963	-78.4776959091
46.6461181641	-129.214749243	-78.4758810277
46.6918945312	-139.323851924	-78.4600353139
46.7376708984	-141.306574405	-78.4593269
46.7834472656	-137.762414858	-78.463432316
46.8292236328	-130.3726381	-78.4660672378
46.875	-139.409128366	-78.4526004658
46.9207763672	-134.442023823	-78.441315338
46.9665527344	-137.055771636	-78.4575831534
47.0123291016	-137.959720274	-78.4413256427
47.0581054688	-138.853320963	-78.4514761946
47.1038818359	-140.241718258	-78.4407764341
47.1496582031	-134.36952269	-78.4306731859
47.1954345703	-135.042919524	-78.4478804686
47.2412109375	-133.140001689	-78.4240612958
47.2869873047	-151.13367779	-78.4347132487
47.3327636719	-129.75173141	-78.4576914569
47.3785400391	-130.002258612	-78.4424022905
47.4243164062	-133.713663211	-78.4367865821
47.4700927734	-140.910029324	-78.4339554751
47.5158691406	-135.583924568	-78.4305994348
47.5616455078	-129.553673296	-78.4129554679
47.607421875	-137.287036908	-78.4296187202
47.6531982422	-132.548932134	-78.4304112877
47.6989746094	-132.379255405	-78.4322934688
47.7447509766	-145.493706946	-78.4154258497
47.7905273438	-140.371136893	-78.4105323695
47.8363037109	-136.080804604	-78.4040124193
47.8820800781	-143.303010346	-78.4112144837
47.9278564453	-134.800177772	-78.4159633496
47.9736328125	-137.037999154	-78.4195892644
48.0194091797	-140.338098251	-78.4150046433
48.0651855469	-142.938052696	-78.4029200537
48.1109619141	-140.03997349	-78.4057637324
48.1567382812	-138.84114562	-78.4036498061
48.2025146484	-128.898191807	-78.3763288259
48.2482910156	-141.24939379	-78.4049612007
48.2940673828	-140.1258973	-78.4044586249
48.33984375	-147.65205807	-78.3966936773
48.3856201172	-132.094283632	-78.3919214266
48.4313964844	-137.053695851	-78.4021967498
48.4771728516	-134.933031033	-78.3774923763
48.5229492188	-137.860499439	-78.3865600035
48.5687255859	-133.137301108	-78.3802898954
48.6145019531	-137.679948823	-78.3754173236
48.6602783203	-133.573302744	-78.398117696
48.7060546875	-142.555564051	-78.3784220987
48.7518310547	-127.85592553	-78.3734586359
48.7976074219	-129.780642154	-78.3721624662
48.8433837891	-144.432579608	-78.3738713377
48.8891601562	-136.404674209	-78.3844030699
48.9349365234	-134.751347347	-78.3852793332
48.9807128906	-136.012600341	-78.3797138837
49.0264892578	-138.100781185	-78.3762424031
49.072265625	-131.496295767	-78.3495153293
49.1180419922	-138.251311642	-78.3603200059
49.1638183594	-144.175318619	-78.3616749733
49.2095947266	-140.272608359	-78.3661087349
49.2553710938	-152.452018436	-78.3576977684
49.3011474609	-140.905263605	-78.3599258858
49.3469238281	-141.292080897	-78.3495122921
49.3927001953	-138.928844766	-78.3588080364
49.4384765625	-135.401771883	-78.3536801432
49.4842529297	-137.233974586	-78.3510594518
49.5300292969	-132.407057721	-78.3633471785
49.5758056641	-142.610299473	-78.3417523493
49.6215820312	-141.412707963	-78.3500163682
49.6673583984	-138.513418411	-78.3341118057
49.7131347656	-135.38882387	-78.3322771921
49.7589111328	-131.692126557	-78.3514772141
49.8046875	-148.063831536	-78.339673992
49.8504638672	-135.340998674	-78.3442314154
49.8962402344	-139.414355655	-78.3329771693
49.9420166016	-136.972474244	-78.3257895842
49.9877929688	-135.671917974	-78.3328934437
50.0335693359	-131.278938783	-78.3101353096
50.0793457031	-143.315083841	-78.3228519732
50.1251220703	-134.595743502	-78.337257073
50.1708984375	-137.503361801	-78.3225647293
50.2166748047	-140.016670312	-78.3257665704
50.2624511719	-132.255792666	-78.3043717535
50.3082275391	-139.068337972	-78.31642421
50.3540039062	-142.158988801	-78.3192682874
50.3997802734	-138.478504817	-78.3045313532
50.4455566406	-138.78903186	-78.3189283766
50.4913330078	-147.053894319	-78.3107568375
50.537109375	-134.036739573	-78.3159693474
50.5828857422	-137.330145435	-78.2967149603
50.6286621094	-134.765063317	-78.2901173102
50.6744384766	-133.290406059	-78.3106597578
50.7202148438	-165.341150335	-78.2997416109
50.7659912109	-136.031103296	-78.3068384175
50.8117675781	-134.061821947	-78.2829824743
50.8575439453	-139.992869507	-78.2866435324
50.9033203125	-133.128098009	-78.2761006899
50.9490966797	-149.174163012	-78.2922911109
50.9948730469	-134.95441705	-78.2816234997
51.0406494141	-133.388340755	-78.2989755437
51.0864257812	-132.342510188	-78.2860813449
51.1322021484	-146.467401946	-78.2787527706
51.1779785156	-131.01799645	-78.3002114557
51.2237548828	-134.893533925	-78.2856549042
51.26953125	-129.603266807	-78.2594596105
51.3153076172	-140.363785936	-78.2709487857
51.3610839844	-130.668579704	-78.293347305
51.4068603516	-132.425645395	-78.2696852785
51.4526367188	-137.70390935	-78.2608152363
51.4984130859	-135.7789925	-78.2700232759
51.5441894531	-136.706789933	-78.2715583675
51.5899658203	-132.942031148	-78.25247783
51.6357421875	-143.917875283	-78.2580207775
51.6815185547	-130.904607321	-78.2782370562
51.7272949219	-128.963503538	-78.2811840281
51.7730712891	-134.879808829	-78.2487188252
51.8188476562	-135.761665762	-78.2465750884
51.8646240234	-134.409705399	-78.2463387292
51.9104003906	-142.750333766	-78.2527300886
51.9561767578	-139.147055245	-78.253880148
52.001953125	-133.188818404	-78.2512423541
52.0477294922	-142.701951003	-78.2465466797
52.0935058594	-130.510722231	-78.2501963657
52.1392822266	-131.225417039	-78.2201975636
52.1850585938	-136.267706333	-78.2474723685
52.2308349609	-145.492600726	-78.2316787125
52.2766113281	-137.216421619	-78.2413824362
52.3223876953	-133.911611676	-78.2176463216
52.3681640625	-154.554263994	-78.2305290658
52.4139404297	-136.61573384	-78.2189102442
52.4597167969	-138.220125015	-78.2335528999
52.5054931641	-140.869593473	-78.2234897909
52.5512695312	-141.556873206	-78.2158142012
52.5970458984	-138.100662977	-78.2183699724
52.6428222656	-134.465811449	-78.230879284
52.6885986328	-135.391539216	-78.2205254522
52.734375	-137.041052983	-78.2039556884
52.7801513672	-139.35808407	-78.2183780855
52.8259277344	-154.887612335	-78.2099413867
52.8717041016	-136.052910786	-78.2168291671
52.9174804688	-141.050174814	-78.2006009372
52.9632568359	-138.776531118	-78.2040753368
53.0090332031	-136.351197571	-78.2084630866
53.0548095703	-134.992964055	-78.197215627
53.1005859375	-138.511167089	-78.1932412513
53.1463623047	-147.5822612	-78.1945337663
53.1921386719	-140.996265079	-78.1947611816
53.2379150391	-132.991946991	-78.1761985012
53.2836914062	-140.930788466	-78.1833115612
53.3294677734	-140.35116817	-78.1942660366
53.3752441406	-140.35917545	-78.1812573262
53.4210205078	-132.641500103	-78.1834270974
53.466796875	-149.766087561	-78.183437586
53.5125732422	-134.87073386	-78.190088534
53.5583496094	-140.813956802	-78.1722519361
53.6041259766	-136.569706837	-78.1669285715
53.6499023438	-141.325248631	-78.174692821
53.6956787109	-138.234353551	-78.1795863748
53.7414550781	-139.230704565	-78.1722923479
53.7872314453	-140.318152373	-78.1608820282
53.8330078125	-135.643785226	-78.1608082161
53.8787841797	-139.082659637	-78.1567345311
53.9245605469	-135.799632964	-78.1662227841
53.9703369141	-135.760322788	-78.1704695592
54.0161132812	-133.50943743	-78.1709775177
54.0618896484	-142.887113491	-78.1540536011
54.1076660156	-142.464689916	-78.1562018552
54.1534423828	-129.565355076	-78.1582345353
54.19921875	-135.56230376	-78.1461489281
54.2449951172	-135.478174537	-78.1565257179
54.2907714844	-140.334958493	-78.1513653217
54.3365478516	-134.740603792	-78.1297178186
54.3823242188	-136.175456638	-78.1513775042
54.4281005859	-137.801629061	-78.135304629
54.4738769531	-131.468918886	-78.1196692706
54.5196533203	-141.154085218	-78.1288999944
54.5654296875	-137.579839775	-78.1344772177
54.6112060547	-131.830510894	-78.1474733563
54.6569824219	-139.675341461	-78.1207645776
54.7027587891	-142.658225711	-78.120809659
54.7485351562	-132.096850394	-78.1391663964
54.7943115234	-138.360488337	-78.1286882628
54.8400878906	-136.850456307	-78.1240912566
54.8858642578	-137.315975341	-78.1090661621
54.931640625	-132.273913295	-78.1180095924
54.9774169922	-139.316748512	-78.1096756953
55.0231933594	-136.486213875	-78.1095117426
55.0689697266	-132.882219761	-78.0934023108
55.1147460938	-133.984192727	-78.1183182459
55.1605224609	-140.307372154	-78.1103677593
55.2062988281	-150.758657126	-78.1012560067
55.2520751953	-145.40011937	-78.1038970481
55.2978515625	-136.065945145	-78.0956928526
55.3436279297	-144.397066443	-78.0923731041
55.3894042969	-132.012401337	-78.0907480337
55.4351806641	-144.798684398	-78.096352332
55.4809570312	-131.311830106	-78.0750053941
55.5267333984	-136.178799594	-78.0791014504
55.5725097656	-137.276440533	-78.0769505255
55.6182861328	-133.285954069	-78.0981122364
55.6640625	-133.362700204	-78.0743486993
55.7098388672	-128.617800802	-78.1048194668
55.7556152344	-143.151108548	-78.0803729196
55.8013916016	-139.773019972	-78.0824427761
55.8471679688	-149.48070183	-78.0716606465
55.8929443359	-138.333029412	-78.0765768462
55.9387207031	-134.474101126	-78.0820209253
55.9844970703	-128.807569074	-78.0525697713
56.0302734375	-150.899161354	-78.0665249602
56.0760498047	-138.640900556	-78.0671284863
56.1218261719	-137.744761188	-78.0556347744
56.1676025391	-131.743064887	-78.0416869783
56.2133789062	-138.671864692	-78.0522797964
56.2591552734	-133.929338448	-78.0669038019
56.3049316406	-143.430096778	-78.0521786341
56.3507080078	-145.195288153	-78.0464712125
56.396484375	-137.100421945	-78.0379432975
56.4422607422	-140.774099517	-78.0391885258
56.4880371094	-135.773195937	-78.0324817844
56.5338134766	-145.178086812	-78.041709127
56.5795898438	-130.859720536	-78.0230674162
56.6253662109	-133.139344668	-78.0341011333
56.6711425781	-135.302893617	-78.0361747613
56.7169189453	-141.731914729	-78.0297964141
56.7626953125	-140.356168892	-78.0287062772
56.8084716797	-128.461820493	-78.0231847517
56.8542480469	-134.186901853	-78.0391334341
56.9000244141	-144.913712663	-78.0228161059
56.9458007812	-137.431398453	-78.017104296
56.9915771484	-152.580118481	-78.018930493
57.0373535156	-136.770299819	-78.0070194368
57.0831298828	-134.022845632	-78.0284387071
57.12890625	-136.852809358	-78.0100868189
57.1746826172	-142.41595974	-78.0140332041
57.2204589844	-139.518861062	-78.0099425943
57.2662353516	-137.108514845	-78.0145069026
57.3120117188	-131.808322197	-78.012098995
57.3577880859	-138.509468002	-77.9937287998
57.4035644531	-141.081342607	-77.9964231574
57.4493408203	-134.197586515	-77.9991085394
57.4951171875	-135.162797514	-77.9940013782
57.5408935547	-136.01707357	-77.9986765413
57.5866699219	-136.368539289	-77.999292285
57.6324462891	-138.623773746	-77.995733786
57.6782226562	-134.355009146	-77.9954999012
57.7239990234	-135.206659456	-77.9892016885
57.7697753906	-147.219439927	-77.9845377288
57.8155517578	-146.450261702	-77.9794443645
57.861328125	-132.139017876	-77.9916056634
57.9071044922	-132.850391352	-77.959396101
57.9528808594	-141.335190053	-77.9783202186
57.9986572266	-145.829615294	-77.9676136761
58.0444335938	-145.619139081	-77.9697062239
58.0902099609	-131.214826863	-77.9813925622
58.1359863281	-132.124823592	-77.9533061159
58.1817626953	-140.399998498	-77.9588543046
58.2275390625	-130.494028192	-77.9782125073
58.2733154297	-138.942040403	-77.9498206155
58.3190917969	-130.744641119	-77.9392379902
58.3648681641	-134.973427434	-77.9474583474
58.4106445312	-136.457241427	-77.9603772115
58.4564208984	-130.228415956	-77.966004258
58.5021972656	-136.117552922	-77.9552383576
58.5479736328	-139.670080991	-77.9377214332
58.59375	-133.105096176	-77.9561210459
58.6395263672	-154.581269725	-77.9383098599
58.6853027344	-145.463263376	-77.9358368969
58.7310791016	-141.099165145	-77.9284792854
58.7768554688	-135.653017888	-77.9378052849
58.8226318359	-139.022695148	-77.9221356792
58.8684082031	-148.199397766	-77.9264146843
58.9141845703	-132.022800679	-77.9124305651
58.9599609375	-133.488643703	-77.9369989831
59.0057373047	-134.021657028	-77.9094361278
59.0515136719	-134.28017723	-77.90674418
59.0972900391	-138.390724868	-77.9237916896
59.1430664062	-141.424301236	-77.9097814894
59.1888427734	-137.464579891	-77.9099592132
59.2346191406	-132.621624713	-77.9250683945
59.2803955078	-136.137277183	-77.9175171368
59.326171875	-136.247930782	-77.8944273193
59.3719482422	-137.777154659	-77.9095397937
59.4177246094	-143.899027331	-77.8990674338
59.4635009766	-137.23247006	-77.8883412172
59.5092773438	-138.884620953	-77.8995962666
59.5550537109	-137.067132424	-77.8927335485
59.6008300781	-141.687925786	-77.8934626598
59.6466064453	-135.05574128	-77.8977376827
59.6923828125	-137.890965394	-77.8786905496
59.7381591797	-137.8082243	-77.8881979451
59.7839355469	-143.203153193	-77.8769232644
59.8297119141	-138.588508696	-77.8714075226
59.8754882812	-146.122305987	-77.878856228
59.9212646484	-133.782143892	-77.8828168022
59.9670410156	-130.782515455	-77.8914891902
60.0128173828	-144.086602501	-77.8708106152
60.05859375	-143.318471548	-77.8629980086
60.1043701172	-128.446417576	-77.8460309053
60.1501464844	-130.715488401	-77.8794938559
60.1959228516	-134.359631844	-77.8481713505
60.2416992188	-143.239522409	-77.8591299854
60.2874755859	-135.433306902	-77.8442659296
60.3332519531	-141.95687365	-77.8479913778
60.3790283203	-133.710198354	-77.8542306699
60.4248046875	-136.366968086	-77.8456890948
60.4705810547	-135.900979489	-77.8541714214
60.5163574219	-151.28382418	-77.8425574336
60.5621337891	-135.042228721	-77.8478147287
60.6079101562	-132.608764697	-77.8541249831
60.6536865234	-144.847599601	-77.8380958661
60.6994628906	-129.469138355	-77.8504303587
60.7452392578	-132.989891522	-77.8247296144
60.791015625	-133.636615777	-77.8357490146
60.8367919922	-129.471744129	-77.8485778026
60.8825683594	-137.53881827	-77.8215573391
60.9283447266	-137.009699324	-77.8318957728
60.9741210938	-158.686879175	-77.8205961353
61.0198974609	-133.662377187	-77.8088676714
61.0656738281	-129.542427785	-77.8186091849
61.1114501953	-147.331344652	-77.8143073467
61.1572265625	-131.794624128	-77.8084115316
61.2030029297	-129.068279374	-77.810466347
61.2487792969	-153.55385348	-77.8073165725
61.2945556641	-137.172372042	-77.8027344249
61.3403320312	-130.713282889	-77.7912217643
61.3861083984	-140.185874174	-77.8050702217
61.4318847656	-131.617148645	-77.7798741067
61.4776611328	-135.393097297	-77.7830181771
61.5234375	-134.6426827	-77.7872811532
61.5692138672	-145.199701235	-77.7870604753
61.6149902344	-145.912988882	-77.7832567712
61.6607666016	-136.264940692	-77.7845367709
61.7065429688	-139.678772735	-77.7846916153
61.7523193359	-134.474378577	-77.7791922431
61.7980957031	-136.989119269	-77.7843751606
61.8438720703	-134.576801151	-77.7772705978
61.8896484375	-128.318098767	-77.7603888177
61.9354248047	-128.94166529	-77.7922014422
61.9812011719	-128.62059096	-77.7425289699
62.0269775391	-137.328634187	-77.7719346588
62.0727539062	-135.907019742	-77.7521387957
62.1185302734	-146.176210247	-77.7583508896
62.1643066406	-139.986151914	-77.7539391553
62.2100830078	-136.170340769	-77.7513925565
62.255859375	-131.68163039	-77.7673161702
62.3016357422	-146.084475459	-77.7475032973
62.3474121094	-130.749857071	-77.7327925983
62.3931884766	-139.043992855	-77.74806243
62.4389648438	-137.686437986	-77.7497982715
62.4847412109	-141.29979377	-77.7410505628
62.5305175781	-135.084840145	-77.7451119011
62.5762939453	-138.849181374	-77.74014175
62.6220703125	-140.786914336	-77.7350992082
62.6678466797	-143.767478181	-77.7347758284
62.7136230469	-136.413691295	-77.7289824387
62.7593994141	-134.529794214	-77.7314693937
62.8051757812	-134.660574728	-77.7349899742
62.8509521484	-135.868366002	-77.7102446121
62.8967285156	-134.898883781	-77.7136177987
62.9425048828	-131.053976122	-77.7031939566
62.98828125	-151.826776451	-77.7137366926
63.0340576172	-132.116531068	-77.7058416366
63.0798339844	-139.744265363	-77.7150715452
63.1256103516	-159.108216548	-77.7051248153
63.1713867188	-132.147376816	-77.7171079376
63.2171630859	-145.300464378	-77.6971341493
63.2629394531	-142.991824968	-77.6935643994
63.3087158203	-138.431558081	-77.7035608849
63.3544921875	-140.386080373	-77.6882100523
63.4002685547	-130.400227143	-77.7051470247
63.4460449219	-140.0397746	-77.6946416519
63.4918212891	-142.374702924	-77.6812388604
63.5375976562	-141.429259925	-77.6813566045
63.5833740234	-134.923314383	-77.6710838637
63.6291503906	-137.421725611	-77.6714074176
63.6749267578	-138.775143048	-77.6771449198
63.720703125	-134.228404634	-77.6603918267
63.7664794922	-137.186478002	-77.6794022839
63.8122558594	-132.377348862	-77.6595929644
63.8580322266	-140.979542624	-77.6609038216
63.9038085938	-132.461831581	-77.6629245243
63.9495849609	-136.660113514	-77.669961619
63.9953613281	-135.104481848	-77.669053363
64.0411376953	-136.353322247	-77.664664899
64.0869140625	-141.220276795	-77.6539012692
64.1326904297	-140.833665417	-77.6497947695
64.1784667969	-145.881882098	-77.644910886
64.2242431641	-132.03009201	-77.6315436444
64.2700195312	-136.687387044	-77.6409098564
64.3157958984	-137.894767367	-77.6356419148
64.3615722656	-142.967505603	-77.6375984487
64.4073486328	-136.446271807	-77.6293559484
64.453125	-130.33780398	-77.6453977478
64.4989013672	-129.749003668	-77.6477557083
64.5446777344	-130.135713554	-77.6142542755
64.5904541016	-135.131152174	-77.6330607868
64.6362304688	-131.289253104	-77.6158067676
64.6820068359	-146.667082839	-77.6189186974
64.7277832031	-134.245155711	-77.6194299795
64.7735595703	-135.176047978	-77.6254596514
64.8193359375	-138.270204186	-77.6187176477
64.8651123047	-131.726073198	-77.6243631393
64.9108886719	-128.397252914	-77.6215447102
64.9566650391	-142.285699175	-77.6019866546
65.0024414062	-134.263085237	-77.614366926
65.0482177734	-137.830878567	-77.5910624714
65.0939941406	-133.58584652	-77.5885972559
65.1397705078	-139.208907679	-77.6008878539
65.185546875	-150.204506744	-77.5892063375
65.2313232422	-142.134976476	-77.5935584004
65.2770996094	-134.133050101	-77.5753849535
65.3228759766	-137.953335382	-77.5792309921
65.3686523438	-144.436169139	-77.5810619804
65.4144287109	-158.920497034	-77.5788694215
65.4602050781	-141.925013398	-77.5739024341
65.5059814453	-136.22562981	-77.5820261681
65.5517578125	-132.637381292	-77.5818885743
65.5975341797	-162.494570288	-77.5673145344
65.6433105469	-132.746394901	-77.5501546969
65.6890869141	-135.341270658	-77.562402405
65.7348632812	-136.316564033	-77.5695182731
65.7806396484	-145.564640754	-77.5550762444
65.8264160156	-140.145430358	-77.5501782774
65.8721923828	-139.071006393	-77.5450784327
65.91796875	-138.156583402	-77.5566298273
65.9637451172	-136.278801498	-77.5391578937
66.0095214844	-136.830678845	-77.5365708613
66.0552978516	-129.703592363	-77.5240141726
66.1010742188	-135.110078818	-77.5363584468
66.1468505859	-128.832758548	-77.539498552
66.1926269531	-134.680990225	-77.5390553374
66.2384033203	-137.648226667	-77.5267075817
66.2841796875	-138.298698289	-77.5205545559
66.3299560547	-143.258535948	-77.5285455631
66.3757324219	-132.228348507	-77.525571158
66.4215087891	-134.344454558	-77.53219634
66.4672851562	-137.533705072	-77.513840792
66.5130615234	-132.848841735	-77.5000486536
66.5588378906	-143.303268162	-77.5140696605
66.6046142578	-131.955211782	-77.5092820089
66.650390625	-132.994552978	-77.5005721737
66.6961669922	-136.530092072	-77.5116016371
66.7419433594	-134.678652658	-77.5050716989
66.7877197266	-139.733506921	-77.4926262614
66.8334960938	-138.088923953	-77.4908781554
66.8792724609	-136.246453218	-77.4889165802
66.9250488281	-132.723278625	-77.4827521689
66.9708251953	-134.898622336	-77.4952414703
67.0166015625	-150.361489	-77.4836470825
67.0623779297	-133.97870515	-77.4700805057
67.1081542969	-135.543524577	-77.469291435
67.1539306641	-138.440000155	-77.4704053313
67.1997070312	-151.333868424	-77.4732730753
67.2454833984	-138.532844324	-77.4794723031
67.2912597656	-148.256724205	-77.4706361883
67.3370361328	-144.354736253	-77.4645259337
67.3828125	-141.911778089	-77.4603320087
67.4285888672	-139.060526335	-77.4545826576
67.4743652344	-132.442647669	-77.4673791708
67.5201416016	-140.708878697	-77.4550540483
67.5659179688	-134.624054523	-77.4642817512
67.6116943359	-135.172488367	-77.4572085918
67.6574707031	-130.082538174	-77.4390344
67.7032470703	-137.760081226	-77.4366084568
67.7490234375	-132.899478403	-77.4546352092
67.7947998047	-149.37085945	-77.4370538296
67.8405761719	-133.416865094	-77.449558968
67.8863525391	-136.018241241	-77.4414857814
67.9321289062	-132.811827501	-77.4381606522
67.9779052734	-137.056472508	-77.4222079883
68.0236816406	-131.6336834	-77.412854237
68.0694580078	-153.018754125	-77.4241803035
68.115234375	-131.59539581	-77.4036277216
68.1610107422	-135.888438655	-77.414142477
68.2067871094	-135.296733489	-77.4182502756
68.2525634766	-131.671566147	-77.4204434726
68.2983398438	-137.759385871	-77.4165942087
68.3441162109	-137.867517671	-77.4073250789
68.3898925781	-130.59894122	-77.4130395799
68.4356689453	-146.697286247	-77.3997810122
68.4814453125	-139.556765168	-77.4030103137
68.5272216797	-131.241502873	-77.4063878782
68.5729980469	-133.619554671	-77.3805788065
68.6187744141	-138.376560577	-77.3937874778
68.6645507812	-128.990244454	-77.4090113594
68.7103271484	-134.753403249	-77.3888495621
68.7561035156	-143.642474351	-77.3769676849
68.8018798828	-135.051395806	-77.3673236847
68.84765625	-141.177264017	-77.3700022025
68.8934326172	-148.574531119	-77.3715052805
68.9392089844	-141.15004396	-77.3698126109
68.9849853516	-132.091870895	-77.3831453933
69.0307617188	-143.06562973	-77.3617085603
69.0765380859	-131.014751335	-77.3435662032
69.1223144531	-136.159447092	-77.3614492518
69.1680908203	-134.926476618	-77.3545747702
69.2138671875	-137.587201471	-77.3463829576
69.2596435547	-133.388823552	-77.3405378386
69.3054199219	-140.903648063	-77.3454698214
69.3511962891	-140.556412549	-77.3486290015
69.3969726562	-134.308766319	-77.352773963
69.4427490234	-133.572346932	-77.3503724493
69.4885253906	-137.332350186	-77.3441730688
69.5343017578	-141.772656802	-77.3353672401
69.580078125	-132.09767998	-77.3263634745
69.6258544922	-137.267674047	-77.3355670096
69.6716308594	-136.924609539	-77.333939336
69.7174072266	-131.952821748	-77.3373301892
69.7631835938	-130.39409921	-77.3064770976
69.8089599609	-131.219076239	-77.3270508667
69.8547363281	-136.491063197	-77.3057067895
69.9005126953	-134.533393832	-77.318406628
69.9462890625	-152.918862355	-77.3091698979
69.9920654297	-137.670850705	-77.2984639334
70.0378417969	-138.036757882	-77.3086055378
70.0836181641	-139.44009677	-77.3051322413
70.1293945312	-132.547786586	-77.2853486659
70.1751708984	-137.21285732	-77.2857954186
70.2209472656	-151.602011736	-77.290692685
70.2667236328	-135.012817007	-77.2877241527
70.3125	-129.791845576	-77.2969296391
70.3582763672	-133.740258058	-77.2919204774
70.4040527344	-139.641099904	-77.2725094187
70.4498291016	-129.725635614	-77.2851815341
70.4956054688	-141.835441707	-77.2710356453
70.5413818359	-142.63291011	-77.2695216329
70.5871582031	-149.380102807	-77.2661385706
70.6329345703	-135.687574566	-77.2552103339
70.6787109375	-143.855500831	-77.2650076036
70.7244873047	-134.763286729	-77.2602490997
70.7702636719	-137.297828462	-77.2483664198
70.8160400391	-145.083606684	-77.2499193118
70.8618164062	-138.712744179	-77.2571102229
70.9075927734	-134.657416319	-77.2375454818
70.9533691406	-141.328992358	-77.2453690528
70.9991455078	-137.663836333	-77.2472914978
71.044921875	-136.384054565	-77.2459485711
71.0906982422	-132.102900009	-77.223669393
71.1364746094	-131.213327403	-77.2194052636
71.1822509766	-137.277603829	-77.2377199311
71.2280273438	-144.003872318	-77.2229126274
71.2738037109	-141.155656588	-77.2239055422
71.3195800781	-137.111493836	-77.2207546853
71.3653564453	-136.320603362	-77.2262792154
71.4111328125	-133.420744676	-77.2021988887
71.4569091797	-144.901531247	-77.2127313093
71.5026855469	-147.424292741	-77.2117603753
71.5484619141	-136.30817792	-77.2137576634
71.5942382812	-130.929957124	-77.2200100075
71.6400146484	-134.259113433	-77.2123541197
71.6857910156	-138.363105631	-77.1927141104
71.7315673828	-136.593535477	-77.1935246833
71.77734375	-134.354515515	-77.1889461434
71.8231201172	-140.343343957	-77.1824574084
71.8688964844	-136.710926245	-77.1773549307
71.9146728516	-136.650546283	-77.1733537626
71.9604492188	-147.032458342	-77.1821913845
72.0062255859	-133.454531998	-77.1729402457
72.0520019531	-150.074039916	-77.1748368929
72.0977783203	-134.179534209	-77.158927686
72.1435546875	-137.079308003	-77.1596341055
72.1893310547	-138.758330772	-77.1596256376
72.2351074219	-141.105766075	-77.1619303596
72.2808837891	-135.562628029	-77.1604866726
72.3266601562	-135.602590319	-77.1459647539
72.3724365234	-146.509599047	-77.1554878088
72.4182128906	-134.853074221	-77.1600227034
72.4639892578	-132.985898735	-77.1599317296
72.509765625	-131.133462085	-77.1380887477
72.5555419922	-132.223005489	-77.1368029513
72.6013183594	-137.967341325	-77.1302979048
72.6470947266	-151.110987737	-77.13365626
72.6928710938	-136.721240098	-77.1370842406
72.7386474609	-132.747521594	-77.1272274594
72.7844238281	-140.699533143	-77.1290199478
72.8302001953	-139.360182099	-77.1232995148
72.8759765625	-137.714690413	-77.1271448376
72.9217529297	-129.817489961	-77.0965254165
72.9675292969	-141.752100038	-77.1186122691
73.0133056641	-134.080250754	-77.1127394432
73.0590820312	-136.63485614	-77.103422102
73.1048583984	-151.342756394	-77.106040799
73.1506347656	-141.724258383	-77.0965744264
73.1964111328	-144.154187647	-77.094997332
73.2421875	-130.375284878	-77.0958980889
73.2879638672	-133.232252042	-77.085738943
73.3337402344	-134.517610999	-77.0822998361
73.3795166016	-127.543443359	-77.0816746328
73.4252929688	-160.269237192	-77.0836677611
73.4710693359	-133.244009639	-77.09354283
73.5168457031	-141.847306711	-77.07288746
73.5626220703	-131.023694966	-77.0733011221
73.6083984375	-133.485953192	-77.0709188214
73.6541748047	-133.055308678	-77.0544405532
73.6999511719	-131.424342244	-77.0489137404
73.7457275391	-152.196207834	-77.0620485605
73.7915039062	-131.665419105	-77.074267011
73.8372802734	-132.264162435	-77.0557247987
73.8830566406	-137.161128495	-77.0439096976
73.9288330078	-140.201684558	-77.0475615605
73.974609375	-137.954188546	-77.03854675
74.0203857422	-136.102353511	-77.0494397008
74.0661621094	-136.50571617	-77.0436105474
74.1119384766	-134.852203492	-77.0344868013
74.1577148438	-130.874686281	-77.016690808
74.2034912109	-143.501907967	-77.0272646321
74.2492675781	-152.92687973	-77.0262883633
74.2950439453	-143.465659525	-77.028099627
74.3408203125	-135.179735367	-77.0309858541
74.3865966797	-142.311237104	-77.0209554674
74.4323730469	-132.757551906	-77.0089685229
74.4781494141	-132.496708466	-77.0231080035
74.5239257812	-125.287698612	-76.9789290716
74.5697021484	-126.358591156	-76.990060926
74.6154785156	-131.812380904	-77.0004568638
74.6612548828	-137.718519234	-76.9932397926
74.70703125	-136.845670003	-76.9968348217
74.7528076172	-142.126332335	-76.9923883014
74.7985839844	-132.008814002	-76.9878339252
74.8443603516	-159.42647073	-76.9867554438
74.8901367188	-136.782622857	-76.9852794699
74.9359130859	-134.83486297	-76.9910044198
74.9816894531	-133.351227771	-76.964577814
75.0274658203	-136.627264012	-76.9758737957
75.0732421875	-137.099540071	-76.9790473072
75.1190185547	-143.560638147	-76.9710195407
75.1647949219	-137.498013695	-76.9659199691
75.2105712891	-136.693063468	-76.9528894943
75.2563476562	-142.090455898	-76.9630587243
75.3021240234	-137.241864705	-76.9562507963
75.3479003906	-138.275031643	-76.959672547
75.3936767578	-148.530530694	-76.9507325282
75.439453125	-138.815139095	-76.9468296481
75.4852294922	-135.147255644	-76.9463571836
75.5310058594	-145.057919532	-76.9363643919
75.5767822266	-131.752465717	-76.9521081244
75.6225585938	-130.567282494	-76.9159669445
75.6683349609	-135.896723169	-76.9368656842
75.7141113281	-131.821104989	-76.9163440087
75.7598876953	-133.429891125	-76.9154405125
75.8056640625	-131.505839749	-76.9268764631
75.8514404297	-127.997142311	-76.8929882197
75.8972167969	-143.961741189	-76.9178290645
75.9429931641	-137.83655196	-76.9142539331
75.9887695312	-131.646308342	-76.8921577986
76.0345458984	-138.474951103	-76.9020682217
76.0803222656	-132.846768942	-76.9121079569
76.1260986328	-132.161386486	-76.9022595022
76.171875	-134.773382183	-76.8923492998
76.2176513672	-136.123050324	-76.8883480897
76.2634277344	-148.048928519	-76.8901706255
76.3092041016	-129.605178303	-76.904920625
76.3549804688	-133.601260609	-76.8692705523
76.4007568359	-156.110094322	-76.8776658155
76.4465332031	-136.961893031	-76.8825909204
76.4923095703	-139.177239586	-76.8696423384
76.5380859375	-134.793094075	-76.8577905508
76.5838623047	-136.37781313	-76.8565869248
76.6296386719	-134.772339204	-76.870773987
76.6754150391	-137.34825904	-76.851358285
76.7211914062	-132.523163554	-76.852243775
76.7669677734	-136.959813756	-76.8440008952
76.8127441406	-129.812379398	-76.8385118898
76.8585205078	-129.027824923	-76.8280649165
76.904296875	-134.65695456	-76.8501747724
76.9500732422	-132.475136073	-76.8275836217
76.9958496094	-132.044597971	-76.8256353617
77.0416259766	-135.986462945	-76.8371218863
77.0874023438	-135.299453544	-76.8297338417
77.1331787109	-131.89668087	-76.8111236871
77.1789550781	-137.579940477	-76.8302437613
77.2247314453	-141.770699793	-76.8246537453
77.2705078125	-136.210813437	-76.8170354509
77.3162841797	-145.147607681	-76.8144734806
77.3620605469	-136.866051086	-76.8175098954
77.4078369141	-131.469862547	-76.8167607053
77.4536132812	-134.845975014	-76.7975682257
77.4993896484	-136.020064315	-76.8069263019
77.5451660156	-134.333886873	-76.7925959545
77.5909423828	-139.124099669	-76.7914856075
77.63671875	-142.289433574	-76.7918764435
77.6824951172	-133.680290641	-76.7981895289
77.7282714844	-143.728218003	-76.7796285621
77.7740478516	-138.86164153	-76.7736173706
77.8198242188	-136.150417969	-76.7678883917
77.8656005859	-136.764520971	-76.7730503515
77.9113769531	-146.564928519	-76.7723304028
77.9571533203	-135.791860972	-76.7663572345
78.0029296875	-153.134522704	-76.7645070734
78.0487060547	-131.250411968	-76.7513737386
78.0944824219	-128.127833093	-76.7735378308
78.1402587891	-144.001907308	-76.7554928595
78.1860351562	-138.350890219	-76.743373819
78.2318115234	-133.279498426	-76.7340511973
78.2775878906	-141.205543922	-76.7449900932
78.3233642578	-129.883672533	-76.7413370336
78.369140625	-137.410399089	-76.7311071079
78.4149169922	-135.768742633	-76.7314094453
78.4606933594	-136.574231363	-76.7263148244
78.5064697266	-143.671217507	-76.7265652863
78.5522460938	-137.271996358	-76.7177144509
78.5980224609	-137.090280575	-76.7235592928
78.6437988281	-140.842557513	-76.716582853
78.6895751953	-139.963564068	-76.7095757568
78.7353515625	-145.522083925	-76.7072238587
78.7811279297	-128.181620763	-76.700370035
78.8269042969	-132.199267154	-76.6882213768
78.8726806641	-134.087125899	-76.7110710898
78.9184570312	-138.276650817	-76.6888292605
78.9642333984	-135.702852803	-76.7014485072
79.0100097656	-138.824164089	-76.6954171184
79.0557861328	-130.830991474	-76.6974437452
79.1015625	-157.218190588	-76.6829518736
79.1473388672	-130.863507453	-76.6623316446
79.1931152344	-133.210443665	-76.6748286194
79.2388916016	-135.443250825	-76.6658070501
79.2846679688	-149.298791111	-76.670575372
79.3304443359	-141.946512342	-76.6698495841
79.3762207031	-131.783296763	-76.65332088
79.4219970703	-144.730284481	-76.6602631664
79.4677734375	-132.182175987	-76.6574467277
79.5135498047	-128.465516331	-76.6310373221
79.5593261719	-149.048147592	-76.647581609
79.6051025391	-148.006652805	-76.6468720965
79.6508789062	-129.065745357	-76.6368048471
79.6966552734	-149.752154102	-76.6395969776
79.7424316406	-140.251951612	-76.6331387299
79.7882080078	-139.523948147	-76.6370356823
79.833984375	-127.592017566	-76.645904595
79.8797607422	-140.165517618	-76.6182666353
79.9255371094	-136.117994139	-76.6117746984
79.9713134766	-130.495836615	-76.6337294656
80.0170898438	-143.167037616	-76.61241552
80.0628662109	-132.896796948	-76.5974446637
80.1086425781	-147.358857384	-76.605094485
80.1544189453	-141.553116182	-76.6072359807
80.2001953125	-136.832358445	-76.6061730105
80.2459716797	-143.41455865	-76.5922020235
80.2917480469	-140.708953263	-76.5899037816
80.3375244141	-139.080060549	-76.5856147284
80.3833007812	-135.535137874	-76.5770367391
80.4290771484	-148.669586401	-76.5835738893
80.4748535156	-143.225499143	-76.5783248474
80.5206298828	-134.398325631	-76.5640488035
80.56640625	-135.813074874	-76.5810569441
80.6121826172	-147.634953418	-76.5705375035
80.6579589844	-136.755156084	-76.5561903253
80.7037353516	-135.506530507	-76.5708956544
80.7495117188	-134.82049523	-76.5680413085
80.7952880859	-139.108856247	-76.5553704159
80.8410644531	-137.356265369	-76.5432750633
80.8868408203	-137.363098732	-76.5394929286
80.9326171875	-139.679615402	-76.5390925907
80.9783935547	-134.110178289	-76.5332589166
81.0241699219	-133.984277032	-76.5287468882
81.0699462891	-140.866586228	-76.537990709
81.1157226562	-134.651439404	-76.5386484291
81.1614990234	-140.786064984	-76.5301219294
81.2072753906	-134.53012977	-76.5276706553
81.2530517578	-137.028201521	-76.5238101215
81.298828125	-141.93920074	-76.5190346476
81.3446044922	-132.052591466	-76.5257471235
81.3903808594	-138.864270043	-76.502059077
81.4361572266	-133.144602702	-76.4937091437
81.4819335938	-137.147486769	-76.5021225622
81.5277099609	-136.817338487	-76.5000232059
81.5734863281	-149.057844659	-76.4919528543
81.6192626953	-146.729664676	-76.4909558339
81.6650390625	-134.126467023	-76.4790144887
81.7108154297	-134.876234558	-76.4727459961
81.7565917969	-128.502883668	-76.4988239791
81.8023681641	-135.618764863	-76.4666423406
81.8481445312	-137.711561172	-76.4668675933
81.8939208984	-148.157547273	-76.4682134743
81.9396972656	-129.555319489	-76.4729646966
81.9854736328	-144.388955349	-76.4589417449
82.03125	-146.723475777	-76.4564287032
82.0770263672	-133.364764032	-76.4622839917
82.1228027344	-132.323790096	-76.4373422499
82.1685791016	-140.308590869	-76.4510384632
82.2143554688	-144.258143298	-76.4400583547
82.2601318359	-136.178194795	-76.4423470175
82.3059082031	-158.137030518	-76.4365389372
82.3516845703	-140.13544088	-76.4332316566
82.3974609375	-130.04861639	-76.4270418538
82.4432373047	-157.606037689	-76.4243676967
82.4890136719	-142.866537156	-76.4213971256
82.5347900391	-131.85640858	-76.4282810973
82.5805664062	-132.059071919	-76.4165237621
82.6263427734	-142.597400958	-76.4147250323
82.6721191406	-134.045841138	-76.3954815103
82.7178955078	-132.396705861	-76.4144386849
82.763671875	-135.415104914	-76.3922649532
82.8094482422	-135.847284096	-76.3989316585
82.8552246094	-135.231743528	-76.4013376533
82.9010009766	-138.729850864	-76.3938139921
82.9467773438	-141.232628219	-76.3799485511
82.9925537109	-128.998277568	-76.3629515911
83.0383300781	-137.286245052	-76.37717399
83.0841064453	-139.674706454	-76.3703467117
83.1298828125	-142.454319736	-76.3698625391
83.1756591797	-133.358847462	-76.3772788854
83.2214355469	-134.497644312	-76.3531459768
83.2672119141	-132.976167774	-76.3464941528
83.3129882812	-135.0461977	-76.3481517883
83.3587646484	-132.386125646	-76.3474557567
83.4045410156	-140.813328711	-76.345933832
83.4503173828	-138.227427953	-76.3459377166
83.49609375	-138.415001131	-76.3399254782
83.5418701172	-140.04380377	-76.3339424122
83.5876464844	-138.729154672	-76.3387264063
83.6334228516	-144.772774326	-76.3323854614
83.6791992188	-132.761440812	-76.3156462803
83.7249755859	-139.455181282	-76.3174633678
83.7707519531	-140.499661144	-76.314096963
83.8165283203	-143.294724101	-76.3182072136
83.8623046875	-130.611416604	-76.3227706726
83.9080810547	-133.272553794	-76.3190351871
83.9538574219	-139.920348697	-76.2975681635
83.9996337891	-135.426749012	-76.2935175031
84.0454101562	-136.775445063	-76.2876958239
84.0911865234	-139.37794718	-76.2978176715
84.1369628906	-144.431212008	-76.2913565186
84.1827392578	-139.751387161	-76.2900771181
84.228515625	-133.328599421	-76.2818514947
84.2742919922	-143.549771011	-76.2732064541
84.3200683594	-141.571284161	-76.2691881042
84.3658447266	-137.619049261	-76.2768462107
84.4116210938	-140.059242232	-76.2683409999
84.4573974609	-140.322991311	-76.2598181792
84.5031738281	-141.905798684	-76.262534753
84.5489501953	-150.199622869	-76.2526296804
84.5947265625	-133.935077403	-76.2617848681
84.6405029297	-135.576252917	-76.255196437
84.6862792969	-144.769526875	-76.2439823768
84.7320556641	-131.003270706	-76.232757936
84.7778320312	-139.783381394	-76.2360356548
84.8236083984	-132.54841497	-76.224820114
84.8693847656	-131.667332794	-76.2390021152
84.9151611328	-128.789223133	-76.2269950391
84.9609375	-135.572786504	-76.2108052663
85.0067138672	-132.127102618	-76.2057995739
85.0524902344	-139.742610731	-76.2091299873
85.0982666016	-131.864046967	-76.2000082554
85.1440429688	-149.894334781	-76.2042946865
85.1898193359	-144.642084355	-76.2035129235
85.2355957031	-141.886304104	-76.1925656747
85.2813720703	-135.210344266	-76.1845228683
85.3271484375	-131.266764024	-76.1817423387
85.3729248047	-138.093623113	-76.1831574005
85.4187011719	-141.452494056	-76.1824543139
85.4644775391	-140.36647086	-76.1831947944
85.5102539062	-130.891720976	-76.1580481913
85.5560302734	-170.304933426	-76.1700057007
85.6018066406	-129.351875839	-76.1597971133
85.6475830078	-143.540171805	-76.1597232283
85.693359375	-136.323300709	-76.1519979993
85.7391357422	-126.156407093	-76.1764414246
85.7849121094	-142.009281313	-76.1509617918
85.8306884766	-139.377129783	-76.1408932734
85.8764648438	-136.048065479	-76.1374336029
85.9222412109	-128.629462048	-76.1200626636
85.9680175781	-137.988976228	-76.1349730854
86.0137939453	-141.485348938	-76.1266248782
86.0595703125	-132.4354652	-76.1236068049
86.1053466797	-128.973375696	-76.1432171707
86.1511230469	-142.275622282	-76.1183529086
86.1968994141	-144.581275531	-76.1180817945
86.2426757812	-136.49793435	-76.1044665944
86.2884521484	-139.224241507	-76.1112271683
86.3342285156	-141.104243652	-76.1083210616
86.3800048828	-141.665310269	-76.102079684
86.42578125	-136.760529575	-76.0881143357
86.4715576172	-149.774582373	-76.0933500437
86.5173339844	-141.735347825	-76.0920374654
86.5631103516	-142.70156785	-76.0807652125
86.6088867188	-133.144187267	-76.0903457989
86.6546630859	-139.907974292	-76.0816186273
86.7004394531	-134.119290803	-76.0704708399
86.7462158203	-136.721324174	-76.0759386683
86.7919921875	-132.348800546	-76.0635645673
86.8377685547	-138.681167366	-76.0648610307
86.8835449219	-142.905356243	-76.0539681113
86.9293212891	-137.004727123	-76.0582585461
86.9750976562	-143.923457252	-76.0521958673
87.0208740234	-129.48512422	-76.0264556723
87.0666503906	-142.901946008	-76.0395047313
87.1124267578	-137.268176417	-76.0292242974
87.158203125	-134.068592493	-76.0364278758
87.2039794922	-138.218521408	-76.0306623119
87.2497558594	-149.874873786	-76.0246001884
87.2955322266	-142.511049051	-76.0247777635
87.3413085938	-137.166782985	-76.012788014
87.3870849609	-138.339110319	-76.015558343
87.4328613281	-132.606425207	-76.0190549953
87.4786376953	-134.633699347	-76.0135133473
87.5244140625	-135.297075871	-76.0022924182
87.5701904297	-145.874847122	-75.9982573745
87.6159667969	-144.275055572	-75.9925231294
87.6617431641	-129.852159209	-75.9795553353
87.7075195312	-141.977412574	-75.9804098073
87.7532958984	-130.006680928	-75.9794245843
87.7990722656	-145.75196388	-75.9747539755
87.8448486328	-142.139240265	-75.9685030243
87.890625	-131.298617541	-75.9733891078
87.9364013672	-132.404614733	-75.9532210631
87.9821777344	-134.988555531	-75.9621558337
88.0279541016	-131.114629911	-75.9649921052
88.0737304688	-132.898000197	-75.9442371128
88.1195068359	-133.273859969	-75.9505110325
88.1652832031	-140.822606259	-75.9491800931
88.2110595703	-130.345314627	-75.9263443526
88.2568359375	-135.316562835	-75.9360688361
88.3026123047	-132.821627288	-75.9228540523
88.3483886719	-145.328434489	-75.9277530573
88.3941650391	-135.799953135	-75.9290210894
88.4399414062	-136.352711389	-75.914758974
88.4857177734	-143.637190732	-75.9140586627
88.5314941406	-139.831493365	-75.9060901789
88.5772705078	-140.053849561	-75.9090326266
88.623046875	-135.417613371	-75.9017209085
88.6688232422	-135.914876836	-75.8990164573
88.7145996094	-133.869794001	-75.9048151514
88.7603759766	-129.453946666	-75.8865245687
88.8061523438	-136.034063593	-75.890130551
88.8519287109	-138.011722979	-75.8851697221
88.8977050781	-143.894764395	-75.8816113131
88.9434814453	-144.226523574	-75.8764594679
88.9892578125	-139.190030283	-75.876438354
89.0350341797	-131.634836501	-75.8525400524
89.0808105469	-134.399895725	-75.868647234
89.1265869141	-132.71676267	-75.867434197
89.1723632812	-143.704362341	-75.8558796937
89.2181396484	-135.203597956	-75.8435754609
89.2639160156	-136.464163764	-75.8441125268
89.3096923828	-132.35990411	-75.854492606
89.35546875	-136.334088545	-75.8360454644
89.4012451172	-131.639180103	-75.8299936881
89.4470214844	-140.23732641	-75.8270824336
89.4927978516	-131.964363028	-75.8161034631
89.5385742188	-137.162663345	-75.8184524005
89.5843505859	-130.194535288	-75.8181032753
89.6301269531	-144.981152052	-75.809763393
89.6759033203	-139.866686772	-75.8116104066
89.7216796875	-136.457923176	-75.7979492425
89.7674560547	-134.478952669	-75.7943306567
89.8132324219	-142.733835254	-75.7950047969
89.8590087891	-135.086668525	-75.7885924465
89.9047851562	-131.804720205	-75.7734803615
89.9505615234	-136.139898776	-75.7765673099
89.9963378906	-132.200631448	-75.7668024749
90.0421142578	-144.079979931	-75.773665299
90.087890625	-133.000128875	-75.7632266485
90.1336669922	-134.651996722	-75.7591432859
90.1794433594	-131.601730583	-75.7664879359
90.2252197266	-142.51699371	-75.7615560769
90.2709960938	-144.942655467	-75.7512302478
90.3167724609	-140.575295507	-75.7536080211
90.3625488281	-135.37065465	-75.7497584377
90.4083251953	-142.760782882	-75.7398534734
90.4541015625	-137.295110429	-75.7324621917
90.4998779297	-141.830656311	-75.7335204155
90.5456542969	-144.757333804	-75.7261990426
90.5914306641	-139.618153821	-75.7277750599
90.6372070312	-139.941126745	-75.7173980759
90.6829833984	-139.577239034	-75.7157465305
90.7287597656	-132.233252345	-75.6990594182
90.7745361328	-131.059462635	-75.6918577891
90.8203125	-138.24660358	-75.6976146887
90.8660888672	-134.209047678	-75.6906390309
90.9118652344	-132.048125466	-75.6857496233
90.9576416016	-135.129958994	-75.6802458321
91.0034179688	-147.782331398	-75.6856749054
91.0491943359	-135.73412764	-75.6863069107
91.0949707031	-133.373182835	-75.6654388559
91.1407470703	-132.472878667	-75.6652462694
91.1865234375	-149.32719146	-75.6665496579
91.2322998047	-139.323435228	-75.6579982629
91.2780761719	-137.081828351	-75.6644615041
91.3238525391	-140.021146537	-75.6560717687
91.3696289062	-138.703000036	-75.6551874289
91.4154052734	-131.112702637	-75.6417125312
91.4611816406	-130.859581726	-75.6545242295
91.5069580078	-147.469141989	-75.6394495274
91.552734375	-137.503348155	-75.6385321572
91.5985107422	-135.472051919	-75.6237248382
91.6442871094	-153.910495424	-75.6237903475
91.6900634766	-145.906752738	-75.618147198
91.7358398438	-153.693760723	-75.6166106513
91.7816162109	-134.152036985	-75.6174394372
91.8273925781	-129.811805499	-75.6027995151
91.8731689453	-141.794759067	-75.6066562863
91.9189453125	-149.80710409	-75.6002196071
91.9647216797	-139.808808945	-75.5888289436
92.0104980469	-133.539531712	-75.5963815647
92.0562744141	-143.641729563	-75.585545456
92.1020507812	-138.575403877	-75.587175187
92.1478271484	-152.401838168	-75.5774590084
92.1936035156	-133.926174103	-75.5619454242
92.2393798828	-146.961554476	-75.5655008453
92.28515625	-135.460149571	-75.5699099675
92.3309326172	-137.214782703	-75.5654439987
92.3767089844	-144.144265743	-75.5517344375
92.4224853516	-133.390978357	-75.5458349748
92.4682617188	-138.090327731	-75.5474606264
92.5140380859	-130.339397787	-75.5309247997
92.5598144531	-134.789186649	-75.5348495207
92.6055908203	-141.304177486	-75.5344669137
92.6513671875	-134.184257874	-75.5344434471
92.6971435547	-137.317048971	-75.5301621988
92.7429199219	-135.355529628	-75.5275130445
92.7886962891	-141.105857888	-75.5174608894
92.8344726562	-135.883774286	-75.506440474
92.8802490234	-137.448079379	-75.5090754879
92.9260253906	-137.959858009	-75.5038184507
92.9718017578	-136.714376735	-75.5042832909
93.017578125	-135.825236373	-75.4891254784
93.0633544922	-143.4270379	-75.4856938128
93.1091308594	-135.53230659	-75.4911710236
93.1549072266	-149.928815866	-75.4774980827
93.2006835938	-138.73238523	-75.4709734821
93.2464599609	-131.789389029	-75.4568291187
93.2922363281	-129.946460003	-75.4560185194
93.3380126953	-141.586454753	-75.4629948159
93.3837890625	-135.29411106	-75.453998373
93.4295654297	-136.670877129	-75.4509660235
93.4753417969	-136.215957845	-75.4396270358
93.5211181641	-147.891211315	-75.4444985088
93.5668945312	-133.374432592	-75.4494541736
93.6126708984	-139.967917905	-75.4391396018
93.6584472656	-133.670992748	-75.4192707608
93.7042236328	-134.291882655	-75.4158081841
93.75	-138.724610324	-75.4178348859
93.7957763672	-128.813213102	-75.4069797754
93.8415527344	-140.757789968	-75.4070627087
93.8873291016	-133.477020448	-75.4078956879
93.9331054688	-139.748166846	-75.4030341638
93.9788818359	-142.717877447	-75.4007597052
94.0246582031	-134.639520364	-75.388870763
94.0704345703	-134.347835932	-75.3830043972
94.1162109375	-129.505306393	-75.3671506769
94.1619873047	-138.041990534	-75.3741236214
94.2077636719	-134.044963682	-75.3821938073
94.2535400391	-156.289218661	-75.3702300449
94.2993164062	-139.622290715	-75.3710703052
94.3450927734	-135.343296894	-75.3651038889
94.3908691406	-139.536879502	-75.3560579084
94.4366455078	-129.882078655	-75.3420927725
94.482421875	-139.084513799	-75.3419530018
94.5281982422	-137.01526316	-75.3498862888
94.5739746094	-144.298199345	-75.3353239816
94.6197509766	-159.071470784	-75.3330799717
94.6655273438	-135.950432863	-75.3209116027
94.7113037109	-155.228423537	-75.3238024406
94.7570800781	-140.466759986	-75.3155815718
94.8028564453	-132.478279747	-75.3122988593
94.8486328125	-136.258729375	-75.3118347604
94.8944091797	-132.385500268	-75.3145645921
94.9401855469	-142.937260774	-75.2985511293
94.9859619141	-136.036983277	-75.2952623361
95.0317382812	-136.656776628	-75.2927942488
95.0775146484	-135.320310868	-75.2950657805
95.1232910156	-133.065520077	-75.2817740056
95.1690673828	-140.185637907	-75.2778994273
95.21484375	-138.110290082	-75.2776655914
95.2606201172	-132.947517199	-75.259325821
95.3063964844	-138.437262853	-75.2614170659
95.3521728516	-135.529350131	-75.26762814
95.3979492188	-143.349863015	-75.2576437636
95.4437255859	-134.365802295	-75.2579620094
95.4895019531	-138.859147722	-75.2434117645
95.5352783203	-129.600062049	-75.254341362
95.5810546875	-133.79513059	-75.2264782192
95.6268310547	-134.53542303	-75.2331650156
95.6726074219	-138.985908429	-75.221908669
95.7183837891	-133.331970861	-75.2302815141
95.7641601562	-133.427954697	-75.2251980543
95.8099365234	-144.198962	-75.2094966819
95.8557128906	-140.616305092	-75.2120928535
95.9014892578	-141.502446176	-75.2018140468
95.947265625	-133.636563865	-75.2000152894
95.9930419922	-135.462496642	-75.1881187228
96.0388183594	-134.862622708	-75.1885687449
96.0845947266	-137.507841346	-75.1817270703
96.1303710938	-131.144065497	-75.1765955766
96.1761474609	-143.702104769	-75.1731899772
96.2219238281	-141.817922925	-75.1671861829
96.2677001953	-141.395813006	-75.1645891256
96.3134765625	-135.277766734	-75.1546815326
96.3592529297	-141.713054245	-75.1553503466
96.4050292969	-133.354759557	-75.1492716144
96.4508056641	-137.687610258	-75.1480481993
96.4965820312	-130.210751596	-75.1315116297
96.5423583984	-143.741780357	-75.137176236
96.5881347656	-145.460860218	-75.1315306056
96.6339111328	-136.95866017	-75.1209265207
96.6796875	-139.702856323	-75.1182788361
96.7254638672	-136.306527011	-75.1213976605
96.7712402344	-138.428921943	-75.1157985127
96.8170166016	-141.665152922	-75.1042650005
96.8627929688	-139.161178874	-75.1005998211
96.9085693359	-141.986956274	-75.0987163752
96.9543457031	-141.267629844	-75.0967064483
97.0001220703	-131.433240072	-75.0927771948
97.0458984375	-135.861666191	-75.0899169401
97.0916748047	-131.363119548	-75.0723463561
97.1374511719	-143.548274745	-75.0745120245
97.1832275391	-134.847624213	-75.0772161116
97.2290039062	-137.096232035	-75.0705215963
97.2747802734	-130.184321667	-75.0735575687
97.3205566406	-133.974381627	-75.0510376314
97.3663330078	-144.407202422	-75.0480779886
97.412109375	-135.53066959	-75.0462162341
97.4578857422	-138.822923061	-75.0337091423
97.5036621094	-132.609869493	-75.0324637806
97.5494384766	-147.345006243	-75.0304979388
97.5952148438	-140.039891236	-75.0266638598
97.6409912109	-147.842222142	-75.0179982603
97.6867675781	-136.029971088	-75.0104233007
97.7325439453	-129.232469891	-75.0100855847
97.7783203125	-135.95049192	-75.01007719
97.8240966797	-133.969913159	-75.0079280194
97.8698730469	-132.059676839	-75.0009582805
97.9156494141	-135.614141995	-74.9923571863
97.9614257812	-143.803166603	-74.982198315
98.0072021484	-139.500570193	-74.9771662106
98.0529785156	-138.634973415	-74.9808035939
98.0987548828	-140.826656386	-74.9736230994
98.14453125	-143.776732799	-74.9632299277
98.1903076172	-136.468937984	-74.9640657012
98.2360839844	-148.546220743	-74.9541333198
98.2818603516	-128.073684572	-74.9572463913
98.3276367188	-131.508371953	-74.9440603193
98.3734130859	-135.645463927	-74.9333701975
98.4191894531	-140.328311614	-74.9382843229
98.4649658203	-143.214124072	-74.9340319086
98.5107421875	-135.453280158	-74.9315998532
98.5565185547	-137.417316769	-74.9175439581
98.6022949219	-129.833771607	-74.9002870753
98.6480712891	-142.530208191	-74.9102064373
98.6938476562	-133.187250359	-74.8965915472
98.7396240234	-140.383119234	-74.9028857072
98.7854003906	-140.857047763	-74.8976712538
98.8311767578	-136.183806352	-74.8919486849
98.876953125	-143.080180194	-74.8831005567
98.9227294922	-136.654923476	-74.8750970702
98.9685058594	-134.222076324	-74.8769120073
99.0142822266	-137.811146348	-74.8738539658
99.0600585938	-133.996567116	-74.868497354
99.1058349609	-130.198149674	-74.8467320217
99.1516113281	-133.918345428	-74.8473784556
99.1973876953	-129.977538782	-74.8382544157
99.2431640625	-133.672099647	-74.8362784617
99.2889404297	-141.066613243	-74.837397996
99.3347167969	-144.055939601	-74.833312375
99.3804931641	-137.938652253	-74.8282691191
99.4262695312	-133.326170234	-74.8225348016
99.4720458984	-136.06374019	-74.8212033109
99.5178222656	-132.869362581	-74.8042569986
99.5635986328	-140.250361985	-74.8072447549
99.609375	-139.258688998	-74.7995818136
99.6551513672	-134.819776307	-74.7934902225
99.7009277344	-134.623115379	-74.7858308344
99.7467041016	-133.050310414	-74.7804275321
99.7924804688	-148.006237916	-74.7827621753
99.8382568359	-134.162330893	-74.7822733449
99.8840332031	-130.69519308	-74.7872616294
99.9298095703	-128.56798983	-74.7779445124
99.9755859375	-138.826959704	-74.7659242726
100.021362305	-138.250501487	-74.7589757602
100.067138672	-132.324479038	-74.7500075271
100.112915039	-139.972798334	-74.7497278447
100.158691406	-132.589265827	-74.738166867
100.204467773	-136.226031002	-74.7434025897
100.250244141	-134.103380344	-74.7421859312
100.296020508	-129.775904829	-74.732570562
100.341796875	-170.726471277	-74.7223931909
100.387573242	-138.696031068	-74.7159785371
100.433349609	-142.622976108	-74.7137683319
100.479125977	-138.268939374	-74.7076025756
100.524902344	-133.278403095	-74.7059693606
100.570678711	-146.456258469	-74.6954806889
100.616455078	-131.139201988	-74.6799835824
100.662231445	-142.794283644	-74.6888280583
100.708007812	-144.925661507	-74.6831306533
100.75378418	-137.164604697	-74.6815522908
100.799560547	-138.175120259	-74.6723318032
100.845336914	-145.067369386	-74.6628341564
100.891113281	-138.015110392	-74.6659236311
100.936889648	-129.528016932	-74.6485711803
100.982666016	-133.761234681	-74.6422755326
101.028442383	-132.659281718	-74.6552070627
101.07421875	-155.500974974	-74.6398095368
101.119995117	-137.518178034	-74.6331329099
101.165771484	-131.790528156	-74.6235843237
101.211547852	-141.598432139	-74.6198468397
101.257324219	-131.459029633	-74.6064199148
101.303100586	-149.818013227	-74.6112882898
101.348876953	-131.25338207	-74.6002432489
101.39465332	-141.828371425	-74.5984211516
101.440429688	-132.971515086	-74.588888313
101.486206055	-129.972702704	-74.577531172
101.531982422	-136.966668529	-74.5875951818
101.577758789	-142.565160966	-74.582299921
101.623535156	-137.55495445	-74.5764008083
101.669311523	-146.178378594	-74.5719224386
101.715087891	-135.167331758	-74.5608930626
101.760864258	-129.65307329	-74.5748857266
101.806640625	-133.60098632	-74.5633848844
101.852416992	-138.562833586	-74.544286487
101.898193359	-141.439483371	-74.5441728285
101.943969727	-146.443699473	-74.5403857024
101.989746094	-146.387949685	-74.5307722714
102.035522461	-134.518304169	-74.5235302911
102.081298828	-133.491667949	-74.5141870529
102.127075195	-136.908066552	-74.5113498628
102.172851562	-136.530289652	-74.5054541001
102.21862793	-137.791490003	-74.5042688804
102.264404297	-129.839544268	-74.4893222966
102.310180664	-141.196668546	-74.4929911122
102.355957031	-149.953057794	-74.4910941254
102.401733398	-142.563090047	-74.4836953379
102.447509766	-136.049259532	-74.4790930445
102.493286133	-145.431540625	-74.471740737
102.5390625	-131.281586412	-74.4759685491
102.584838867	-140.604117007	-74.4588676343
102.630615234	-132.165975949	-74.4670797123
102.676391602	-134.543972858	-74.4453201501
102.722167969	-135.162963234	-74.4393285076
102.767944336	-131.26915124	-74.4302506059
102.813720703	-142.294983079	-74.4324775246
102.85949707	-132.354205634	-74.419288429
102.905273438	-140.548749052	-74.4209226054
102.951049805	-133.382957429	-74.4282855633
102.996826172	-146.752147954	-74.4118894364
103.042602539	-131.827335727	-74.3976829336
103.088378906	-141.350463088	-74.4052299411
103.134155273	-129.79973777	-74.3909211291
103.179931641	-137.439198279	-74.3934968683
103.225708008	-130.432033419	-74.3980325851
103.271484375	-133.502374135	-74.3853572521
103.317260742	-132.264328164	-74.3805882279
103.363037109	-134.623829963	-74.3651754048
103.408813477	-139.23315453	-74.3611487269
103.454589844	-136.547636894	-74.3640061408
103.500366211	-138.180248469	-74.3570859651
103.546142578	-136.507115454	-74.3481638165
103.591918945	-133.569111705	-74.339724635
103.637695312	-149.516568749	-74.3380658234
103.68347168	-139.613654102	-74.3263293377
103.729248047	-132.956665626	-74.3349497224
103.775024414	-146.473810362	-74.3181201707
103.820800781	-144.959117359	-74.3146393245
103.866577148	-143.789159708	-74.3116123198
103.912353516	-136.705974595	-74.3098083519
103.958129883	-142.905034262	-74.2970805806
104.00390625	-138.854387832	-74.2896265265
104.049682617	-136.638136561	-74.2929239873
104.095458984	-129.952986519	-74.2678842869
104.141235352	-131.676196428	-74.2665794088
104.187011719	-137.403049058	-74.2750471428
104.232788086	-152.661741105	-74.2643709287
104.278564453	-135.712271366	-74.2511061738
104.32434082	-142.989060905	-74.2558352211
104.370117188	-137.896971521	-74.2416413104
104.415893555	-131.886099824	-74.2317165226
104.461669922	-133.243938097	-74.2360306958
104.507446289	-144.228869713	-74.2313020247
104.553222656	-142.33327702	-74.2267720715
104.598999023	-135.690891986	-74.2199631971
104.644775391	-138.339146749	-74.2166617728
104.690551758	-130.253045109	-74.2053671988
104.736328125	-150.26440328	-74.2010872756
104.782104492	-134.175178703	-74.1978566881
104.827880859	-139.851098477	-74.1894960597
104.873657227	-146.722951987	-74.1831316434
104.919433594	-148.431513817	-74.1776963879
104.965209961	-139.185851483	-74.1759056376
105.010986328	-132.661924401	-74.1576728708
105.056762695	-133.904303187	-74.1670251671
105.102539062	-131.811945466	-74.1667045419
105.14831543	-149.290961822	-74.1517839595
105.194091797	-133.650874869	-74.1363727222
105.239868164	-144.902939679	-74.138543708
105.285644531	-143.140590038	-74.1362126284
105.331420898	-133.333206389	-74.1369939475
105.377197266	-136.958378447	-74.1166454795
105.422973633	-134.631164229	-74.1080053247
105.46875	-141.348338683	-74.1118691816
105.514526367	-149.800228287	-74.1033002
105.560302734	-137.733001409	-74.1042383781
105.606079102	-140.407806425	-74.0934813011
105.651855469	-134.567907265	-74.0805575465
105.697631836	-146.573104264	-74.080062034
105.743408203	-134.112765035	-74.0714758362
105.78918457	-133.410938487	-74.0641128446
105.834960938	-140.732742592	-74.0599554186
105.880737305	-137.932840517	-74.063681935
105.926513672	-137.70387177	-74.0480051105
105.972290039	-132.920690928	-74.0510270308
106.018066406	-134.793716872	-74.0339819597
106.063842773	-138.238116125	-74.0324656341
106.109619141	-135.83068412	-74.0329375817
106.155395508	-149.197627397	-74.0246311624
106.201171875	-137.39334513	-74.0169023614
106.246948242	-135.93149035	-74.0082414773
106.292724609	-152.296580727	-74.0062212389
106.338500977	-136.144586636	-74.0015917628
106.384277344	-133.9254287	-73.9861845165
106.430053711	-132.66718934	-73.9779168913
106.475830078	-138.213031497	-73.9793579935
106.521606445	-149.633867961	-73.9775081054
106.567382812	-137.421574544	-73.9749030622
106.61315918	-130.523302284	-73.9651383824
106.658935547	-130.021799647	-73.9591018447
106.704711914	-131.360282255	-73.9435801209
106.750488281	-131.825051489	-73.9443470468
106.796264648	-134.029098459	-73.9322280643
106.842041016	-132.222835171	-73.9423089287
106.887817383	-143.490751099	-73.9296879004
106.93359375	-135.412745201	-73.9228025336
106.979370117	-132.464323138	-73.9069616758
107.025146484	-128.379435869	-73.9259910202
107.070922852	-133.670636072	-73.9107862417
107.116699219	-134.623565091	-73.8980245229
107.162475586	-143.528037235	-73.8949150199
107.208251953	-137.750997569	-73.8897697546
107.25402832	-132.632015415	-73.8789624752
107.299804688	-132.650434052	-73.8649630515
107.345581055	-138.836716134	-73.8640510914
107.391357422	-145.805049093	-73.8643915971
107.437133789	-132.014545471	-73.8636668702
107.482910156	-131.455247542	-73.8513312646
107.528686523	-137.299646805	-73.8482040401
107.574462891	-140.792325057	-73.841699282
107.620239258	-133.835201629	-73.8407486604
107.666015625	-138.018215192	-73.832069543
107.711791992	-138.559722449	-73.8157466501
107.757568359	-142.000953868	-73.8163607603
107.803344727	-136.790178854	-73.8035475461
107.849121094	-136.759609038	-73.8079862935
107.894897461	-129.791175033	-73.8046063787
107.940673828	-140.007521898	-73.7883549464
107.986450195	-152.438022173	-73.7846157101
108.032226562	-139.009302723	-73.7767333585
108.07800293	-131.888706152	-73.7695173134
108.123779297	-146.318906026	-73.7667083432
108.169555664	-136.445551164	-73.75536101
108.215332031	-143.519436076	-73.7554459583
108.261108398	-142.8377019	-73.7445448997
108.306884766	-132.21362974	-73.7320395093
108.352661133	-135.575501361	-73.734183834
108.3984375	-147.384209135	-73.7301550839
108.444213867	-137.244446441	-73.7252458813
108.489990234	-141.738250433	-73.7163477255
108.535766602	-136.334781653	-73.7156547894
108.581542969	-137.387717286	-73.7007750544
108.627319336	-136.521687531	-73.702726805
108.673095703	-135.084354548	-73.6982315904
108.71887207	-145.220543029	-73.6838986021
108.764648438	-136.534535105	-73.6778132547
108.810424805	-138.676424525	-73.672949504
108.856201172	-135.734152897	-73.6620839466
108.901977539	-131.911095458	-73.6687608184
108.947753906	-145.117896215	-73.6567955772
108.993530273	-129.892277689	-73.6424925104
109.039306641	-134.948230102	-73.6410027979
109.085083008	-140.73112585	-73.6392813697
109.130859375	-135.538534621	-73.6260127839
109.176635742	-133.471501259	-73.6293106845
109.222412109	-136.967744317	-73.6142416991
109.268188477	-137.120825547	-73.6056885447
109.313964844	-140.762047503	-73.6072648564
109.359741211	-145.040736476	-73.5977494189
109.405517578	-142.965602404	-73.5922086973
109.451293945	-147.262129097	-73.5844135647
109.497070312	-132.058935704	-73.5803912329
109.54284668	-146.397147523	-73.5734178531
109.588623047	-133.137513275	-73.5676620862
109.634399414	-139.506698977	-73.5650921825
109.680175781	-135.208022389	-73.5590283553
109.725952148	-139.139296717	-73.5496475149
109.771728516	0	0
109.817504883	-137.943345896	-73.5399980448
109.86328125	-140.94177006	-73.5286302167
109.909057617	-132.360597203	-73.5200031777
109.954833984	-134.498688447	-73.5134322977
110.000610352	-133.439581828	-73.5026922395
110.046386719	-133.469001107	-73.4958048477
110.092163086	-154.84115028	-73.4974908688
110.137939453	-138.122214852	-73.495881089
110.18371582	-140.819417533	-73.482377373
110.229492188	-132.261334844	-73.4809271578
110.275268555	-134.440111619	-73.4647155064
110.321044922	-141.34193191	-73.4679221797
110.366821289	-129.795130212	-73.4513432369
110.412597656	-131.227485211	-73.4515193076
110.458374023	-131.653960665	-73.4521318705
110.504150391	-130.866157705	-73.4399893758
110.549926758	-143.534259912	-73.4323556013
110.595703125	-143.478720391	-73.4239181269
110.641479492	-142.663559	-73.4173345867
110.687255859	-135.296555719	-73.4143825907
110.733032227	-143.94551146	-73.4056474584
110.778808594	-140.972826902	-73.399961438
110.824584961	-134.149600713	-73.4020998754
110.870361328	-136.383733037	-73.3928557817
110.916137695	-136.232147076	-73.3773526653
110.961914062	-144.633167576	-73.3731689104
111.00769043	-137.825244262	-73.3726487274
111.053466797	-137.132601503	-73.3648880074
111.099243164	-140.812797462	-73.3545383564
111.145019531	-137.875059805	-73.3437761666
111.190795898	-141.202628115	-73.343210472
111.236572266	-136.633967441	-73.3328517487
111.282348633	-141.98969145	-73.3284767086
111.328125	-138.175545005	-73.32701853
111.373901367	-134.154278208	-73.3085804521
111.419677734	-140.518565571	-73.3124245127
111.465454102	-138.814159354	-73.3049140275
111.511230469	-130.877023436	-73.2896843875
111.557006836	-146.743520808	-73.2908458953
111.602783203	-132.430490817	-73.2853825162
111.64855957	-138.589539271	-73.2719524689
111.694335938	-140.575450741	-73.2669843403
111.740112305	-131.564112117	-73.2588565959
111.785888672	-136.083011159	-73.2500383893
111.831665039	-138.600412396	-73.2536945997
111.877441406	-134.07308663	-73.2394713967
111.923217773	-145.928339494	-73.2356402744
111.968994141	-131.405021285	-73.2189210525
112.014770508	-133.124664992	-73.2265993639
112.060546875	-136.654046745	-73.2111705696
112.106323242	-140.40842082	-73.2123285594
112.152099609	-132.172015461	-73.211739327
112.197875977	-142.636714412	-73.1973056884
112.243652344	-134.250930834	-73.1962541158
112.289428711	-137.168112903	-73.1869242683
112.335205078	-142.166046626	-73.1788705584
112.380981445	-135.275612877	-73.1674781213
112.426757812	-130.380465204	-73.1745333482
112.47253418	-129.4247371	-73.1690521578
112.518310547	-134.186536886	-73.1425651007
112.564086914	-133.536281039	-73.1393716883
112.609863281	-138.939235148	-73.1377506279
112.655639648	-144.457935697	-73.1311177458
112.701416016	-140.977582771	-73.119604053
112.747192383	-129.100191462	-73.1272068954
112.79296875	-144.172158964	-73.1082936319
112.838745117	-136.886236099	-73.1003980141
112.884521484	-132.296626114	-73.0864251124
112.930297852	-129.283930047	-73.0836984814
112.976074219	-133.692796129	-73.0887499599
113.021850586	-141.424199904	-73.0766988094
113.067626953	-146.257146683	-73.0670000752
113.11340332	-129.040327632	-73.0471173367
113.159179688	-132.770507534	-73.0519315088
113.204956055	-158.669110338	-73.0472060313
113.250732422	-135.457274982	-73.039717747
113.296508789	-135.614320504	-73.0267802589
113.342285156	-132.028217903	-73.0322081324
113.388061523	-142.766253551	-73.022238115
113.433837891	-134.108593056	-73.0158556801
113.479614258	-138.123991924	-73.0019115953
113.525390625	-133.007261258	-72.996749716
113.571166992	-137.216238653	-72.9884878009
113.616943359	-136.803818761	-72.9874731892
113.662719727	-145.173968798	-72.9786906846
113.708496094	-135.903343944	-72.9681889175
113.754272461	-133.192773727	-72.9556942282
113.800048828	-133.9018896	-72.9620465307
113.845825195	-142.496273211	-72.9530318034
113.891601562	-136.968698555	-72.9407501347
113.93737793	-134.143773412	-72.9437009699
113.983154297	-148.265681583	-72.9296468607
114.028930664	-143.076254449	-72.921783917
114.074707031	-135.707248444	-72.9103372199
114.120483398	-136.806523591	-72.9042472715
114.166259766	-143.917475506	-72.901983579
114.212036133	-134.761163852	-72.9007587407
114.2578125	-141.941251691	-72.8879492245
114.303588867	-139.595195653	-72.882150775
114.349365234	-138.687943643	-72.877191109
114.395141602	-141.838815315	-72.8666757978
114.440917969	-134.509731483	-72.8547209517
114.486694336	-135.980391445	-72.8541211101
114.532470703	-138.652427837	-72.8488085286
114.57824707	-132.458067427	-72.83805224
114.624023438	-139.726707812	-72.8335768208
114.669799805	-139.495593555	-72.8207124041
114.715576172	-135.373146928	-72.8119105667
114.761352539	-133.10852542	-72.8045101291
114.807128906	-135.11970507	-72.8030366413
114.852905273	-144.287839152	-72.7928970641
114.898681641	-149.265472657	-72.7872153224
114.944458008	-135.528527647	-72.7870046846
114.990234375	-135.655816836	-72.7720571781
115.036010742	-137.401806734	-72.7706206
115.081787109	-134.722458742	-72.7661030345
115.127563477	-136.572665963	-72.7492994525
115.173339844	-140.834680313	-72.744266791
115.219116211	-135.878008449	-72.7320171402
115.264892578	-131.299318393	-72.735180962
115.310668945	-138.014659803	-72.7190365571
115.356445312	-147.142965261	-72.7163726791
115.40222168	-143.352701835	-72.706924092
115.447998047	-135.12697835	-72.7069834743
115.493774414	-134.209925592	-72.6899017207
115.539550781	-132.047976544	-72.6954257726
115.585327148	-137.888936133	-72.6806222614
115.631103516	-136.262186629	-72.6759026795
115.676879883	-134.714236464	-72.6645320112
115.72265625	-135.010775346	-72.6645068115
115.768432617	-137.210496101	-72.6455567633
115.814208984	-151.329299848	-72.6430443617
115.859985352	-137.382594758	-72.639809892
115.905761719	-143.547445014	-72.6274895919
115.951538086	-129.184582627	-72.6336653412
115.997314453	-140.465227161	-72.6166322404
116.04309082	-145.297144057	-72.6052991013
116.088867188	-131.136144159	-72.6092731023
116.134643555	-130.905313586	-72.5919124006
116.180419922	-151.723623645	-72.5836865591
116.226196289	-132.287070579	-72.5686459765
116.271972656	-141.025114879	-72.5690304885
116.317749023	-134.359199462	-72.5677020035
116.363525391	-131.736823247	-72.5463916017
116.409301758	-140.500281662	-72.549192323
116.455078125	-138.297329811	-72.5384539022
116.500854492	-135.55245355	-72.5373850864
116.546630859	-134.343184438	-72.5316577021
116.592407227	-140.071759729	-72.5188499162
116.638183594	-144.799134423	-72.5117203315
116.683959961	-135.162897121	-72.497340502
116.729736328	-149.225999748	-72.4955927802
116.775512695	-132.266591135	-72.484868067
116.821289062	-140.590745113	-72.4834717913
116.86706543	-133.33302094	-72.4653962183
116.912841797	-133.520592315	-72.4704012551
116.958618164	-139.046077375	-72.4540498749
117.004394531	-153.130921721	-72.4511149894
117.050170898	-143.64691427	-72.4412109235
117.095947266	-136.994057459	-72.4357768769
117.141723633	-144.240578739	-72.4291373828
117.1875	-137.09929168	-72.417843863
117.233276367	-127.464510437	-72.3975892744
117.279052734	-135.805064454	-72.4003159548
117.324829102	-138.274448044	-72.3997058476
117.370605469	-133.914812176	-72.3831223163
117.416381836	-137.296986391	-72.3871526142
117.462158203	-144.830875599	-72.3767049689
117.50793457	-142.809555217	-72.3698135509
117.553710938	-139.226067649	-72.3560692945
117.599487305	-135.306851364	-72.3538284569
117.645263672	-136.391194052	-72.3392712673
117.691040039	-138.795559858	-72.3354656233
117.736816406	-131.879760984	-72.3382421212
117.782592773	-137.863566782	-72.3260301031
117.828369141	-144.903444629	-72.3145692319
117.874145508	-144.942536735	-72.3049097876
117.919921875	-134.01712255	-72.3002899591
117.965698242	-149.242476965	-72.2919225995
118.011474609	-133.114569702	-72.2793713512
118.057250977	-134.687280543	-72.2738049738
118.103027344	-145.548344468	-72.2683934763
118.148803711	-131.062423299	-72.2692177789
118.194580078	-131.448027365	-72.2490765071
118.240356445	-154.682203184	-72.2446353259
118.286132812	-128.462276386	-72.2276317212
118.33190918	-134.387026816	-72.2286397034
118.377685547	-147.766453745	-72.2217527489
118.423461914	-133.821073623	-72.2060424899
118.469238281	-139.096337431	-72.2058471411
118.515014648	-135.156762227	-72.2001855371
118.560791016	-128.951336567	-72.1914590633
118.606567383	-139.341702222	-72.1790937827
118.65234375	-134.868770379	-72.1794890458
118.698120117	-137.071271316	-72.1709570648
118.743896484	-136.363296076	-72.1626214024
118.789672852	-142.242963793	-72.1500099849
118.835449219	-147.868095932	-72.1440498522
118.881225586	-143.768403326	-72.1327625668
118.927001953	-133.553739347	-72.1306548824
118.97277832	-136.371204942	-72.1140699616
119.018554688	-140.633145856	-72.1136098041
119.064331055	-141.296575949	-72.1030452995
119.110107422	-142.508664575	-72.0941273707
119.155883789	-143.370936393	-72.0854064366
119.201660156	-142.091386929	-72.0812130107
119.247436523	-132.545497018	-72.0658111404
119.293212891	-136.318436223	-72.068725137
119.338989258	-141.43186703	-72.0525812224
119.384765625	-135.416810017	-72.0415801977
119.430541992	-131.006262168	-72.0296968984
119.476318359	-137.45227254	-72.0318858418
119.522094727	-138.946661226	-72.0196389654
119.567871094	-144.97503986	-72.0172060384
119.613647461	-128.297316158	-72.0111208112
119.659423828	-142.316995738	-72.0010180495
119.705200195	-137.433090652	-71.9867941942
119.750976562	-140.05782258	-71.9828104589
119.79675293	-135.109482378	-71.98109949
119.842529297	-157.994605953	-71.9666675146
119.888305664	-139.249389729	-71.9563613971
119.934082031	-131.329397725	-71.9556788031
119.979858398	-133.435377068	-71.9481056946
120.025634766	-132.298948451	-71.9363174068
120.071411133	-137.316674277	-71.9286802555
120.1171875	-132.646845052	-71.9142923831
120.162963867	-132.471210083	-71.9044538882
120.208740234	-140.469865906	-71.899193855
120.254516602	-131.539897401	-71.9024152594
120.300292969	-143.888026877	-71.8878907072
120.346069336	-136.599934552	-71.8821242993
120.391845703	-134.402670058	-71.8752800181
120.43762207	-136.408544867	-71.8660616035
120.483398438	-128.486274029	-71.8415232647
120.529174805	-148.029687778	-71.8444976817
120.574951172	-135.623818879	-71.830870125
120.620727539	-136.697054199	-71.823301504
120.666503906	-147.56356679	-71.8189268292
120.712280273	-136.19513481	-71.8168209071
120.758056641	-136.404261875	-71.8005081148
120.803833008	-133.661992411	-71.7889586451
120.849609375	-139.992872708	-71.784404677
120.895385742	-132.959668884	-71.7836978564
120.941162109	-137.90956536	-71.7742789295
120.986938477	-138.014070984	-71.7661143314
121.032714844	-133.65843058	-71.7572960506
121.078491211	-134.474607474	-71.750234805
121.124267578	-133.225349749	-71.7433315573
121.170043945	-142.639504768	-71.7269674464
121.215820312	-147.737557826	-71.7214229522
121.26159668	-132.138534483	-71.7199468758
121.307373047	-131.918166372	-71.7117255163
121.353149414	-149.777045282	-71.6944431829
121.398925781	-139.696498811	-71.68310495
121.444702148	-140.777024579	-71.6808705397
121.490478516	-142.981601306	-71.6709752365
121.536254883	-136.438454362	-71.6562286697
121.58203125	-132.768217087	-71.6555188339
121.627807617	-143.727637502	-71.6444629891
121.673583984	-134.777273339	-71.6299452052
121.719360352	-142.953409471	-71.6282465061
121.765136719	-140.574012121	-71.6157554944
121.810913086	-132.454343632	-71.6100239193
121.856689453	-136.552427254	-71.606369132
121.90246582	-136.289778532	-71.5933870054
121.948242188	-128.449840263	-71.5775064498
121.994018555	-133.75995625	-71.5720376148
122.039794922	-148.063141437	-71.5665624622
122.085571289	-148.698341752	-71.5596382831
122.131347656	-137.666982476	-71.5494382125
122.177124023	-142.889278271	-71.5413933717
122.222900391	-137.13321331	-71.5305141248
122.268676758	-136.192155122	-71.5294679033
122.314453125	-142.942908076	-71.5174930894
122.360229492	-140.181211279	-71.5045291744
122.406005859	-136.178004243	-71.4949746981
122.451782227	-131.561038075	-71.4940672921
122.497558594	-151.39701658	-71.4821450034
122.543334961	-129.361528009	-71.4668006593
122.589111328	-134.949707358	-71.4609146678
122.634887695	-144.961370596	-71.4557169492
122.680664062	-137.533895441	-71.4506175631
122.72644043	-142.235057164	-71.4392827753
122.772216797	-133.283737667	-71.4234668887
122.817993164	-136.510379254	-71.4172684893
122.863769531	-137.148835875	-71.4103280736
122.909545898	-131.880920279	-71.3978589265
122.955322266	-128.152347714	-71.4059144577
123.001098633	-138.890966126	-71.3815779527
123.046875	-130.690116413	-71.3684753291
123.092651367	-133.439109221	-71.3714010712
123.138427734	-128.767675169	-71.3498470375
123.184204102	-140.779403893	-71.3491798172
123.229980469	-133.144711399	-71.3399481034
123.275756836	-138.000886222	-71.3326853004
123.321533203	-140.099964309	-71.3260009317
123.36730957	-138.832751109	-71.3107812925
123.413085938	-128.858729302	-71.3146000882
123.458862305	-142.128302038	-71.2958338333
123.504638672	-135.634341707	-71.2827471547
123.550415039	-131.941294905	-71.2866546887
123.596191406	-138.196303178	-71.2721686041
123.641967773	-137.171225232	-71.2619000449
123.687744141	-132.047432654	-71.2580636749
123.733520508	-140.88662186	-71.2454992096
123.779296875	-130.106924447	-71.2266955774
123.825073242	-138.163684804	-71.2211237427
123.870849609	-130.657297838	-71.211457645
123.916625977	-139.176530144	-71.2038506196
123.962402344	-131.70807374	-71.2044215429
124.008178711	-129.269627783	-71.1783104951
124.053955078	-132.847803174	-71.1789939609
124.099731445	-138.564169219	-71.1741054242
124.145507812	-134.678495318	-71.1663387373
124.19128418	-136.990272445	-71.1487844355
124.237060547	-135.630559738	-71.1386231897
124.282836914	-132.405604949	-71.1324347287
124.328613281	-136.967480749	-71.1254032932
124.374389648	-138.029777635	-71.1189644308
124.420166016	-140.846068893	-71.1054817168
124.465942383	-137.55412551	-71.0968017948
124.51171875	-134.776756375	-71.0853821244
124.557495117	-141.771970958	-71.0769443929
124.603271484	-133.406549934	-71.0655442377
124.649047852	-131.839211221	-71.053166089
124.694824219	-141.324437459	-71.050918202
124.740600586	-138.501047505	-71.0394573958
124.786376953	-146.507758039	-71.0347169604
124.83215332	-135.937502056	-71.0283907605
124.877929688	-140.753751589	-71.0139788913
124.923706055	-145.613859264	-71.007161463
124.969482422	-135.548705191	-70.9917101292
125.015258789	-146.233311827	-70.9855099067
125.061035156	-139.163768936	-70.9783029315
125.106811523	-134.5053822	-70.963216685
125.152587891	-132.740204134	-70.9635698179
125.198364258	-141.726254689	-70.9511729891
125.244140625	-149.825640038	-70.9394716106
125.289916992	-136.802165836	-70.9351907517
125.335693359	-137.462048512	-70.9191798008
125.381469727	-130.885447112	-70.9133553799
125.427246094	-133.055490515	-70.903306989
125.473022461	-157.657713261	-70.8931588823
125.518798828	-132.092264349	-70.881567596
125.564575195	-137.73644712	-70.8711793091
125.610351562	-134.05370055	-70.8708282555
125.65612793	-136.084591064	-70.8592559708
125.701904297	-141.8664599	-70.8435486505
125.747680664	-139.848467155	-70.8333343027
125.793457031	-133.026978158	-70.8213622976
125.839233398	-135.441984861	-70.820324479
125.885009766	-143.840650361	-70.8097485685
125.930786133	-136.066068827	-70.8026694793
125.9765625	-131.203577828	-70.7861573106
126.022338867	-136.500897481	-70.7756952168
126.068115234	-136.209043413	-70.7730543882
126.113891602	-136.265742252	-70.7645160116
126.159667969	-144.446731858	-70.7501398491
126.205444336	-134.07647006	-70.7435812476
126.251220703	-140.046667409	-70.7327294828
126.29699707	-144.893303347	-70.7230081293
126.342773438	-140.038447017	-70.7113825535
126.388549805	-137.863426333	-70.7052445698
126.434326172	-152.891384896	-70.6926967161
126.480102539	-129.928411023	-70.6799565345
126.525878906	-132.613542243	-70.6683710024
126.571655273	-134.322798612	-70.6653029564
126.617431641	-145.818523443	-70.65336856
126.663208008	-132.565397394	-70.650056034
126.708984375	-138.146269186	-70.632197981
126.754760742	-143.201467187	-70.6241204797
126.800537109	-137.163968006	-70.6180955001
126.846313477	-132.838395339	-70.5978407583
126.892089844	-132.518419965	-70.5946364935
126.937866211	-134.106566257	-70.5888337544
126.983642578	-134.121936539	-70.5799510965
127.029418945	-131.33529468	-70.5727474271
127.075195312	-130.532314118	-70.5466334103
127.12097168	-139.503747299	-70.5422242602
127.166748047	-146.095713425	-70.5361332429
127.212524414	-141.071600247	-70.5253122109
127.258300781	-142.083850789	-70.5158584735
127.304077148	-135.65993851	-70.5013969254
127.349853516	-133.658560224	-70.5005324706
127.395629883	-139.833707902	-70.4842394511
127.44140625	-142.695356088	-70.4767175757
127.487182617	-139.715317834	-70.4654621371
127.532958984	-138.2417322	-70.4566465369
127.578735352	-133.48199584	-70.4436901348
127.624511719	-138.109242923	-70.4327095822
127.670288086	-137.703183648	-70.422339775
127.716064453	-143.656077494	-70.4172197843
127.76184082	-132.717036912	-70.4003330233
127.807617188	-142.765599466	-70.3965016792
127.853393555	-145.151799141	-70.3838486814
127.899169922	-132.008438605	-70.3681164976
127.944946289	-133.537223968	-70.3602153047
127.990722656	-149.642623352	-70.3555256915
128.036499023	-136.931962746	-70.3429208378
128.082275391	-135.870483795	-70.3318892821
128.128051758	-133.687364551	-70.3278982251
128.173828125	-133.237616216	-70.3147940344
128.219604492	-131.587898314	-70.3008705884
128.265380859	-132.871003857	-70.2986876905
128.311157227	-140.90693384	-70.2836784253
128.356933594	-130.2516854	-70.2807233139
128.402709961	-137.382487492	-70.2602815189
128.448486328	-128.901454574	-70.2622232374
128.494262695	-131.98629453	-70.2347948971
128.540039062	-143.334132284	-70.2308352927
128.58581543	-152.586082976	-70.2215379646
128.631591797	-139.400164767	-70.2116546097
128.677368164	-149.254117526	-70.2012656393
128.723144531	-151.129302305	-70.1899127485
128.768920898	-133.149112999	-70.1823513261
128.814697266	-144.038744914	-70.1686724424
128.860473633	-134.258097298	-70.1601086328
128.90625	-135.542172542	-70.1479180261
128.952026367	-135.232866103	-70.1423150404
128.997802734	-142.203602737	-70.1287522908
129.043579102	-155.628580863	-70.1167725186
129.089355469	-131.833606499	-70.1033217842
129.135131836	-134.135243906	-70.0973389696
129.180908203	-140.507635739	-70.0873236312
129.22668457	-137.030300582	-70.0754961768
129.272460938	-133.079112268	-70.0602096505
129.318237305	-139.115162612	-70.0515062931
129.364013672	-135.733827352	-70.046406084
129.409790039	-131.10440558	-70.0378190678
129.455566406	-137.696922118	-70.0212764333
129.501342773	-146.482034561	-70.0123579889
129.547119141	-146.580330503	-69.9991698303
129.592895508	-137.17920285	-69.9861400411
129.638671875	-138.644068323	-69.9781391447
129.684448242	-130.275086815	-69.9756862343
129.730224609	-140.72462634	-69.9571120014
129.776000977	-139.626432432	-69.948327317
129.821777344	-139.360353008	-69.9336071331
129.867553711	-146.948795505	-69.9242233865
129.913330078	-142.928696229	-69.9161743893
129.959106445	-134.740127536	-69.8994029764
130.004882812	-135.91453334	-69.8900245364
130.05065918	-133.382888356	-69.8872364137
130.096435547	-132.425082077	-69.8769360274
130.142211914	-135.066944804	-69.8578556485
130.187988281	-130.964333556	-69.8419635029
130.233764648	-141.014558652	-69.8370461508
130.279541016	-129.144362938	-69.820439587
130.325317383	-142.127453062	-69.8187664645
130.37109375	-140.94065782	-69.806975898
130.416870117	-135.335675882	-69.7941685717
130.462646484	-132.996119094	-69.7779966467
130.508422852	-137.003298156	-69.7760023504
130.554199219	-148.051131066	-69.7626532197
130.599975586	-140.056282756	-69.7486189767
130.645751953	-131.608721944	-69.7463166965
130.69152832	-136.478960435	-69.7323555721
130.737304688	-132.089323425	-69.7124804306
130.783081055	-130.551256017	-69.7026022953
130.828857422	-135.2540859	-69.6909408329
130.874633789	-135.173414801	-69.6839588373
130.920410156	-135.76135176	-69.6689465449
130.966186523	-141.642452746	-69.6616224771
131.011962891	-132.589206758	-69.6507092294
131.057739258	-132.197682546	-69.6337735925
131.103515625	-145.483648388	-69.6283705177
131.149291992	-133.815180714	-69.6164437559
131.195068359	-139.77688514	-69.6047635542
131.240844727	-143.939651917	-69.5961426162
131.286621094	-133.506650776	-69.5776919912
131.332397461	-139.405252635	-69.5710089328
131.378173828	-138.277900004	-69.5575615724
131.423950195	-138.350544564	-69.546107214
131.469726562	-134.623143964	-69.5385320129
131.51550293	-134.362001365	-69.5295684623
131.561279297	-136.580984574	-69.5189610183
131.607055664	-147.493647188	-69.5028007061
131.652832031	-139.653195679	-69.4920870063
131.698608398	-136.421400971	-69.476995098
131.744384766	-133.317825977	-69.4701564041
131.790161133	-132.610024084	-69.4520897578
131.8359375	-132.693903066	-69.4521415967
131.881713867	-138.797325382	-69.4347908693
131.927490234	-133.124664755	-69.4218994817
131.973266602	-149.481679986	-69.4116210478
132.019042969	-142.219971071	-69.4003667187
132.064819336	-133.3531811	-69.383240454
132.110595703	-130.726536217	-69.3797841899
132.15637207	-136.267662862	-69.3683651892
132.202148438	-142.290936601	-69.3524712795
132.247924805	-143.531738153	-69.3426727708
132.293701172	-145.251191425	-69.3291244553
132.339477539	-132.798490903	-69.3199569853
132.385253906	-145.991946135	-69.3058541804
132.431030273	-137.091362577	-69.2953285811
132.476806641	-131.981144208	-69.2817267293
132.522583008	-133.424558541	-69.2726940214
132.568359375	-136.674274745	-69.2637274842
132.614135742	-136.270064441	-69.2444931328
132.659912109	-131.728798274	-69.2416151563
132.705688477	-131.01820944	-69.2270697623
132.751464844	-148.173300616	-69.2132495439
132.797241211	-138.66588275	-69.2026639306
132.843017578	-136.815131533	-69.1854309194
132.888793945	-134.764213376	-69.179869903
132.934570312	-144.559166292	-69.1656137525
132.98034668	-134.975113878	-69.1512697058
133.026123047	-137.658724972	-69.1392328399
133.071899414	-138.72003729	-69.1279385858
133.117675781	-132.277599378	-69.1115151808
133.163452148	-137.703473364	-69.1079397489
133.209228516	-139.790960507	-69.0906119916
133.255004883	-132.094409788	-69.0777362111
133.30078125	-136.196410959	-69.0674400022
133.346557617	-151.853336731	-69.0573574078
133.392333984	-137.092717302	-69.0481426493
133.438110352	-132.454166803	-69.0267103651
133.483886719	-131.449481336	-69.0196064566
133.529663086	-145.908071548	-69.0086201256
133.575439453	-144.342556229	-68.9957480834
133.62121582	-132.808476102	-68.988282389
133.666992188	-133.394054221	-68.9663188031
133.712768555	-134.749713736	-68.9561844239
133.758544922	-129.827830664	-68.9391416427
133.804321289	-133.539056197	-68.939304224
133.850097656	-139.473944733	-68.922242557
133.895874023	-136.725693292	-68.908881824
133.941650391	-131.75211205	-68.8921205985
133.987426758	-133.727596098	-68.8844736372
134.033203125	-134.814440625	-68.8760395511
134.078979492	-131.36078529	-68.8581402956
134.124755859	-155.446303845	-68.8478155346
134.170532227	-132.508983029	-68.8346510849
134.216308594	-134.699360667	-68.8204058979
134.262084961	-136.119618503	-68.8121760118
134.307861328	-132.570868873	-68.8002939214
134.353637695	-133.406449899	-68.7838368709
134.399414062	-141.000284517	-68.7725199425
134.44519043	-139.326194724	-68.760009669
134.490966797	-127.613753252	-68.747880038
134.536743164	-145.795718767	-68.7352247668
134.582519531	-140.400724151	-68.7232987083
134.628295898	-134.228493963	-68.7068949699
134.674072266	-134.999444703	-68.6950490071
134.719848633	-147.279838284	-68.6852165314
134.765625	-143.414854884	-68.6730042432
134.811401367	-138.394794308	-68.6610111121
134.857177734	-142.970335068	-68.6446759594
134.902954102	-136.290900153	-68.6358281203
134.948730469	-132.498056111	-68.6255443219
134.994506836	-134.505831954	-68.6103278368
135.040283203	-138.380856476	-68.5949687376
135.08605957	-136.42060517	-68.584748412
135.131835938	-133.140691431	-68.5739640444
135.177612305	-132.515913444	-68.5518135865
135.223388672	-144.547049012	-68.542466479
135.269165039	-137.341482055	-68.5274370627
135.314941406	-152.232315567	-68.5174093015
135.360717773	-142.385490006	-68.5054899032
135.406494141	-147.457561385	-68.4900615084
135.452270508	-131.61013456	-68.480572579
135.498046875	-148.522281799	-68.4648072052
135.543823242	-139.983947008	-68.4495720619
135.589599609	-142.436985151	-68.4383935856
135.635375977	-138.947812381	-68.4264615188
135.681152344	-141.464289423	-68.4140964927
135.726928711	-138.172130018	-68.3967132534
135.772705078	-138.221556884	-68.3831231588
135.818481445	-133.441498939	-68.3753942914
135.864257812	-154.256508947	-68.359563297
135.91003418	-135.698804505	-68.349566173
135.955810547	-140.020389951	-68.3335084196
136.001586914	-141.293439216	-68.3188777087
136.047363281	-145.329421697	-68.3050681093
136.093139648	-134.99743028	-68.2919580145
136.138916016	-136.417352431	-68.2825141842
136.184692383	-137.774710716	-68.2668280552
136.23046875	-137.995708808	-68.251924119
136.276245117	-141.699529885	-68.2369040082
136.322021484	-130.994057268	-68.221904553
136.367797852	-141.826133904	-68.2112865354
136.413574219	-135.497992707	-68.2018104745
136.459350586	-137.290015101	-68.1863970464
136.505126953	-139.390756864	-68.1686449324
136.55090332	-135.077976502	-68.1610036622
136.596679688	-132.546279881	-68.1393036685
136.642456055	-134.921834974	-68.1276039621
136.688232422	-130.771309306	-68.110585167
136.734008789	-132.222667598	-68.1038816426
136.779785156	-142.371060008	-68.0890588283
136.825561523	-131.173295058	-68.0790220362
136.871337891	-146.832988161	-68.0607161905
136.917114258	-137.662226324	-68.0450138835
136.962890625	-143.519284249	-68.0347427455
137.008666992	-152.206773357	-68.0192286489
137.054443359	-135.86376433	-68.0085483527
137.100219727	-135.940914434	-67.9932158708
137.145996094	-130.899909982	-67.9765265043
137.191772461	-133.235569948	-67.96317475
137.237548828	-132.510326815	-67.9528880672
137.283325195	-133.373371443	-67.9380683293
137.329101562	-137.42603044	-67.9218099763
137.37487793	-134.963214485	-67.9101214315
137.420654297	-141.093967771	-67.8919104421
137.466430664	-132.713099197	-67.8746978077
137.512207031	-131.365836942	-67.8660222079
137.557983398	-139.822019747	-67.8518680506
137.603759766	-143.294558208	-67.838376367
137.649536133	-134.672542409	-67.8209061375
137.6953125	-147.589888523	-67.8077832691
137.741088867	-135.165639707	-67.7968882421
137.786865234	-138.366006233	-67.7823160917
137.832641602	-145.744943254	-67.7657215069
137.878417969	-144.432944032	-67.7501381185
137.924194336	-144.376662954	-67.7382499856
137.969970703	-136.190191732	-67.7203723043
138.01574707	-137.552590447	-67.7102948263
138.061523438	-130.599304812	-67.6916069003
138.107299805	-145.143712039	-67.6798792923
138.153076172	-153.23562081	-67.6643053454
138.198852539	-130.575107241	-67.6521369024
138.244628906	-137.692509387	-67.6366429313
138.290405273	-135.837475556	-67.6183524131
138.336181641	-147.362813341	-67.6066916791
138.381958008	-135.811093334	-67.5947717107
138.427734375	-134.431696264	-67.5806974591
138.473510742	-140.883292654	-67.5626381978
138.519287109	-137.807299715	-67.5499747513
138.565063477	-139.265144963	-67.5308150089
138.610839844	-135.367644997	-67.5197010749
138.656616211	-135.017234129	-67.5048232068
138.702392578	-139.209691969	-67.4905070974
138.748168945	-136.103950204	-67.4750229986
138.793945312	-136.483827767	-67.4558244393
138.83972168	-141.039626729	-67.4431114631
138.885498047	-136.747928838	-67.4314408821
138.931274414	-137.363098647	-67.4120045966
138.977050781	-146.169041465	-67.399214685
139.022827148	-136.392608602	-67.3809172478
139.068603516	-132.674726344	-67.3708325284
139.114379883	-137.883238895	-67.352254722
139.16015625	-135.776929017	-67.3395850023
139.205932617	-140.318386543	-67.3221092592
139.251708984	-130.873712738	-67.3112381216
139.297485352	-138.514066019	-67.2905972058
139.343261719	-133.90001598	-67.2752853907
139.389038086	-138.476906178	-67.2639437173
139.434814453	-135.37185998	-67.2485003976
139.48059082	-142.561545257	-67.2304571323
139.526367188	-136.031282735	-67.2134322871
139.572143555	-142.442315857	-67.1990983147
139.617919922	-131.13670896	-67.1865833762
139.663696289	-133.991327247	-67.1656998267
139.709472656	-135.840994687	-67.1516755096
139.755249023	-129.537189725	-67.1324243029
139.801025391	-138.046560281	-67.1238648351
139.846801758	-130.5272658	-67.1098475276
139.892578125	-127.441126871	-67.086422789
139.938354492	-133.927256114	-67.0787760497
139.984130859	-142.817528632	-67.0612098353
140.029907227	-131.500147229	-67.0397353004
140.075683594	-159.786676138	-67.0289771274
140.121459961	-138.455428011	-67.0108657924
140.167236328	-138.572673795	-66.9982444728
140.213012695	-147.646094362	-66.9812909226
140.258789062	-135.376327812	-66.9629748935
140.30456543	-144.227806399	-66.9495815964
140.350341797	-133.817399628	-66.9304400687
140.396118164	-133.168141649	-66.9136281634
140.441894531	-136.748511213	-66.9024029441
140.487670898	-142.346252118	-66.8871613093
140.533447266	-130.868020193	-66.8745575718
140.579223633	-138.281834078	-66.8513552924
140.625	-135.138440409	-66.8350481281
140.670776367	-142.196276423	-66.8198818705
140.716552734	-135.232781528	-66.8021382182
140.762329102	-135.812337735	-66.791809346
140.808105469	-131.781780014	-66.7747207377
140.853881836	-137.777545128	-66.7559545099
140.899658203	-133.540700574	-66.7437937216
140.94543457	-137.783469115	-66.7221001213
140.991210938	-137.052507332	-66.7090269601
141.036987305	-133.603202705	-66.6888553405
141.082763672	-137.532740297	-66.6766412307
141.128540039	-140.082602557	-66.6573094126
141.174316406	-137.414978003	-66.6416207445
141.220092773	-131.440701813	-66.6294543888
141.265869141	-137.202960288	-66.6104025797
141.311645508	-132.06893286	-66.5866752068
141.357421875	-141.46877417	-66.5760296158
141.403198242	-133.667516516	-66.561504951
141.448974609	-136.076400121	-66.541379937
141.494750977	-137.707513167	-66.5260377592
141.540527344	-138.136888579	-66.5083849886
141.586303711	-133.754131594	-66.4944064896
141.632080078	-143.708234602	-66.4725624152
141.677856445	-141.112765408	-66.4584020998
141.723632812	-132.369815529	-66.4422800733
141.76940918	-132.949879816	-66.4256988157
141.815185547	-139.972057673	-66.4075135707
141.860961914	-141.493470856	-66.3894807224
141.906738281	-135.448518772	-66.3746281722
141.952514648	-134.942338015	-66.3558424494
141.998291016	-133.58907161	-66.3408562235
142.044067383	-136.272236365	-66.3203016071
142.08984375	-145.896826691	-66.3022744344
142.135620117	-142.904328783	-66.2850050187
142.181396484	-143.613076182	-66.2676319408
142.227172852	-133.488878471	-66.2536005749
142.272949219	-133.051612188	-66.2329335137
142.318725586	-137.422860534	-66.2179590847
142.364501953	-131.092466504	-66.1975967357
142.41027832	-135.041475594	-66.1831293846
142.456054688	-140.097794385	-66.1621103508
142.501831055	-135.527119957	-66.1485459034
142.547607422	-130.112494785	-66.1242771057
142.593383789	-137.381543383	-66.108241274
142.639160156	-136.598817032	-66.0931936463
142.684936523	-147.357998774	-66.0743315766
142.730712891	-128.509154065	-66.051606717
142.776489258	-134.124126467	-66.040994017
142.822265625	-132.20750476	-66.0254154955
142.868041992	-136.643220328	-66.0024069913
142.913818359	-139.170085103	-65.9857523986
142.959594727	-142.106276301	-65.9660621857
143.005371094	-148.506538024	-65.949320784
143.051147461	-144.958446678	-65.9317775328
143.096923828	-130.065104778	-65.9147953571
143.142700195	-132.864595945	-65.8918089548
143.188476562	-141.441190667	-65.8756634357
143.23425293	-141.013459105	-65.8598488185
143.280029297	-144.525849911	-65.8410207469
143.325805664	-139.708301643	-65.8233953278
143.371582031	-140.264162116	-65.8017709204
143.417358398	-142.208051004	-65.7850762099
143.463134766	-138.353844752	-65.7684846148
143.508911133	-135.816119144	-65.7454776574
143.5546875	-135.554964938	-65.7308662121
143.600463867	-131.962176154	-65.7147714191
143.646240234	-139.477396487	-65.6937803336
143.692016602	-132.497488794	-65.674785487
143.737792969	-143.667509514	-65.6556249246
143.783569336	-138.157227336	-65.6361563183
143.829345703	-137.391832458	-65.616039411
143.87512207	-130.5047128	-65.6010103502
143.920898438	-135.55086483	-65.5775968606
143.966674805	-132.035694429	-65.5593876783
144.012451172	-142.424955992	-65.5417569128
144.058227539	-139.080067574	-65.5210243984
144.104003906	-135.050715177	-65.5011805797
144.149780273	-134.242705144	-65.4830885996
144.195556641	-129.034201653	-65.4700303077
144.241333008	-137.033632644	-65.4435393825
144.287109375	-142.564912337	-65.4267605643
144.332885742	-145.725458158	-65.4077971596
144.378662109	-137.520840999	-65.3899660453
144.424438477	-134.988528117	-65.3705702219
144.470214844	-146.821233792	-65.3491600659
144.515991211	-137.492248237	-65.3273912801
144.561767578	-137.773907398	-65.3119404513
144.607543945	-140.214050355	-65.2903808706
144.653320312	-141.023523916	-65.2711958124
144.69909668	-133.024624535	-65.253280552
144.744873047	-142.794524875	-65.2302029244
144.790649414	-137.56655326	-65.2127020722
144.836425781	-132.957343322	-65.1942515013
144.882202148	-142.314611178	-65.1715831534
144.927978516	-132.430839132	-65.148746687
144.973754883	-138.907646985	-65.1315526998
145.01953125	-141.864069808	-65.1111721228
145.065307617	-131.608171121	-65.090961786
145.111083984	-140.810436266	-65.0708740967
145.156860352	-131.275412597	-65.0542372199
145.202636719	-150.806712164	-65.0308387512
145.248413086	-138.353826263	-65.0095618753
145.294189453	-136.594080963	-64.9881746804
145.33996582	-136.973514905	-64.97069365
145.385742188	-135.221544619	-64.9481367306
145.431518555	-133.515969922	-64.9323421251
145.477294922	-139.471311841	-64.9100719478
145.523071289	-134.341954791	-64.8881192508
145.568847656	-134.52350869	-64.8680115867
145.614624023	-139.221446717	-64.8482150606
145.660400391	-139.174673699	-64.8242390245
145.706176758	-131.796691422	-64.8089055323
145.751953125	-142.710528966	-64.784046248
145.797729492	-140.104814104	-64.7630171936
145.843505859	-128.255854683	-64.7381135866
145.889282227	-148.363427036	-64.7212146997
145.935058594	-153.830222691	-64.7004718935
145.980834961	-133.057779399	-64.6758271114
146.026611328	-140.391955147	-64.6592188554
146.072387695	-135.752155359	-64.6367838449
146.118164062	-128.406477793	-64.6100315441
146.16394043	-138.673835065	-64.5929423941
146.209716797	-147.304398397	-64.5724640072
146.255493164	-134.824271258	-64.55066854
146.301269531	-135.343072007	-64.527069996
146.347045898	-143.661424333	-64.5074167015
146.392822266	-134.948817951	-64.4878819951
146.438598633	-130.726981163	-64.4686322855
146.484375	-134.517952872	-64.4411438981
146.530151367	-130.722933037	-64.4167702892
146.575927734	-150.10426646	-64.3992635489
146.621704102	-145.510454775	-64.3763926367
146.667480469	-141.742226577	-64.3551149925
146.713256836	-150.546201771	-64.333520476
146.759033203	-133.029558701	-64.3123677766
146.80480957	-144.389385536	-64.2886249472
146.850585938	-138.334564521	-64.2664851964
146.896362305	-133.232848547	-64.2465731047
146.942138672	-143.80492679	-64.2223210991
146.987915039	-133.738858646	-64.2018018891
147.033691406	-138.292872254	-64.1783375227
147.079467773	-138.897795968	-64.1548024517
147.125244141	-152.383807487	-64.1315640792
147.171020508	-137.007290666	-64.1074644385
147.216796875	-135.878295013	-64.084274082
147.262573242	-139.155409799	-64.0651464451
147.308349609	-136.552048083	-64.0387088158
147.354125977	-137.481727529	-64.018983493
147.399902344	-136.76888966	-63.9968208444
147.445678711	-135.159013528	-63.9732687174
147.491455078	-136.330854721	-63.9479237734
147.537231445	-134.45537131	-63.923954097
147.583007812	-138.478974622	-63.9020805682
147.62878418	-137.985040333	-63.8791365223
147.674560547	-130.910916528	-63.8525624294
147.720336914	-139.181976085	-63.8334039083
147.766113281	-140.171514356	-63.8087999208
147.811889648	-133.684541618	-63.7845139924
147.857666016	-137.665864508	-63.7616967623
147.903442383	-130.361158373	-63.7336809601
147.94921875	-131.293825261	-63.7165130215
147.994995117	-132.785948752	-63.6907428102
148.040771484	-135.78570107	-63.6649208232
148.086547852	-135.575752492	-63.6402867151
148.132324219	-134.816276059	-63.6154631026
148.178100586	-135.640454986	-63.5919414121
148.223876953	-148.480671005	-63.5689859247
148.26965332	-138.71719753	-63.545319243
148.315429688	-130.595348513	-63.518591825
148.361206055	-144.254426015	-63.4968283611
148.406982422	-133.540074244	-63.4693567158
148.452758789	-138.63905091	-63.4465594741
148.498535156	-136.556178677	-63.4207228236
148.544311523	-131.690748822	-63.399065294
148.590087891	-145.601845725	-63.3730278597
148.635864258	-130.278820231	-63.3499240173
148.681640625	-133.790582248	-63.3219234182
148.727416992	-135.554668664	-63.2962392241
148.773193359	-141.257148423	-63.2740864932
148.818969727	-136.791817322	-63.248344039
148.864746094	-136.940987955	-63.224400297
148.910522461	-138.134382461	-63.1957353488
148.956298828	-131.378518197	-63.1686037208
149.002075195	-132.017357722	-63.1455059237
149.047851562	-138.399261524	-63.1192849744
149.09362793	-145.879867541	-63.0949785938
149.139404297	-138.980154035	-63.0700694218
149.185180664	-138.528833467	-63.0448844581
149.230957031	-137.507998276	-63.017728512
149.276733398	-142.198515776	-62.9917676812
149.322509766	-139.154632003	-62.9660170463
149.368286133	-135.876660282	-62.9413353903
149.4140625	-134.707180926	-62.9129233705
149.459838867	-137.684733319	-62.8862619237
149.505615234	-135.640002951	-62.859071702
149.551391602	-145.809692895	-62.8343894855
149.597167969	-135.5539695	-62.8075842503
149.642944336	-140.748531023	-62.7817475197
149.688720703	-134.47706233	-62.7541664178
149.73449707	-137.656010279	-62.725756161
149.780273438	-139.551046205	-62.6999125135
149.826049805	-142.836139355	-62.6725902541
149.871826172	-138.113115382	-62.6464215611
149.917602539	-133.820984584	-62.6169617363
149.963378906	-139.48648411	-62.5914035659
150.009155273	-141.329986678	-62.5652981052
150.054931641	-135.230971574	-62.5362420142
150.100708008	-134.378281869	-62.5095139386
150.146484375	-135.250405804	-62.4799266728
150.192260742	-142.276145516	-62.4530812604
150.238037109	-145.481177193	-62.426669103
150.283813477	-149.126418408	-62.3985226942
150.329589844	-138.013496427	-62.3701837051
150.375366211	-130.480679912	-62.3402343201
150.421142578	-134.085697967	-62.3160457918
150.466918945	-140.969523492	-62.2846172402
150.512695312	-147.805021914	-62.2575830149
150.55847168	-134.227108497	-62.229822468
150.604248047	-131.905310068	-62.1984379338
150.650024414	-138.806172628	-62.1721417482
150.695800781	-128.373390972	-62.1451326149
150.741577148	-134.951120359	-62.1151521659
150.787353516	-137.978113905	-62.0841178019
150.833129883	-137.475828199	-62.0550538791
150.87890625	-134.59582906	-62.0270641928
150.924682617	-134.947863888	-61.9989436545
150.970458984	-142.351999244	-61.9667794866
151.016235352	-135.188809574	-61.9399184621
151.062011719	-135.381964035	-61.9089363563
151.107788086	-137.648499833	-61.8784370586
151.153564453	-140.019667725	-61.8481558123
151.19934082	-134.161602545	-61.8207298549
151.245117188	-133.664929432	-61.7866831298
151.290893555	-156.331058827	-61.758875398
151.336669922	-145.778187981	-61.7283747418
151.382446289	-150.215843456	-61.6983209766
151.428222656	-131.409864113	-61.6687246177
151.473999023	-141.630741869	-61.6372406703
151.519775391	-144.32352976	-61.6061259744
151.565551758	-140.56595818	-61.5745454058
151.611328125	-133.038556551	-61.5423088153
151.657104492	-136.986733114	-61.5131924247
151.702880859	-142.234933977	-61.482721659
151.748657227	-141.797688455	-61.4504722785
151.794433594	-132.914866818	-61.4173406054
151.840209961	-134.052254296	-61.3860910929
151.885986328	-140.525923763	-61.3567949691
151.931762695	-137.982223142	-61.3237800467
151.977539062	-134.775156571	-61.2941752749
152.02331543	-145.569983848	-61.2601520402
152.069091797	-138.403347486	-61.2290872811
152.114868164	-146.183086151	-61.1966128891
152.160644531	-135.416345569	-61.1649620421
152.206420898	-131.448663717	-61.128604473
152.252197266	-140.109766469	-61.0985295559
152.297973633	-137.634425241	-61.0660975068
152.34375	-127.455607714	-61.0350188558
152.389526367	-144.14597868	-60.9993138786
152.435302734	-137.472966395	-60.9671585144
152.481079102	-131.82680224	-60.9358695909
152.526855469	-130.374515152	-60.8984764888
152.572631836	-129.188467321	-60.8648576387
152.618408203	-133.183127573	-60.8312342949
152.66418457	-148.695444059	-60.7991744192
152.709960938	-133.142756694	-60.7641683495
152.755737305	-148.690864318	-60.7310162131
152.801513672	-127.57940394	-60.6933390661
152.847290039	-130.399479501	-60.6616748059
152.893066406	-139.511396466	-60.6275491519
152.938842773	-138.877775314	-60.5919993399
152.984619141	-137.577325696	-60.5588046974
153.030395508	-138.618115573	-60.5237829902
153.076171875	-132.588679365	-60.4868840281
153.121948242	-129.878838728	-60.449787178
153.167724609	-145.158217807	-60.4167939417
153.213500977	-131.227683779	-60.3808417863
153.259277344	-148.728087798	-60.3458752833
153.305053711	-140.463775823	-60.3094585952
153.350830078	-133.107685656	-60.2744928558
153.396606445	-126.45055583	-60.237189206
153.442382812	-130.504561085	-60.199571706
153.48815918	-139.706374321	-60.1640078887
153.533935547	-137.303471564	-60.1293455567
153.579711914	-131.62350651	-60.0919111215
153.625488281	-138.015591441	-60.0551090012
153.671264648	-134.10119367	-60.018131962
153.717041016	-129.113760612	-59.9795395927
153.762817383	-132.85357937	-59.9405103148
153.80859375	-136.648778171	-59.9049037475
153.854370117	-137.168406934	-59.8679839353
153.900146484	-130.769443848	-59.8293477574
153.945922852	-136.898681645	-59.7905662975
153.991699219	-149.904930232	-59.7522445078
154.037475586	-130.108354875	-59.7114648864
154.083251953	-148.943769143	-59.6754789829
154.12902832	-140.187451826	-59.6364444509
154.174804688	-137.480458269	-59.598400508
154.220581055	-137.060802533	-59.5574511074
154.266357422	-138.626519803	-59.5194816397
154.312133789	-138.23912491	-59.4795404756
154.357910156	-130.830022655	-59.4369548701
154.403686523	-133.59962488	-59.3983438998
154.449462891	-136.335336586	-59.3591938822
154.495239258	-132.300756861	-59.3169885532
154.541015625	-135.3836837	-59.2789609923
154.586791992	-134.764199756	-59.2361202184
154.632568359	-135.617153762	-59.1976878897
154.678344727	-136.330015669	-59.1553672995
154.724121094	-136.093485905	-59.1149445761
154.769897461	-133.98553143	-59.0717751662
154.815673828	-135.61550266	-59.0318001658
154.861450195	-135.758555315	-58.9896187152
154.907226562	-130.464336904	-58.9461652598
154.95300293	-136.493569657	-58.9034498821
154.998779297	-134.662502532	-58.8607180701
155.044555664	-138.897429278	-58.818483132
155.090332031	-135.30496074	-58.7766906887
155.136108398	-135.485530574	-58.7309139493
155.181884766	-135.659543237	-58.6882222727
155.227661133	-130.81055446	-58.6465253923
155.2734375	-138.401149669	-58.600758524
155.319213867	-133.328944424	-58.55679243
155.364990234	-130.684949222	-58.5128391078
155.410766602	-143.298537748	-58.4681208673
155.456542969	-150.715339107	-58.4229763584
155.502319336	-135.441834258	-58.3785445834
155.548095703	-131.683534391	-58.3339808835
155.59387207	-149.95215177	-58.2865132442
155.639648438	-127.849282239	-58.243004119
155.685424805	-134.782598776	-58.1934694974
155.731201172	-128.511514351	-58.1501080772
155.776977539	-136.936927961	-58.1014782913
155.822753906	-139.92890922	-58.0552531068
155.868530273	-133.59616011	-58.0063280305
155.914306641	-136.494705007	-57.9605280304
155.960083008	-136.685619412	-57.9131983869
156.005859375	-139.326250586	-57.8651218486
156.051635742	-131.733885689	-57.8149488001
156.097412109	-134.366823374	-57.7685264349
156.143188477	-133.632413079	-57.719584586
156.188964844	-131.699099361	-57.6713323588
156.234741211	-134.41518613	-57.6196764062
156.280517578	-135.134906167	-57.5713410242
156.326293945	-131.880305575	-57.5196244362
156.372070312	-139.549316638	-57.4702733926
156.41784668	-131.520714617	-57.4199694418
156.463623047	-134.72385174	-57.3687024288
156.509399414	-135.631894091	-57.3190150359
156.555175781	-136.17293952	-57.2677791753
156.600952148	-140.335242188	-57.2152240079
156.646728516	-133.982994159	-57.1638181938
156.692504883	-143.022322311	-57.1109644555
156.73828125	-144.417823963	-57.058160578
156.784057617	-133.062746217	-57.005719655
156.829833984	-151.594914917	-56.9511624534
156.875610352	-134.741465604	-56.8966787332
156.921386719	-130.166246376	-56.8432398109
156.967163086	-139.557254142	-56.7890255092
157.012939453	-147.014147316	-56.7340394584
157.05871582	-133.581620206	-56.6779365903
157.104492188	-140.702825568	-56.6232769755
157.150268555	-136.018958579	-56.5684999031
157.196044922	-138.795701417	-56.5120615237
157.241821289	-132.027984308	-56.4557930329
157.287597656	-145.238365128	-56.3981478336
157.333374023	-136.229375718	-56.3403832921
157.379150391	-135.559538935	-56.2818819267
157.424926758	-138.829325773	-56.2243643143
157.470703125	-138.201249489	-56.1663330162
157.516479492	-132.460925348	-56.1073715092
157.562255859	-140.086697612	-56.0482830913
157.608032227	-134.078584751	-55.9871699868
157.653808594	-133.758816748	-55.9286327158
157.699584961	-139.590821457	-55.8673668915
157.745361328	-147.488212945	-55.8057797545
157.791137695	-136.151156049	-55.743848535
157.836914062	-130.74816681	-55.6840127399
157.88269043	-138.64175395	-55.6206375237
157.928466797	-129.066334277	-55.5590092222
157.974243164	-136.740344634	-55.4932953467
158.020019531	-132.689572316	-55.4308756729
158.065795898	-153.483931179	-55.3656465656
158.111572266	-146.833236412	-55.3007332377
158.157348633	-134.295509369	-55.2353235706
158.203125	-127.565996854	-55.1697006523
158.248901367	-149.862231713	-55.1035048679
158.294677734	-135.90769277	-55.036316043
158.340454102	-138.460549696	-54.9686947963
158.386230469	-143.93832891	-54.9011726197
158.432006836	-141.04760918	-54.8332523877
158.477783203	-132.983563898	-54.7628062287
158.52355957	-135.19401731	-54.6937441949
158.569335938	-138.821517182	-54.6236343842
158.615112305	-145.491465536	-54.5534171503
158.660888672	-136.350419081	-54.4823495081
158.706665039	-132.999978024	-54.4097315437
158.752441406	-138.244074522	-54.3373877626
158.798217773	-134.809335122	-54.2648744545
158.843994141	-142.511871142	-54.1908783692
158.889770508	-149.470873525	-54.1162187334
158.935546875	-141.340328214	-54.0413664572
158.981323242	-146.950966617	-53.9656314302
159.027099609	-138.588372247	-53.8892076055
159.072875977	-139.943076645	-53.8118203378
159.118652344	-146.04573399	-53.7342590794
159.164428711	-144.42137439	-53.6559074231
159.210205078	-128.290659822	-53.5748340569
159.255981445	-134.383709723	-53.4964420737
159.301757812	-139.568706994	-53.4158984056
159.34753418	-143.107289885	-53.3342049864
159.393310547	-156.764103229	-53.2518416673
159.439086914	-139.458351856	-53.1691381742
159.484863281	-135.320064191	-53.0842980543
159.530639648	-134.230708785	-53.0004033375
159.576416016	-132.270238286	-52.9139947248
159.622192383	-138.429330742	-52.827632188
159.66796875	-142.996488502	-52.7404624728
159.713745117	-131.905331157	-52.65264613
159.759521484	-130.299332932	-52.5628558291
159.805297852	-138.820271305	-52.4732759496
159.851074219	-139.434455054	-52.3824865949
159.896850586	-144.13140981	-52.2900780058
159.942626953	-130.360998972	-52.196359906
159.98840332	-137.481485309	-52.1026136469
160.034179688	-134.516564384	-52.0078566833
160.079956055	-143.222888434	-51.911545252
160.125732422	-137.182162838	-51.8145763758
160.171508789	-137.130455647	-51.7165304242
160.217285156	-140.841054468	-51.6163184034
160.263061523	-140.603550784	-51.5159996421
160.308837891	-132.67124151	-51.413534279
160.354614258	-136.403257122	-51.3112630441
160.400390625	-136.80610774	-51.2062040284
160.446166992	-133.266076305	-51.100596141
160.491943359	-136.741023595	-50.9937160142
160.537719727	-142.791589256	-50.8857860338
160.583496094	-134.428034152	-50.7764320059
160.629272461	-132.626405703	-50.6644393545
160.675048828	-145.944695888	-50.5523978389
160.720825195	-135.264236433	-50.4377635625
160.766601562	-131.126218952	-50.3220590579
160.81237793	-137.49568379	-50.2058229445
160.858154297	-139.38328368	-50.0869753475
160.903930664	-132.327117621	-49.965974323
160.949707031	-139.553216554	-49.8438213277
160.995483398	-141.614544866	-49.720366015
161.041259766	-134.724254561	-49.5948496257
161.087036133	-138.790765341	-49.4671408825
161.1328125	-130.78745155	-49.3378460627
161.178588867	-134.494754926	-49.2053526897
161.224365234	-133.009996709	-49.0727741906
161.270141602	-139.5300582	-48.9366841181
161.315917969	-134.99776627	-48.7990180593
161.361694336	-138.091238487	-48.6588122424
161.407470703	-140.525692158	-48.5162108266
161.45324707	-146.158736715	-48.3716878206
161.499023438	-129.593097868	-48.2250809182
161.544799805	-130.088051862	-48.0750042744
161.590576172	-136.393740742	-47.9217998556
161.636352539	-137.38266252	-47.7669697542
161.682128906	-142.036778787	-47.6087176065
161.727905273	-134.323721213	-47.4480755748
161.773681641	-133.932142103	-47.2841869969
161.819458008	-136.638284112	-47.1167468664
161.865234375	-142.132464554	-46.9459010826
161.911010742	-138.649995735	-46.7721899433
161.956787109	-131.66409503	-46.5939626469
162.002563477	-133.323281054	-46.4135042243
162.048339844	-131.202287616	-46.2275319989
162.094116211	-135.799871779	-46.0385701155
162.139892578	-135.31646797	-45.844976739
162.185668945	-143.19469974	-45.64727685
162.231445312	-135.534369089	-45.4443781536
162.27722168	-136.808781191	-45.2373906388
162.322998047	-138.207927961	-45.0244738447
162.368774414	-138.69899229	-44.8068646172
162.414550781	-139.015284942	-44.5829877975
162.460327148	-149.053811029	-44.3536089971
162.506103516	-137.256678989	-44.1180232453
162.551879883	-132.633323881	-43.8755145815
162.59765625	-141.445784902	-43.6260251861
162.643432617	-141.658639185	-43.3694384807
162.689208984	-133.243605254	-43.104971247
162.734985352	-132.665135587	-42.8319324156
162.780761719	-139.474087432	-42.5496913196
162.826538086	-142.194752868	-42.2583799686
162.872314453	-139.512426627	-41.9569638805
162.91809082	-134.67289292	-41.6445144902
162.963867188	-145.99690777	-41.3203115369
163.009643555	-134.684814146	-40.9836625591
163.055419922	-129.68704671	-40.6333809873
163.101196289	-130.219871544	-40.2677409758
163.146972656	-140.460852161	-39.8866315537
163.192749023	-131.786628402	-39.4878372623
163.238525391	-139.776982554	-39.0698510172
163.284301758	-148.596454707	-38.6305030978
163.330078125	-139.919810282	-38.1676637943
163.375854492	-137.728752959	-37.6788898757
163.421630859	-134.54227887	-37.1607997382
163.467407227	-134.662944234	-36.6096296823
163.513183594	-143.136979166	-36.021157743
163.558959961	-130.508947023	-35.3897855416
163.604736328	-136.677532487	-34.7087101131
163.650512695	-142.274930603	-33.9696754746
163.696289062	-133.549174672	-33.1617723785
163.74206543	-139.782381682	-32.2706173528
163.787841797	-146.417563296	-31.2774635859
163.833618164	-132.715772905	-30.1557590101
163.879394531	-135.495101905	-28.8671444793
163.925170898	-135.935999831	-27.353391815
163.970947266	-133.489390203	-25.5185199433
164.016723633	-130.377104907	-23.1890316176
164.0625	-141.263142226	-19.9955933186
164.108276367	-138.254516358	-14.8907428989
164.154052734	-9.36519364038e-07	-0.911929764366
164.199829102	-131.929283223	-10.4549520237
164.245605469	-132.077594883	-17.8150812499
164.291381836	-140.267586892	-21.7415562925
164.337158203	-137.38909085	-24.4361164395
164.38293457	-146.262895598	-26.4899574029
164.428710938	-148.082920049	-28.1500184228
164.474487305	-137.987466439	-29.5433640002
164.520263672	-132.789273624	-30.7439118303
164.566040039	-136.429197827	-31.7986351047
164.611816406	-138.760782041	-32.7390964366
164.657592773	-133.824123506	-33.5876931161
164.703369141	-141.496296785	-34.360916772
164.749145508	-139.700177832	-35.0710257187
164.794921875	-139.98366196	-35.7274680923
164.840698242	-135.450514168	-36.3377794667
164.886474609	-138.039346869	-36.908218332
164.932250977	-141.884609591	-37.4434216304
164.978027344	-136.921688926	-37.9476587104
165.023803711	-137.340071642	-38.4243936103
165.069580078	-138.077811094	-38.8763236092
165.115356445	-137.613936536	-39.3057752751
165.161132812	-138.034416673	-39.7152332566
165.20690918	-146.522142595	-40.1063096528
165.252685547	-134.532885004	-40.4804514042
165.298461914	-135.781512865	-40.8394520207
165.344238281	-133.237632288	-41.1839792678
165.390014648	-133.551945804	-41.5156031674
165.435791016	-141.900107646	-41.8348213362
165.481567383	-140.763862528	-42.1429017
165.52734375	-137.292673125	-42.4403210268
165.573120117	-133.330579211	-42.7280143465
165.618896484	-140.067602269	-43.0067620328
165.664672852	-138.368025652	-43.2765661013
165.710449219	-132.074127528	-43.5382917177
165.756225586	-131.112739966	-43.7928026043
165.802001953	-137.841755096	-44.0397813114
165.84777832	-137.396366232	-44.279830733
165.893554688	-137.235845852	-44.5136090492
165.939331055	-133.991625985	-44.7410975433
165.985107422	-140.886764435	-44.9631708994
166.030883789	-136.053062462	-45.1794272412
166.076660156	-137.25742554	-45.3909368919
166.122436523	-141.298997928	-45.5968703475
166.168212891	-136.634834986	-45.7986232913
166.213989258	-143.535677024	-45.9953863434
166.259765625	-135.726893421	-46.187674992
166.305541992	-134.758070807	-46.375907423
166.351318359	-133.299560168	-46.5609918683
166.397094727	-135.291992508	-46.7412870464
166.442871094	-136.514396534	-46.9179160122
166.488647461	-135.152221326	-47.0919399202
166.534423828	-131.165795886	-47.2620508862
166.580200195	-132.170543288	-47.4290189481
166.625976562	-137.348324998	-47.5921116769
166.67175293	-135.152495954	-47.7527966427
166.717529297	-141.465019944	-47.9106793325
166.763305664	-133.868129064	-48.0654411355
166.809082031	-132.827318862	-48.2176852278
166.854858398	-135.171095154	-48.3680059077
166.900634766	-133.279408756	-48.515039937
166.946411133	-131.447853556	-48.6597098514
166.9921875	-132.356594602	-48.8016089746
167.037963867	-143.838828006	-48.9421466955
167.083740234	-132.659660784	-49.0795237315
167.129516602	-139.827970287	-49.2158146289
167.175292969	-149.158584472	-49.3493764521
167.221069336	-134.69970252	-49.4808378601
167.266845703	-144.31449476	-49.6110167764
167.31262207	-134.312696154	-49.7382489345
167.358398438	-132.740053763	-49.8652856143
167.404174805	-135.845159681	-49.9893471611
167.449951172	-134.607199918	-50.1118548319
167.495727539	-138.395691446	-50.2323663075
167.541503906	-130.639060378	-50.3513950133
167.587280273	-132.577535521	-50.4686106878
167.633056641	-149.727279849	-50.5850111986
167.678833008	-157.837155292	-50.6994391894
167.724609375	-141.105722358	-50.8122632062
167.770385742	-132.716482853	-50.924703801
167.816162109	-132.871285589	-51.0346348748
167.861938477	-138.538641058	-51.1430624759
167.907714844	-143.681544037	-51.2505721052
167.953491211	-130.810025289	-51.3570358678
167.999267578	-134.934008287	-51.4621164968
168.045043945	-128.33333293	-51.5664413821
168.090820312	-143.616888017	-51.6676732447
168.13659668	-151.401398892	-51.7690096831
168.182373047	-140.161600658	-51.8690158994
168.228149414	-133.021443714	-51.9683630151
168.273925781	-137.126087006	-52.0654545179
168.319702148	-134.696279214	-52.163399074
168.365478516	-133.831984485	-52.2586243166
168.411254883	-140.997573776	-52.352998006
168.45703125	-132.032797719	-52.4469005915
168.502807617	-135.35270738	-52.5392013092
168.548583984	-137.233297914	-52.6311053948
168.594360352	-134.13656286	-52.7219720103
168.640136719	-138.052725771	-52.8125912912
168.685913086	-137.925405961	-52.9012999015
168.731689453	-133.791366915	-52.9883851278
168.77746582	-138.65092525	-53.0765209412
168.823242188	-137.102732645	-53.1632271912
168.869018555	-134.843859066	-53.2478551421
168.914794922	-139.159420169	-53.3333450733
168.960571289	-129.141013417	-53.416814524
169.006347656	-138.183267012	-53.5002311903
169.052124023	-146.352979578	-53.5820300526
169.097900391	-132.506264586	-53.6630592654
169.143676758	-142.44597553	-53.7446817062
169.189453125	-134.893432139	-53.8243076461
169.235229492	-130.015735787	-53.9041427033
169.281005859	-148.702260991	-53.9827730344
169.326782227	-140.769483663	-54.0604670594
169.372558594	-136.182561251	-54.1381202217
169.418334961	-133.629198466	-54.2137011631
169.464111328	-148.373413723	-54.2904547232
169.509887695	-139.74792814	-54.3660747162
169.555664062	-135.804436949	-54.440914268
169.60144043	-130.919233607	-54.5129791109
169.647216797	-154.771087093	-54.5876746601
169.692993164	-143.104061536	-54.6606620586
169.738769531	-146.870722044	-54.7326623868
169.784545898	-135.923926093	-54.8041772826
169.830322266	-134.280388751	-54.8757816921
169.876098633	-140.937255295	-54.9455019514
169.921875	-139.099072941	-55.0155859437
169.967651367	-132.459443228	-55.0859442374
170.013427734	-134.822300204	-55.154450003
170.059204102	-131.66859899	-55.2214741601
170.104980469	-139.625064388	-55.2894090463
170.150756836	-133.949014553	-55.358161891
170.196533203	-146.734093949	-55.4240792572
170.24230957	-131.022431776	-55.4895824495
170.288085938	-135.313489625	-55.5550226181
170.333862305	-139.145329417	-55.6208294935
170.379638672	-138.801666325	-55.6854174052
170.425415039	-135.223942687	-55.7508985016
170.471191406	-137.709551271	-55.8136569885
170.516967773	-138.117373384	-55.8769029584
170.562744141	-146.368105795	-55.940369439
170.608520508	-139.050463826	-56.0024164862
170.654296875	-131.988603744	-56.0642229349
170.700073242	-128.62126694	-56.1244739599
170.745849609	-132.249042739	-56.1890867838
170.791625977	-133.342176265	-56.2494687453
170.837402344	-129.590679538	-56.3097803133
170.883178711	-144.609589085	-56.3685501741
170.928955078	-140.342112793	-56.4277981338
170.974731445	-137.355857228	-56.4878276214
171.020507812	-138.926568827	-56.5456256984
171.06628418	-137.524679682	-56.6050894723
171.112060547	-134.888403229	-56.6629879935
171.157836914	-136.133941423	-56.7210681466
171.203613281	-127.513700129	-56.7785017649
171.249389648	-134.45557506	-56.8345321212
171.295166016	-139.97979397	-56.8902053862
171.340942383	-139.324683681	-56.947571095
171.38671875	-133.097867134	-57.0018102759
171.432495117	-140.26048321	-57.0587332751
171.478271484	-130.97772812	-57.1134993051
171.524047852	-131.584347092	-57.1690582776
171.569824219	-136.009745904	-57.2214225331
171.615600586	-137.663269479	-57.2773151653
171.661376953	-134.863206311	-57.3304606266
171.70715332	-144.980048627	-57.3838802203
171.752929688	-154.273435433	-57.4366944757
171.798706055	-132.745927179	-57.4904346014
171.844482422	-150.557322473	-57.5419336755
171.890258789	-139.649372065	-57.5935735085
171.936035156	-131.296838213	-57.6457940672
171.981811523	-146.728441337	-57.6978060028
172.027587891	-135.437357532	-57.7496549383
172.073364258	-130.448156559	-57.8013463467
172.119140625	-130.430255553	-57.8509698506
172.164916992	-135.629616804	-57.900342101
172.210693359	-137.871949937	-57.9512895723
172.256469727	-138.462631863	-58.0017443114
172.302246094	-139.760829433	-58.049999295
172.348022461	-136.871013823	-58.0990034602
172.393798828	-143.814616751	-58.1483551881
172.439575195	-134.377945248	-58.1962390563
172.485351562	-136.261039823	-58.246961419
172.53112793	-133.026071683	-58.2925825667
172.576904297	-140.869709312	-58.3414701365
172.622680664	-136.685684512	-58.3903326102
172.668457031	-135.164339826	-58.4359948602
172.714233398	-131.489034803	-58.4857070791
172.760009766	-135.226055624	-58.5322463909
172.805786133	-143.749877023	-58.5784998477
172.8515625	-140.835094435	-58.6248653887
172.897338867	-143.40735807	-58.6711181544
172.943115234	-132.227622638	-58.7184293343
172.988891602	-141.434736695	-58.7620945269
173.034667969	-131.334582844	-58.8077493606
173.080444336	-138.813087529	-58.8527150391
173.126220703	-134.949768812	-58.8968274659
173.17199707	-153.472591972	-58.9430060414
173.217773438	-132.178721866	-58.9892292735
173.263549805	-132.837041277	-59.0320050021
173.309326172	-132.077447108	-59.0775597857
173.355102539	-136.35773257	-59.1204157789
173.400878906	-137.090398901	-59.1625447091
173.446655273	-137.119562565	-59.2060103678
173.492431641	-158.535702492	-59.2502984599
173.538208008	-142.382669124	-59.2934261792
173.583984375	-139.123680402	-59.3357131515
173.629760742	-140.158100693	-59.3794790074
173.675537109	-129.295503269	-59.4187479653
173.721313477	-134.489333899	-59.4646267094
173.767089844	-132.20502568	-59.505958294
173.812866211	-145.829459144	-59.5475871737
173.858642578	-145.429313025	-59.5896220547
173.904418945	-143.037215349	-59.6305925198
173.950195312	-140.920439433	-59.6723186055
173.99597168	-132.895116848	-59.711463342
174.041748047	-136.977012259	-59.7527401984
174.087524414	-130.369319256	-59.7946659341
174.133300781	-135.142062928	-59.8338707277
174.179077148	-140.75483202	-59.8747472715
174.224853516	-138.732986526	-59.9163906616
174.270629883	-137.795576335	-59.9552447055
174.31640625	-134.205233852	-59.993795014
174.362182617	-135.332284963	-60.0354857536
174.407958984	-141.495763354	-60.0739009457
174.453735352	-136.903296141	-60.1134060433
174.499511719	-137.710068959	-60.1534672458
174.545288086	-132.907509613	-60.1937394584
174.591064453	-136.959106385	-60.2317577826
174.63684082	-131.190860078	-60.2714452286
174.682617188	-135.073619328	-60.3063067521
174.728393555	-130.085522989	-60.348448912
174.774169922	-149.797868316	-60.3838977024
174.819946289	-138.062443658	-60.4210251685
174.865722656	-133.439777199	-60.4615263213
174.911499023	-138.080841946	-60.4983291909
174.957275391	-137.740981541	-60.5337699261
175.003051758	-130.293679481	-60.5747423198
175.048828125	-141.417787121	-60.6087873057
175.094604492	-149.614312191	-60.6459772112
175.140380859	-143.450301957	-60.6835458642
175.186157227	-133.52328757	-60.7182715076
175.231933594	-134.287893847	-60.7578071865
175.277709961	-125.537937109	-60.7879023467
175.323486328	-131.884257239	-60.826430473
175.369262695	-136.370683783	-60.8647055204
175.415039062	-146.88597613	-60.9006065305
175.46081543	-156.790178692	-60.9365560308
175.506591797	-134.659051545	-60.9739396747
175.552368164	-135.143926854	-61.0060980925
175.598144531	-145.224156099	-61.0427323328
175.643920898	-144.677434171	-61.0779060209
175.689697266	-132.26559813	-61.1157973547
175.735473633	-131.255679016	-61.1476405893
175.78125	-134.363711633	-61.1822026692
175.827026367	-133.042674908	-61.2157631635
175.872802734	-146.850174951	-61.2522929059
175.918579102	-136.030575868	-61.2885291809
175.964355469	-136.075454256	-61.3196751374
176.010131836	-134.704771614	-61.3536661395
176.055908203	-142.880096555	-61.3888648979
176.10168457	-133.612177733	-61.4213997123
176.147460938	-145.41148866	-61.4566581668
176.193237305	-149.204025324	-61.490862436
176.239013672	-131.589234414	-61.5239020879
176.284790039	-138.933554859	-61.5580151551
176.330566406	-140.466999272	-61.590044109
176.376342773	-138.348353083	-61.625249712
176.422119141	-139.026268726	-61.6567714691
176.467895508	-132.464405225	-61.6875436601
176.513671875	-131.895408922	-61.7217626933
176.559448242	-131.230890423	-61.7539591155
176.605224609	-134.064438515	-61.786001711
176.651000977	-134.661913776	-61.8196437534
176.696777344	-140.314309425	-61.8537046233
176.742553711	-141.618531073	-61.8853381442
176.788330078	-133.425690333	-61.9148143901
176.834106445	-143.448864236	-61.9497674758
176.879882812	-135.184118283	-61.9790097331
176.92565918	-134.788358683	-62.0125785302
176.971435547	-138.758862582	-62.044586075
177.017211914	-136.610392414	-62.0766774983
177.062988281	-141.876327303	-62.1063105938
177.108764648	-144.778527257	-62.1391104569
177.154541016	-134.001266291	-62.1674717511
177.200317383	-137.272038887	-62.2006174027
177.24609375	-131.9242628	-62.2338204692
177.291870117	-139.592677314	-62.2621987582
177.337646484	-130.071848974	-62.2966241788
177.383422852	-134.166491324	-62.3241609449
177.429199219	-131.7735026	-62.3534093041
177.474975586	-138.746688099	-62.3861023007
177.520751953	-134.236819829	-62.4140529449
177.56652832	-133.697556183	-62.4433335557
177.612304688	-138.197381201	-62.4745379911
177.658081055	-133.253489143	-62.5032821925
177.703857422	-133.510514061	-62.533918703
177.749633789	-136.11449022	-62.5654835912
177.795410156	-138.931919055	-62.5947901368
177.841186523	-135.142959714	-62.6235188418
177.886962891	-138.339201763	-62.6535634978
177.932739258	-128.86125785	-62.6827367338
177.978515625	-130.789883206	-62.7151729072
178.024291992	-140.642035851	-62.7416947704
178.070068359	-134.232398268	-62.7698721454
178.115844727	-134.894646241	-62.7986054105
178.161621094	-137.373485799	-62.8307903647
178.207397461	-133.803657583	-62.8561301934
178.253173828	-140.33396543	-62.8863277143
178.298950195	-134.380563333	-62.914014125
178.344726562	-143.552127672	-62.9441334602
178.39050293	-145.166174586	-62.9738576649
178.436279297	-128.240025313	-63.0050680431
178.482055664	-136.037252828	-63.0318559403
178.527832031	-130.690874663	-63.0605084536
178.573608398	-146.69813867	-63.0869129255
178.619384766	-131.25813294	-63.1159753053
178.665161133	-134.760506945	-63.1407022456
178.7109375	-131.808560256	-63.1672984667
178.756713867	-131.109008929	-63.1972674086
178.802490234	-131.39130756	-63.2243380629
178.848266602	-135.250575327	-63.2513819274
178.894042969	-140.180261548	-63.2819718719
178.939819336	-145.333319829	-63.3091247655
178.985595703	-147.147459	-63.3363199495
179.03137207	-142.491486557	-63.3621954932
179.077148438	-140.70453613	-63.3907471115
179.122924805	-139.785954641	-63.4172935728
179.168701172	-133.889793178	-63.4457577174
179.214477539	-131.598277513	-63.4712984782
179.260253906	-143.597584007	-63.4975694469
179.306030273	-129.589913932	-63.5290041908
179.351806641	-130.324943687	-63.5548014572
179.397583008	-141.419882173	-63.5793693141
179.443359375	-139.194203024	-63.6066306354
179.489135742	-128.221851312	-63.6304914139
179.534912109	-131.929692625	-63.6549144231
179.580688477	-133.689023528	-63.6817432821
179.626464844	-144.113847182	-63.7103607656
179.672241211	-147.23594496	-63.7369942465
179.718017578	-132.08504204	-63.7663574776
179.763793945	-139.919081712	-63.7877355297
179.809570312	-138.05489558	-63.8141779613
179.85534668	-133.395660363	-63.8403194463
179.901123047	-141.621621059	-63.8671820127
179.946899414	-136.596493612	-63.893076061
179.992675781	-132.302446344	-63.9152886266
180.038452148	-137.256987433	-63.9445206347
180.084228516	-156.097473726	-63.9690971711
180.130004883	-139.255538235	-63.9950590181
180.17578125	-133.466679492	-64.0229937937
180.221557617	-135.592526217	-64.0467438944
180.267333984	-136.033798863	-64.0690586959
180.313110352	-140.05939658	-64.095141612
180.358886719	-133.851824391	-64.1226416494
180.404663086	-151.287056886	-64.1455546723
180.450439453	-136.268602453	-64.1729593436
180.49621582	-140.241039553	-64.1960637945
180.541992188	-140.245572096	-64.2192101077
180.587768555	-141.783713338	-64.2449606712
180.633544922	-137.090792974	-64.271475375
180.679321289	-152.09355986	-64.2949670224
180.725097656	-132.352547174	-64.3176966097
180.770874023	-139.140964129	-64.3432235952
180.816650391	-140.127979361	-64.3672430376
180.862426758	-140.238637694	-64.3936329005
180.908203125	-139.614643247	-64.4181875374
180.953979492	-130.790613184	-64.4372514541
180.999755859	-133.286901562	-64.4646439542
181.045532227	-137.811229832	-64.4872953083
181.091308594	-137.250161882	-64.5118465454
181.137084961	-136.263691077	-64.5373553902
181.182861328	-135.295069408	-64.5592993368
181.228637695	-136.037880137	-64.5825701646
181.274414062	-137.699391456	-64.6071959919
181.32019043	-132.745167363	-64.6309378783
181.365966797	-136.430237435	-64.653814536
181.411743164	-149.309145654	-64.6793576178
181.457519531	-133.874312407	-64.7052432361
181.503295898	-131.115624702	-64.7228898342
181.549072266	-135.955400213	-64.7508874914
181.594848633	-139.780980887	-64.7732467629
181.640625	-128.660528752	-64.7949179355
181.686401367	-141.318723308	-64.8210813771
181.732177734	-131.135291149	-64.8460931759
181.777954102	-139.700985175	-64.8676732646
181.823730469	-139.319063214	-64.8875313841
181.869506836	-129.689772222	-64.917092162
181.915283203	-135.052032124	-64.9341600697
181.96105957	-130.586990414	-64.9621992571
182.006835938	-130.36111393	-64.9769357637
182.052612305	-146.415566567	-65.004154427
182.098388672	-137.764463488	-65.0245049896
182.144165039	-136.779790374	-65.0487658772
182.189941406	-135.355696518	-65.0697508296
182.235717773	-136.255456252	-65.0916432054
182.281494141	-135.286983244	-65.1140456199
182.327270508	-132.650069485	-65.1425131181
182.373046875	-141.551244743	-65.1620207801
182.418823242	-133.928121253	-65.1803653273
182.464599609	-139.94489363	-65.2070484002
182.510375977	-140.471634668	-65.2268398331
182.556152344	-136.203110038	-65.2501536657
182.601928711	-129.419779535	-65.2774154711
182.647705078	-139.668336381	-65.2950528769
182.693481445	-138.537753675	-65.3159381158
182.739257812	-129.117023859	-65.3325473026
182.78503418	-137.016897067	-65.3610381094
182.830810547	-130.535884367	-65.3777808103
182.876586914	-145.179404301	-65.4044191598
182.922363281	-132.237943394	-65.4213965322
182.968139648	-141.114765545	-65.4484117687
183.013916016	-136.749592628	-65.4696079249
183.059692383	-143.906025294	-65.4895236873
183.10546875	-144.541728255	-65.5126524838
183.151245117	-142.493467334	-65.5320020383
183.197021484	-141.676939519	-65.555306199
183.242797852	-133.137744651	-65.5739471855
183.288574219	-135.9370759	-65.5948875614
183.334350586	-139.043228627	-65.6166618404
183.380126953	-141.99961389	-65.6410173405
183.42590332	-141.313639324	-65.6623053104
183.471679688	-151.769295998	-65.6818120369
183.517456055	-133.795701138	-65.7033208707
183.563232422	-144.483314372	-65.7250033046
183.609008789	-138.594806481	-65.7430597231
183.654785156	-139.793352635	-65.7660214636
183.700561523	-131.526418389	-65.7909907718
183.746337891	-134.041656471	-65.8109100857
183.792114258	-140.478643168	-65.8273415364
183.837890625	-130.679345979	-65.8504034694
183.883666992	-135.863437866	-65.869488936
183.929443359	-139.17868635	-65.8896788279
183.975219727	-141.967912867	-65.9119531423
184.020996094	-143.543311412	-65.9319430714
184.066772461	-136.717009927	-65.9533443558
184.112548828	-131.915951491	-65.968136489
184.158325195	-131.313351004	-65.9888176701
184.204101562	-138.982384582	-66.0144142906
184.24987793	-136.166612353	-66.0335177722
184.295654297	-130.686825461	-66.0504101192
184.341430664	-134.222945856	-66.0756292021
184.387207031	-136.744038905	-66.0923360203
184.432983398	-135.977077426	-66.1170864472
184.478759766	-132.000817776	-66.1387925109
184.524536133	-141.60980522	-66.1536752083
184.5703125	-151.628286951	-66.1740195623
184.616088867	-145.909729991	-66.1952403875
184.661865234	-133.093191492	-66.2155264399
184.707641602	-137.104567419	-66.2317434
184.753417969	-131.934052409	-66.2550485571
184.799194336	-138.35691855	-66.2758940187
184.844970703	-135.464813145	-66.2952320335
184.89074707	-150.449032948	-66.3129748522
184.936523438	-138.483078906	-66.3346203646
184.982299805	-158.092108757	-66.3525908314
185.028076172	-139.593968358	-66.3720594809
185.073852539	-133.529001439	-66.3953550858
185.119628906	-134.30687859	-66.4143534883
185.165405273	-133.362552933	-66.429865376
185.211181641	-140.373334236	-66.4505301616
185.256958008	-146.314809572	-66.4700864411
185.302734375	-133.784754578	-66.4893982986
185.348510742	-131.489844361	-66.5077649108
185.394287109	-164.627006648	-66.5271343722
185.440063477	-134.429205862	-66.5495280907
185.485839844	-143.707795507	-66.5642961597
185.531616211	-128.258000311	-66.5782301731
185.577392578	-130.616691668	-66.5981294209
185.623168945	-139.476486036	-66.6244667475
185.668945312	-141.233847394	-66.6401546509
185.71472168	-136.034632761	-66.6617636017
185.760498047	-135.06196375	-66.6762307804
185.806274414	-141.452902174	-66.6998608087
185.852050781	-135.684871832	-66.7147632636
185.897827148	-139.943361429	-66.7378054268
185.943603516	-135.98257553	-66.757398531
185.989379883	-131.938172329	-66.7690206357
186.03515625	-130.740871035	-66.7960006189
186.080932617	-132.095485977	-66.8088081282
186.126708984	-148.643885324	-66.8300120389
186.172485352	-133.639536784	-66.846563515
186.218261719	-147.106680459	-66.8671123413
186.264038086	-137.961951998	-66.8873481918
186.309814453	-131.611998198	-66.9008945733
186.35559082	-133.194027075	-66.9252570794
186.401367188	-135.882498132	-66.9378099276
186.447143555	-131.98410776	-66.954164847
186.492919922	-137.043979414	-66.9784089706
186.538696289	-136.916285192	-66.9954643571
186.584472656	-140.897417436	-67.0133661437
186.630249023	-141.728432654	-67.030044903
186.676025391	-136.68174715	-67.0519406818
186.721801758	-132.226910943	-67.0658866649
186.767578125	-138.741952722	-67.0857085783
186.813354492	-132.760313655	-67.1054623261
186.859130859	-131.944887042	-67.1169671668
186.904907227	-137.994940172	-67.1380750099
186.950683594	-141.495702204	-67.1570454172
186.996459961	-133.425374397	-67.1715504783
187.042236328	-133.636124377	-67.1969762585
187.088012695	-136.10181613	-67.211782673
187.133789062	-137.042635869	-67.2267898391
187.17956543	-131.267755237	-67.2474365485
187.225341797	-137.260890635	-67.2668080625
187.271118164	-128.475242722	-67.2753342994
187.316894531	-136.065384608	-67.298857339
187.362670898	-137.51462723	-67.3198901474
187.408447266	-143.514235921	-67.3363783733
187.454223633	-144.30592167	-67.3540744645
187.5	-139.932627501	-67.3694127528
187.545776367	-129.94610343	-67.3936574552
187.591552734	-139.833616834	-67.403396538
187.637329102	-129.514339175	-67.4173237362
187.683105469	-139.931066074	-67.4388570508
187.728881836	-133.747524016	-67.4543533729
187.774658203	-150.617721569	-67.4744227188
187.82043457	-136.24104897	-67.4925027374
187.866210938	-144.408682998	-67.5096213755
187.911987305	-136.75237954	-67.5239232064
187.957763672	-136.993980114	-67.5462035871
188.003540039	-140.640290958	-67.5596189284
188.049316406	-137.781087497	-67.5777470507
188.095092773	-135.833702426	-67.5948923431
188.140869141	-144.387556905	-67.6134328485
188.186645508	-132.655506017	-67.6316107681
188.232421875	-140.697762449	-67.6482727599
188.278198242	-135.72458122	-67.6648139696
188.323974609	-130.656265044	-67.6858766161
188.369750977	-135.749158009	-67.6980760009
188.415527344	-136.432725051	-67.7132779718
188.461303711	-134.739088374	-67.7331550269
188.507080078	-137.705785997	-67.7465753855
188.552856445	-136.061654787	-67.7621335715
188.598632812	-134.592306414	-67.7819601515
188.64440918	-131.542664631	-67.798536868
188.690185547	-142.116282254	-67.8155170983
188.735961914	-133.276590416	-67.8301561306
188.781738281	-130.656915882	-67.8531585478
188.827514648	-138.209075784	-67.8665931454
188.873291016	-142.229870488	-67.8822755604
188.919067383	-138.029590018	-67.8951343134
188.96484375	-131.741803315	-67.9196916521
189.010620117	-139.470658077	-67.9321712858
189.056396484	-137.413708375	-67.9443899734
189.102172852	-147.775628142	-67.9645829082
189.147949219	-138.43884564	-67.9795345748
189.193725586	-133.312055431	-68.0002086555
189.239501953	-136.752665678	-68.0117909925
189.28527832	-141.365316486	-68.0309733004
189.331054688	-133.517812859	-68.0498065243
189.376831055	-144.423240486	-68.0603958418
189.422607422	-129.172144404	-68.0847883688
189.468383789	-135.795590335	-68.0955355196
189.514160156	-138.575658179	-68.112113812
189.559936523	-134.846413508	-68.1294072801
189.605712891	-136.462611727	-68.1427828756
189.651489258	-133.929116486	-68.161282315
189.697265625	-148.197949027	-68.1750686536
189.743041992	-133.917213837	-68.1880814242
189.788818359	-136.951302912	-68.2097525559
189.834594727	-142.592488151	-68.2241669995
189.880371094	-138.866555851	-68.2375985759
189.926147461	-136.226435157	-68.2514609897
189.971923828	-131.447812767	-68.2691317568
190.017700195	-138.789059637	-68.2836396525
190.063476562	-139.921169527	-68.3019226689
190.10925293	-134.139756309	-68.3143988952
190.155029297	-141.068748787	-68.3315741297
190.200805664	-139.973715783	-68.3472665007
190.246582031	-136.287963815	-68.3622295643
190.292358398	-135.845381766	-68.3843632708
190.338134766	-135.997530636	-68.3934764635
190.383911133	-134.709957006	-68.4162310593
190.4296875	-143.512600437	-68.42789396
190.475463867	-137.061113187	-68.4445086047
190.521240234	-144.185295871	-68.459891016
190.567016602	-130.483258461	-68.4802213575
190.612792969	-136.279764765	-68.4888512849
190.658569336	-128.517429849	-68.5021009092
190.704345703	-138.359365384	-68.5235100809
190.75012207	-138.589123573	-68.5342127857
190.795898438	-133.606171649	-68.5514902746
190.841674805	-137.808637107	-68.5641928284
190.887451172	-137.44623213	-68.5830809282
190.933227539	-131.506238174	-68.5920855598
190.979003906	-136.746111355	-68.6144414973
191.024780273	-144.809396294	-68.6295440177
191.070556641	-147.977732224	-68.6425667085
191.116333008	-132.221308699	-68.6594557963
191.162109375	-140.187767708	-68.6728077559
191.207885742	-145.84689216	-68.6902423844
191.253662109	-141.887876283	-68.7024333756
191.299438477	-135.583537388	-68.7200538309
191.345214844	-142.064471244	-68.7328663717
191.390991211	-131.922049518	-68.7506548819
191.436767578	-140.358001694	-68.7666866246
191.482543945	-137.326185519	-68.7772775618
191.528320312	-134.031883728	-68.7901732631
191.57409668	-132.545345762	-68.8143708571
191.619873047	-136.237526372	-68.8247718287
191.665649414	-140.735021753	-68.8373198376
191.711425781	-135.136804648	-68.8551216584
191.757202148	-137.075665606	-68.8658071619
191.802978516	-133.476331969	-68.8816402118
191.848754883	-136.635329049	-68.9023721569
191.89453125	-129.889974682	-68.9204782114
191.940307617	-130.065427872	-68.9315660181
191.986083984	-133.936040713	-68.9461048793
192.031860352	-133.879059351	-68.9530218681
192.077636719	-132.991293925	-68.9699378133
192.123413086	-133.954997989	-68.9825845433
192.169189453	-144.675626651	-69.0027743861
192.21496582	-139.404217296	-69.0192489591
192.260742188	-146.849041742	-69.0301370395
192.306518555	-136.049395936	-69.0420874645
192.352294922	-156.940312572	-69.0607460728
192.398071289	-132.002791881	-69.0704193096
192.443847656	-131.24004212	-69.0962586615
192.489624023	-141.655849024	-69.1043514403
192.535400391	-132.167734767	-69.1224397491
192.581176758	-134.679253155	-69.1285552731
192.626953125	-149.27581915	-69.1466175355
192.672729492	-134.074383847	-69.1661357093
192.718505859	-134.020896999	-69.178195421
192.764282227	-136.421208386	-69.1942662684
192.810058594	-140.272858268	-69.2042830888
192.855834961	-139.689082303	-69.216579624
192.901611328	-144.946708877	-69.2333413106
192.947387695	-137.21870123	-69.2511506274
192.993164062	-128.672231062	-69.2628938444
193.03894043	-130.787189585	-69.277417345
193.084716797	-141.478720531	-69.2899741879
193.130493164	-137.063521586	-69.3011475653
193.176269531	-136.008695799	-69.3172054982
193.222045898	-135.175870968	-69.3362936604
193.267822266	-132.128306717	-69.3413277882
193.313598633	-130.414655807	-69.3688286287
193.359375	-134.00124684	-69.371723033
193.405151367	-136.639741136	-69.3879722359
193.450927734	-142.78021839	-69.402922795
193.496704102	-143.004489695	-69.4159799167
193.542480469	-137.204043224	-69.4311424438
193.588256836	-143.880341613	-69.4437539282
193.634033203	-146.622022579	-69.4580351124
193.67980957	-131.78644676	-69.4779835275
193.725585938	-138.349662143	-69.4901922471
193.771362305	-138.630638886	-69.4995202619
193.817138672	-132.576950395	-69.5162659099
193.862915039	-131.970597295	-69.5352146446
193.908691406	-132.47845073	-69.5404003887
193.954467773	-138.009646843	-69.555852932
194.000244141	-137.286776896	-69.5700255999
194.046020508	-133.706292874	-69.5865858287
194.091796875	-128.602404345	-69.6072860405
194.137573242	-138.760805037	-69.6090158506
194.183349609	-132.589696991	-69.6285049718
194.229125977	-139.336252982	-69.6414043469
194.274902344	-145.610897137	-69.6516160973
194.320678711	-131.71396988	-69.6691156578
194.366455078	-135.454187463	-69.6752682027
194.412231445	-136.305675819	-69.6898410568
194.458007812	-141.969610139	-69.7059667239
194.50378418	-130.328371188	-69.7122323443
194.549560547	-136.861702927	-69.7363816648
194.595336914	-140.35668775	-69.7449899322
194.641113281	-144.131894802	-69.7596099829
194.686889648	-136.928949924	-69.778147076
194.732666016	-130.535607962	-69.7910737038
194.778442383	-149.541053301	-69.8009840957
194.82421875	-137.999321922	-69.8134859884
194.869995117	-133.790666739	-69.8231080331
194.915771484	-138.465531652	-69.8425569726
194.961547852	-137.781539208	-69.855632401
195.007324219	-136.289568863	-69.8692476441
195.053100586	-132.767283078	-69.8856584763
195.098876953	-133.956739149	-69.8926661566
195.14465332	-138.255640508	-69.9091015392
195.190429688	-134.007113417	-69.9183302717
195.236206055	-138.719333888	-69.9314085244
195.281982422	-136.00506873	-69.943469512
195.327758789	-130.958005863	-69.9576261927
195.373535156	-129.777727411	-69.9823598059
195.419311523	-132.067697334	-69.9941644602
195.465087891	-133.273077652	-70.005324111
195.510864258	-133.714982717	-70.0134590945
195.556640625	-130.099731455	-70.018805145
195.602416992	-131.597025896	-70.0460715665
195.648193359	-139.417482834	-70.0551853722
195.693969727	-132.372758719	-70.0725586158
195.739746094	-138.729553221	-70.0770358435
195.785522461	-133.215761429	-70.0907775612
195.831298828	-138.27616316	-70.10614186
195.877075195	-136.720890731	-70.1217593794
195.922851562	-133.453293686	-70.1264271235
195.96862793	-140.808497573	-70.1450690891
196.014404297	-136.365466698	-70.1609535841
196.060180664	-134.947226628	-70.1724023585
196.105957031	-145.836967985	-70.1831067032
196.151733398	-136.567256149	-70.1943580239
196.197509766	-136.057640683	-70.205608473
196.243286133	-137.21988521	-70.2175497651
196.2890625	-134.507661875	-70.2370716239
196.334838867	-140.480389913	-70.249181633
196.380615234	-133.775496326	-70.2538686103
196.426391602	-142.010977835	-70.2732224697
196.472167969	-132.513702738	-70.2813661144
196.517944336	-144.168076069	-70.2961430436
196.563720703	-139.308904224	-70.3136700993
196.60949707	-135.207584616	-70.3229269529
196.655273438	-134.659231681	-70.3348601563
196.701049805	-138.07001268	-70.3454789304
196.746826172	-137.242560556	-70.358741373
196.792602539	-141.118707223	-70.3746536067
196.838378906	-135.064233601	-70.3874943279
196.884155273	-133.483127955	-70.3931124069
196.929931641	-130.039120267	-70.4201607861
196.975708008	-148.966360642	-70.4233029299
197.021484375	-137.928640035	-70.4404707227
197.067260742	-145.10342499	-70.4494418064
197.113037109	-128.413374984	-70.4633253702
197.158813477	-128.622600471	-70.4714712146
197.204589844	-136.604300467	-70.486959525
197.250366211	-132.271057443	-70.506183209
197.296142578	-142.094052042	-70.5097132295
197.341918945	-131.95309067	-70.5314940017
197.387695312	-137.122699134	-70.5379009599
197.43347168	-139.332429141	-70.5495922754
197.479248047	-134.731625533	-70.566484995
197.525024414	-151.965783259	-70.5729778935
197.570800781	-136.703824633	-70.5891610481
197.616577148	-139.206929845	-70.5987363255
197.662353516	-147.788918652	-70.6095073166
197.708129883	-150.413476618	-70.6221278818
197.75390625	-136.359835984	-70.6319564564
197.799682617	-137.596998327	-70.6511621311
197.845458984	-137.421677319	-70.661188435
197.891235352	-147.294398206	-70.6720052099
197.937011719	-137.531353716	-70.6805317721
197.982788086	-135.582463617	-70.6963890435
198.028564453	-138.41025101	-70.7064486004
198.07434082	-143.931134987	-70.7222788815
198.120117188	-143.739269233	-70.7327523961
198.165893555	-131.280286987	-70.7467147363
198.211669922	-134.384257291	-70.7532512075
198.257446289	-142.753667181	-70.7702787905
198.303222656	-139.991782315	-70.7782268193
198.348999023	-146.159283181	-70.7918751013
198.394775391	-133.992697703	-70.810801417
198.440551758	-140.951973634	-70.819965454
198.486328125	-136.111721809	-70.8247417385
198.532104492	-134.817485491	-70.8398113599
198.577880859	-137.953760421	-70.8568631536
198.623657227	-134.013082988	-70.8593461463
198.669433594	-137.58058486	-70.8800015835
198.715209961	-132.433879628	-70.8949102404
198.760986328	-141.605913703	-70.90340373
198.806762695	-136.102781195	-70.9084867049
198.852539062	-144.21800814	-70.9267473919
198.89831543	-131.290084376	-70.9450009544
198.944091797	-141.362563818	-70.9492648677
198.989868164	-142.4035368	-70.9625981274
199.035644531	-138.314344745	-70.9758581174
199.081420898	-139.088956343	-70.9808247212
199.127197266	-131.562568261	-70.9945569498
199.172973633	-136.741592986	-71.007348874
199.21875	-140.718965766	-71.0221426136
199.264526367	-134.374012028	-71.0364423393
199.310302734	-135.11695262	-71.0454641409
199.356079102	-133.805637023	-71.0539151578
199.401855469	-133.964055028	-71.064720443
199.447631836	-149.73793946	-71.0791705497
199.493408203	-132.997097481	-71.0963323468
199.53918457	-129.818359829	-71.1097485269
199.584960938	-145.473833924	-71.1116152309
199.630737305	-135.675395937	-71.1233175725
199.676513672	-132.991928845	-71.1299077462
199.722290039	-142.941700826	-71.1459485591
199.768066406	-140.921346773	-71.1595521194
199.813842773	-148.029943849	-71.1722669711
199.859619141	-133.624089846	-71.1820780743
199.905395508	-134.716228896	-71.19140894
199.951171875	-139.259105223	-71.202644695
199.996948242	-140.534750317	-71.2146039814
200.042724609	-132.388107513	-71.2361319176
200.088500977	-137.509974797	-71.2417463828
200.134277344	-143.4301559	-71.2513650761
200.180053711	-139.693177601	-71.2602861908
200.225830078	-162.649879818	-71.2746137205
200.271606445	-134.063476853	-71.2842260386
200.317382812	-131.736863939	-71.3040348815
200.36315918	-141.543543653	-71.3091033199
200.408935547	-135.352915855	-71.322359442
200.454711914	-134.481987559	-71.3258891489
200.500488281	-143.388568419	-71.3411408489
200.546264648	-134.581557557	-71.3605625442
200.592041016	-133.494466739	-71.3694382081
200.637817383	-130.643770044	-71.3740722652
200.68359375	-144.740602756	-71.3877201084
200.729370117	-135.180321959	-71.4053811682
200.775146484	-137.07262975	-71.4156635747
200.820922852	-133.688287764	-71.4215206309
200.866699219	-133.657678183	-71.4377355061
200.912475586	-136.088590057	-71.4500022701
200.958251953	-140.138906987	-71.4549687598
201.00402832	-140.466990638	-71.4702368474
201.049804688	-136.565798075	-71.473814731
201.095581055	-132.644842	-71.4860778174
201.141357422	-139.234407258	-71.49750376
201.187133789	-135.66804722	-71.5174872943
201.232910156	-137.043992762	-71.5230527786
201.278686523	-128.664419122	-71.5223108817
201.324462891	-139.26497025	-71.5448323621
201.370239258	-146.527065344	-71.5550716974
201.416015625	-138.64197488	-71.5696701565
201.461791992	-142.893496462	-71.5796843162
201.507568359	-139.483738979	-71.5906139327
201.553344727	-131.621479002	-71.6090885811
201.599121094	-139.076712773	-71.6086258633
201.644897461	-140.397184411	-71.623621505
201.690673828	-143.267739661	-71.6362700731
201.736450195	-140.715172239	-71.6478921493
201.782226562	-133.470292739	-71.6623329343
201.82800293	-131.531263208	-71.6715538575
201.873779297	-137.111750977	-71.6772128717
201.919555664	-138.201486689	-71.6902053561
201.965332031	-132.253413816	-71.6997142294
202.011108398	-138.869079019	-71.7100405804
202.056884766	-135.26069863	-71.7208383402
202.102661133	-163.634863719	-71.7323238051
202.1484375	-138.644744273	-71.7467896634
202.194213867	-140.962709894	-71.7553842406
202.239990234	-134.527956397	-71.7657623363
202.285766602	-133.814953182	-71.7800233382
202.331542969	-134.066642444	-71.7933128919
202.377319336	-132.623049908	-71.8052301468
202.423095703	-144.922107941	-71.8096966305
202.46887207	-134.387225398	-71.8180824507
202.514648438	-138.237531674	-71.8340274305
202.560424805	-135.280206862	-71.8425392194
202.606201172	-146.356247029	-71.8532112267
202.651977539	-133.996439336	-71.8569323018
202.697753906	-144.486701209	-71.8750296547
202.743530273	-138.171263038	-71.8838216473
202.789306641	-137.972853465	-71.891611282
202.835083008	-136.873764913	-71.907144924
202.880859375	-142.794335745	-71.9179409134
202.926635742	-146.496228654	-71.9249724068
202.972412109	-142.14833616	-71.9391910646
203.018188477	-138.624561482	-71.9517892787
203.063964844	-131.559458171	-71.9670064642
203.109741211	-129.737715432	-71.9656035989
203.155517578	-144.334650206	-71.9776958505
203.201293945	-145.598881696	-71.9893660739
203.247070312	-131.835019268	-71.9923720814
203.29284668	-143.262312844	-72.0114039872
203.338623047	-131.438563977	-72.0313114166
203.384399414	-132.808961808	-72.0368326209
203.430175781	-136.712878151	-72.048160188
203.475952148	-130.866243776	-72.0445159182
203.521728516	-135.614315164	-72.0606532382
203.567504883	-135.103790476	-72.0756559385
203.61328125	-127.987744697	-72.0829644516
203.659057617	-145.376710984	-72.0955875642
203.704833984	-145.642917697	-72.1078602872
203.750610352	-137.109683629	-72.1178282443
203.796386719	-141.122418972	-72.1294166541
203.842163086	-138.173824436	-72.1417550518
203.887939453	-130.618084398	-72.1469029231
203.93371582	-134.963041199	-72.1590445182
203.979492188	-133.787851021	-72.1669720546
204.025268555	-138.019202601	-72.1746810158
204.071044922	-134.978085788	-72.1934709385
204.116821289	-141.647652616	-72.1981424519
204.162597656	-146.918247147	-72.2108020544
204.208374023	-149.866609248	-72.2207189674
204.254150391	-136.736887705	-72.2315626315
204.299926758	-141.115290405	-72.238415122
204.345703125	-139.821113492	-72.2528635836
204.391479492	-133.720612618	-72.2626164219
204.437255859	-131.090341791	-72.2649242941
204.483032227	-132.886014444	-72.2886930274
204.528808594	-138.439736675	-72.2899996728
204.574584961	-146.719234199	-72.3022580408
204.620361328	-151.106214927	-72.3119732929
204.666137695	-129.115587149	-72.3137069807
204.711914062	-133.255955165	-72.3297856772
204.75769043	-134.097277565	-72.3487869255
204.803466797	-138.466934808	-72.3505514734
204.849243164	-137.162739225	-72.368678263
204.895019531	-142.050202606	-72.3713256811
204.940795898	-144.861746603	-72.3823468815
204.986572266	-150.191993703	-72.393900672
205.032348633	-135.931999211	-72.3988351652
205.078125	-135.667781031	-72.4093634555
205.123901367	-136.014658325	-72.4267176339
205.169677734	-139.390682599	-72.4312983552
205.215454102	-147.152422573	-72.4434449239
205.261230469	-136.628033926	-72.451319432
205.307006836	-133.431119583	-72.4584496916
205.352783203	-136.15358263	-72.4701171165
205.39855957	-144.330057282	-72.4840117211
205.444335938	-135.668281943	-72.4946192349
205.490112305	-138.95060736	-72.5093404734
205.535888672	-135.697839313	-72.5152079192
205.581665039	-138.054533435	-72.5231133711
205.627441406	-135.282737723	-72.5391543295
205.673217773	-139.865931307	-72.5418381826
205.718994141	-135.319232632	-72.5489613472
205.764770508	-138.946049623	-72.5687254582
205.810546875	-132.691473424	-72.5666590016
205.856323242	-140.606008282	-72.5836672329
205.902099609	-146.192751887	-72.5967969117
205.947875977	-141.629808891	-72.602736189
205.993652344	-135.037852019	-72.6212332722
206.039428711	-137.98617649	-72.6271300541
206.085205078	-131.012358548	-72.6398938823
206.130981445	-133.696303949	-72.6417562445
206.176757812	-136.253437346	-72.6519639303
206.22253418	-138.526290088	-72.662546358
206.268310547	-141.01650815	-72.6762720596
206.314086914	-134.906570688	-72.6904861654
206.359863281	-146.973663089	-72.6938248068
206.405639648	-132.574375967	-72.7079331431
206.451416016	-135.971679878	-72.7191554436
206.497192383	-140.249451224	-72.7257419419
206.54296875	-139.280918428	-72.7354144554
206.588745117	-132.65280228	-72.7439924834
206.634521484	-134.563460946	-72.7456167658
206.680297852	-142.440931504	-72.7617766518
206.726074219	-132.969463579	-72.7664339702
206.771850586	-131.217007957	-72.7795289681
206.817626953	-133.438330326	-72.7904383222
206.86340332	-154.547366953	-72.8014391399
206.909179688	-149.058767875	-72.8117989224
206.954956055	-143.654179541	-72.8208289762
207.000732422	-140.051231217	-72.826386769
207.046508789	-133.162894323	-72.8325714807
207.092285156	-130.847317128	-72.8603862207
207.138061523	-131.76836839	-72.8555719623
207.183837891	-137.27168147	-72.8726255729
207.229614258	-134.059361888	-72.8748746185
207.275390625	-138.210040986	-72.888390358
207.321166992	-136.202206677	-72.9026695903
207.366943359	-140.949886358	-72.9071264503
207.412719727	-136.582397142	-72.9115440867
207.458496094	-138.296748965	-72.9217423254
207.504272461	-135.362493525	-72.9298154642
207.550048828	-138.418329782	-72.9443577253
207.595825195	-136.181865439	-72.9584397266
207.641601562	-132.470865435	-72.9611386354
207.68737793	-135.169707864	-72.968306069
207.733154297	-134.389276325	-72.9818006652
207.778930664	-144.648194818	-72.9915204962
207.824707031	-130.072218449	-73.0102567709
207.870483398	-145.589313419	-73.0121424604
207.916259766	-138.129779341	-73.0263732997
207.962036133	-133.924735693	-73.0260382593
208.0078125	-136.53285729	-73.0348219918
208.053588867	-141.889264127	-73.0528719041
208.099365234	-142.435740462	-73.0611131384
208.145141602	-142.783320264	-73.068694043
208.190917969	-132.886174449	-73.0742866808
208.236694336	-140.174695462	-73.0915871623
208.282470703	-132.620914549	-73.0989510245
208.32824707	-140.363874409	-73.1032750643
208.374023438	-136.297809278	-73.1189629684
208.419799805	-139.208210255	-73.1295577099
208.465576172	-138.150688843	-73.1373045205
208.511352539	-144.807846881	-73.1457048349
208.557128906	-135.056791763	-73.1470562254
208.602905273	-131.51482684	-73.1718847563
208.648681641	-134.072884325	-73.1798693559
208.694458008	-130.492715685	-73.1869216271
208.740234375	-135.99293306	-73.1923470325
208.786010742	-136.043335306	-73.1939774814
208.831787109	-129.490817689	-73.2219699526
208.877563477	-136.973258229	-73.2130370941
208.923339844	-139.994714141	-73.2253572465
208.969116211	-138.450224886	-73.2411351482
209.014892578	-138.417284674	-73.2494607887
209.060668945	-131.211857489	-73.2449517797
209.106445312	-137.916580034	-73.2603886638
209.15222168	-136.255614256	-73.2688275128
209.197998047	-138.021026293	-73.2863510592
209.243774414	-139.411806587	-73.2967038965
209.289550781	-136.357749173	-73.3026056289
209.335327148	-133.300757571	-73.3030837324
209.381103516	-136.82132153	-73.3211444302
209.426879883	-131.27745127	-73.3303693387
209.47265625	-132.7235488	-73.3332201624
209.518432617	-134.862465122	-73.3532485858
209.564208984	-137.622421735	-73.3619541615
209.609985352	-140.707545944	-73.3639679944
209.655761719	-131.277297827	-73.3781134614
209.701538086	-140.761198114	-73.3872968385
209.747314453	-133.55510451	-73.3898250383
209.79309082	-134.082488325	-73.4050911356
209.838867188	-141.203083643	-73.4094525078
209.884643555	-137.245709977	-73.4184871236
209.930419922	-135.969008163	-73.4257816788
209.976196289	-137.507887148	-73.4359681502
210.021972656	-140.115631416	-73.4505566924
210.067749023	-147.864288598	-73.4568603419
210.113525391	-138.76869391	-73.4686302835
210.159301758	-147.089025523	-73.4749584778
210.205078125	-139.166522032	-73.4796359768
210.250854492	-136.04281583	-73.4956421593
210.296630859	-137.057053563	-73.4985737523
210.342407227	-135.360587365	-73.5142524865
210.388183594	-139.517259897	-73.5180426123
210.433959961	-131.5877619	-73.5180066727
210.479736328	-132.324871906	-73.5456424004
210.525512695	-135.964204339	-73.5446470943
210.571289062	-136.677613928	-73.5528707342
210.61706543	-136.920682487	-73.5614834717
210.662841797	-154.212052169	-73.5737194957
210.708618164	-140.040390104	-73.5820065379
210.754394531	-136.529498883	-73.5862998701
210.800170898	-139.405460758	-73.5960194375
210.845947266	-136.070491728	-73.6049800513
210.891723633	-138.879508122	-73.6227393721
210.9375	-139.98045697	-73.6307607636
210.983276367	-132.873707259	-73.6322037055
211.029052734	-136.122746532	-73.638107334
211.074829102	-145.445554649	-73.6522299772
211.120605469	-146.555315206	-73.6607099359
211.166381836	-133.445332351	-73.6683903226
211.212158203	-139.873981175	-73.6815153234
211.25793457	-132.89675679	-73.6937030454
211.303710938	-137.21266612	-73.6918369513
211.349487305	-135.917545984	-73.703759164
211.395263672	-131.792217518	-73.7057265628
211.441040039	-136.625374709	-73.7206830604
211.486816406	-140.885782703	-73.731328718
211.532592773	-142.912739684	-73.743988217
211.578369141	-131.556416222	-73.751726476
211.624145508	-139.32500398	-73.7546632259
211.669921875	-150.65248113	-73.7666079424
211.715698242	-128.854722093	-73.7639138921
211.761474609	-132.930009168	-73.7919975936
211.807250977	-138.871038401	-73.7892012007
211.853027344	-129.324800073	-73.8071447672
211.898803711	-141.955527999	-73.8099170108
211.944580078	-139.861123148	-73.8163058464
211.990356445	-131.773315702	-73.8295997442
212.036132812	-138.836747226	-73.836274276
212.08190918	-139.918836684	-73.842045372
212.127685547	-155.037548675	-73.8555424486
212.173461914	-139.181966073	-73.8589031316
212.219238281	-153.022122436	-73.8723915904
212.265014648	-132.533447298	-73.8903007288
212.310791016	-143.801558763	-73.8870449648
212.356567383	-133.834023995	-73.8941132746
212.40234375	-131.223666651	-73.9107089589
212.448120117	-136.394856556	-73.9172889026
212.493896484	-134.629694312	-73.915924648
212.539672852	-139.294051804	-73.934824542
212.585449219	-136.337527261	-73.9465396208
212.631225586	-134.299807148	-73.94428259
212.677001953	-134.261954299	-73.96604888
212.72277832	-139.72568006	-73.966123861
212.768554688	-136.022849708	-73.9813383918
212.814331055	-136.938765047	-73.9900689317
212.860107422	-134.50369207	-73.9842910223
212.905883789	-138.364074378	-74.0055299173
212.951660156	-138.250052586	-74.0116782202
212.997436523	-136.706832063	-74.0119817911
213.043212891	-135.838485965	-74.0245230975
213.088989258	-133.777673845	-74.0422145532
213.134765625	-131.266573153	-74.0465274568
213.180541992	-137.880506767	-74.0575437592
213.226318359	-135.027749924	-74.0642438474
213.272094727	-136.918786968	-74.0732656115
213.317871094	-136.966707567	-74.0747622518
213.363647461	-133.624299064	-74.0792776966
213.409423828	-134.580360153	-74.0873730007
213.455200195	-128.718563028	-74.0880471454
213.500976562	-133.086540653	-74.1159024742
213.54675293	-135.417390169	-74.1200583229
213.592529297	-138.646009337	-74.13177251
213.638305664	-129.519469122	-74.131164854
213.684082031	-133.104937743	-74.139591428
213.729858398	-136.839887704	-74.1557036927
213.775634766	-152.279417334	-74.1615813317
213.821411133	-133.453461066	-74.1768413934
213.8671875	-150.868099442	-74.1794745419
213.912963867	-136.707753924	-74.1856800267
213.958740234	-146.345186241	-74.1967187657
214.004516602	-135.894652445	-74.197281787
214.050292969	-147.34474172	-74.2135819886
214.096069336	-137.343993645	-74.2180242874
214.141845703	-132.156062916	-74.2177899543
214.18762207	-143.358099899	-74.2378156631
214.233398438	-135.069779646	-74.2527159941
214.279174805	-136.325026293	-74.2599530253
214.324951172	-131.635609509	-74.2499522935
214.370727539	-138.913173937	-74.2679873667
214.416503906	-149.300665537	-74.2791955687
214.462280273	-134.988654985	-74.2834775065
214.508056641	-144.624195071	-74.2923120542
214.553833008	-140.847518566	-74.302677825
214.599609375	-130.449346066	-74.3171264548
214.645385742	-135.038774121	-74.3129088875
214.691162109	-137.850095874	-74.3261126499
214.736938477	-133.492914219	-74.3454932836
214.782714844	-135.130674257	-74.3378938222
214.828491211	-137.95583601	-74.3559947458
214.874267578	-132.025262977	-74.3598940756
214.920043945	-140.059556565	-74.3728294601
214.965820312	-131.23041807	-74.3709369947
215.01159668	-139.772814883	-74.3898292871
215.057373047	-136.834466247	-74.3899994057
215.103149414	-132.990848508	-74.3919670496
215.148925781	-140.023589403	-74.4078770668
215.194702148	-148.015369798	-74.4160442996
215.240478516	-129.863519911	-74.4188767038
215.286254883	-142.406499368	-74.4337614826
215.33203125	-138.374850218	-74.4387404223
215.377807617	-135.181000398	-74.4573311621
215.423583984	-133.898595505	-74.4567357183
215.469360352	-141.671263029	-74.4644842437
215.515136719	-135.731909582	-74.4822281195
215.560913086	-134.006409193	-74.4745020399
215.606689453	-133.788015784	-74.4848016048
215.65246582	-137.590641143	-74.4960971051
215.698242188	-143.687435085	-74.5063615515
215.744018555	-136.803783829	-74.5085107104
215.789794922	-132.932982811	-74.5334219694
215.835571289	-137.46687303	-74.5306883211
215.881347656	-131.673166	-74.5304660664
215.927124023	-136.086974946	-74.5514564298
215.972900391	-130.495507684	-74.543804006
216.018676758	-139.779022283	-74.5608905238
216.064453125	-136.94702271	-74.5766611627
216.110229492	-133.243608742	-74.5871323906
216.156005859	-136.573138378	-74.5903643879
216.201782227	-139.733724503	-74.5992862599
216.247558594	-132.571320236	-74.5937323695
216.293334961	-149.657181142	-74.6122720371
216.339111328	-131.660031397	-74.6101273418
216.384887695	-146.985778351	-74.6259661735
216.430664062	-140.691672553	-74.6381434322
216.47644043	-137.243228302	-74.646479905
216.522216797	-136.62301631	-74.6580511642
216.567993164	-131.310596328	-74.6633700171
216.613769531	-131.33306416	-74.6568795379
216.659545898	-132.202380047	-74.6728936462
216.705322266	-156.123995638	-74.6836682479
216.751098633	-144.949879851	-74.6936219289
216.796875	-137.70563706	-74.7038019358
216.842651367	-132.449345408	-74.7113490494
216.888427734	-136.941324628	-74.7178558833
216.934204102	-133.819952693	-74.7311121511
216.979980469	-132.607947666	-74.7322774758
217.025756836	-137.873596053	-74.7393220615
217.071533203	-147.66472772	-74.7458727555
217.11730957	-144.53666611	-74.7565664928
217.163085938	-134.795047419	-74.7639711602
217.208862305	-142.482358919	-74.7729015317
217.254638672	-139.163398694	-74.7766558312
217.300415039	-136.429802951	-74.7840431391
217.346191406	-132.922854523	-74.7940718847
217.391967773	-136.231031158	-74.7962280035
217.437744141	-142.475383486	-74.8105363661
217.483520508	-143.006856411	-74.8201249596
217.529296875	-144.30580037	-74.8257432719
217.575073242	-151.0626893	-74.831072259
217.620849609	-146.787611315	-74.8423377579
217.666625977	-140.739304458	-74.8448066134
217.712402344	-131.623421552	-74.8683062113
217.758178711	-137.5500352	-74.8635056534
217.803955078	-136.233244947	-74.875978965
217.849731445	-136.643123844	-74.8725222231
217.895507812	-135.68288762	-74.8920279155
217.94128418	-135.763206436	-74.8925738211
217.987060547	-131.419970124	-74.9006677501
218.032836914	-134.009878932	-74.919635415
218.078613281	-140.222766871	-74.9138669368
218.124389648	-143.054598579	-74.9287843836
218.170166016	-137.161065386	-74.9311356474
218.215942383	-137.959550666	-74.9467544446
218.26171875	-137.312199698	-74.9538048072
218.307495117	-147.749409984	-74.9548836136
218.353271484	-140.156691494	-74.9592685436
218.399047852	-132.610774622	-74.9766909943
218.444824219	-129.076117736	-74.9862622088
218.490600586	-135.557977555	-74.9824217738
218.536376953	-136.848694917	-74.9922512823
218.58215332	-141.767049418	-75.0049215254
218.627929688	-141.810678162	-75.0070884909
218.673706055	-142.355082377	-75.0174411785
218.719482422	-132.0345301	-75.0179152485
218.765258789	-132.24694167	-75.0218093418
218.811035156	-139.771281499	-75.0355460528
218.856811523	-138.630242906	-75.0476688216
218.902587891	-144.956787142	-75.0532373747
218.948364258	-133.058997357	-75.0558645305
218.994140625	-150.59714181	-75.0707027117
219.039916992	-134.639628127	-75.0843910183
219.085693359	-139.343231262	-75.091492123
219.131469727	-136.0228606	-75.0861555475
219.177246094	-137.957748396	-75.1068820274
219.223022461	-131.985785644	-75.106047359
219.268798828	-130.584640973	-75.1205419829
219.314575195	-133.328897482	-75.114559401
219.360351562	-132.219844543	-75.1217655449
219.40612793	-142.063664296	-75.1360472519
219.451904297	-132.354442367	-75.1365210017
219.497680664	-133.116285092	-75.1623951846
219.543457031	-137.752299087	-75.1647825381
219.589233398	-132.510075492	-75.1650829694
219.635009766	-134.899637577	-75.1733110079
219.680786133	-133.018927575	-75.1779100722
219.7265625	-136.913345479	-75.1966692382
219.772338867	-135.00641586	-75.2074596348
219.818115234	-138.837802363	-75.2123913563
219.863891602	-134.323658034	-75.2163471179
219.909667969	-130.089551585	-75.211788373
219.955444336	-140.492831923	-75.2276252734
220.001220703	-142.99308752	-75.2395170701
220.04699707	-143.832375297	-75.2472366132
220.092773438	-136.538573955	-75.255645077
220.138549805	-135.588453127	-75.2666788136
220.184326172	-144.880770566	-75.2650021224
220.230102539	-138.969823564	-75.2726567753
220.275878906	-139.263647992	-75.2817530233
220.321655273	-152.53310309	-75.2898930466
220.367431641	-133.291737616	-75.2913602453
220.413208008	-135.017643959	-75.2958050325
220.458984375	-129.255030129	-75.3103958284
220.504760742	-135.469626405	-75.3104043818
220.550537109	-144.00737371	-75.3252803123
220.596313477	-145.764617183	-75.3345833247
220.642089844	-153.496237862	-75.341705426
220.687866211	-137.285829841	-75.3468821278
220.733642578	-131.11290461	-75.3673460226
220.779418945	-139.03037605	-75.3603641927
220.825195312	-136.194572325	-75.3674587611
220.87097168	-137.594005404	-75.3722223281
220.916748047	-134.163153231	-75.3804682442
220.962524414	-138.121144213	-75.3942046186
221.008300781	-136.745319214	-75.3976497837
221.054077148	-131.912174006	-75.4110148155
221.099853516	-139.978603803	-75.4113206363
221.145629883	-130.480923729	-75.4160469042
221.19140625	-131.563173256	-75.4411364201
221.237182617	-146.39107413	-75.4372553997
221.282958984	-133.481652249	-75.4470832569
221.328735352	-132.343481342	-75.4617902472
221.374511719	-133.209881654	-75.4665087825
221.420288086	-148.661375892	-75.464286863
221.466064453	-135.081278956	-75.4744734046
221.51184082	-145.211118924	-75.4776113197
221.557617188	-139.934004088	-75.4839904101
221.603393555	-134.973758983	-75.4879899486
221.649169922	-140.490331648	-75.5063602404
221.694946289	-136.653286369	-75.5149245938
221.740722656	-142.742451895	-75.5142627291
221.786499023	-132.271572951	-75.535594862
221.832275391	-147.703538245	-75.5319262378
221.878051758	-131.950654945	-75.5348539304
221.923828125	-132.216311659	-75.5323475035
221.969604492	-148.813454462	-75.5534245047
222.015380859	-150.490321951	-75.5606698803
222.061157227	-152.603183016	-75.5654859974
222.106933594	-140.889461457	-75.572159614
222.152709961	-140.133687391	-75.5787449105
222.198486328	-145.199049523	-75.5905781333
222.244262695	-140.016361831	-75.599632322
222.290039062	-134.281169362	-75.6118632164
222.33581543	-138.019866836	-75.612079499
222.381591797	-135.599364444	-75.6090133848
222.427368164	-136.049215291	-75.6309066309
222.473144531	-141.993705096	-75.6354977158
222.518920898	-141.31597889	-75.6348507707
222.564697266	-149.031728822	-75.6446811101
222.610473633	-140.948078524	-75.6552539374
222.65625	-131.300903757	-75.6496303547
222.702026367	-135.597279287	-75.6584942825
222.747802734	-140.626914178	-75.6790677467
222.793579102	-129.306144335	-75.663509471
222.839355469	-153.186975768	-75.6876635952
222.885131836	-137.573582526	-75.7024305839
222.930908203	-131.188252215	-75.6985947664
222.97668457	-133.617411249	-75.7170225437
223.022460938	-134.422264095	-75.7219819152
223.068237305	-142.756070384	-75.7263627071
223.114013672	-142.887559491	-75.7331157385
223.159790039	-136.487638337	-75.7425634003
223.205566406	-133.552580967	-75.7510544266
223.251342773	-155.90590693	-75.7522679664
223.297119141	-135.439149994	-75.7530356489
223.342895508	-134.24782245	-75.7763797595
223.388671875	-147.790747904	-75.7733138969
223.434448242	-134.501890521	-75.7882869417
223.480224609	-145.716875528	-75.7898968348
223.526000977	-138.85978192	-75.7898850857
223.571777344	-133.715683512	-75.7952352191
223.617553711	-136.390731718	-75.804451058
223.663330078	-140.348525514	-75.8133283778
223.709106445	-143.447851564	-75.8197298549
223.754882812	-132.849062166	-75.8417181917
223.80065918	-137.802446495	-75.8417431924
223.846435547	-136.678237424	-75.8366111609
223.892211914	-141.7645564	-75.8532924964
223.937988281	-137.511330386	-75.8605910966
223.983764648	-135.367958462	-75.8642096647
224.029541016	-142.558412438	-75.8705124453
224.075317383	-142.49599612	-75.8779239257
224.12109375	-139.206225267	-75.8910382056
224.166870117	-137.57075257	-75.8912919958
224.212646484	-136.784213208	-75.8922730254
224.258422852	-138.941133472	-75.9020413643
224.304199219	-136.099293386	-75.9162464118
224.349975586	-138.546029436	-75.9256575057
224.395751953	-130.616069437	-75.924512808
224.44152832	-149.297485709	-75.932178047
224.487304688	-132.106365902	-75.9467593612
224.533081055	-148.532242635	-75.949261531
224.578857422	-142.61215546	-75.9535668485
224.624633789	-132.280606308	-75.965510002
224.670410156	-140.752713172	-75.9640831545
224.716186523	-135.853425942	-75.9796840098
224.761962891	-138.408399315	-75.9817127762
224.807739258	-139.362972905	-75.9896007649
224.853515625	-149.425035434	-75.9979367752
224.899291992	-140.356192257	-76.0003590606
224.945068359	-134.891508042	-76.013829214
224.990844727	-138.100615555	-76.0099488031
225.036621094	-128.89639189	-76.0095570829
225.082397461	-139.522429797	-76.0344863582
225.128173828	-141.048371458	-76.0391861941
225.173950195	-137.104199195	-76.036565694
225.219726562	-139.955782025	-76.0460896382
225.26550293	-144.195505246	-76.0567988226
225.311279297	-142.536845198	-76.0652705754
225.357055664	-131.871907422	-76.0845729895
225.402832031	-144.590484191	-76.0806988355
225.448608398	-151.482694862	-76.0859560267
225.494384766	-134.734712579	-76.1019877803
225.540161133	-133.860530719	-76.1098503745
225.5859375	-137.288750199	-76.1028101022
225.631713867	-134.310851455	-76.1172578464
225.677490234	-140.618672355	-76.1239636016
225.723266602	-145.900431291	-76.1237115664
225.769042969	-131.007288416	-76.117728021
225.814819336	-134.168021727	-76.1482775064
225.860595703	-142.798515488	-76.1476161991
225.90637207	-135.920280386	-76.1574714788
225.952148438	-142.037130651	-76.15727822
225.997924805	-135.620730279	-76.174980935
226.043701172	-130.685909774	-76.1642699939
226.089477539	-135.630107369	-76.1732873262
226.135253906	-132.492843438	-76.1980377724
226.181030273	-142.373366975	-76.1901390137
226.226806641	-141.264562048	-76.2045533999
226.272583008	-140.687651353	-76.2056661543
226.318359375	-137.055813366	-76.2133460395
226.364135742	-131.354732096	-76.2235357499
226.409912109	-137.934518311	-76.2246986504
226.455688477	-138.675468671	-76.2302132809
226.501464844	-139.479795687	-76.2435067597
226.547241211	-143.074563481	-76.2439462223
226.593017578	-135.490002211	-76.2523889887
226.638793945	-132.392088026	-76.2591030581
226.684570312	-138.256820894	-76.2647146719
226.73034668	-136.01604264	-76.2779039932
226.776123047	-145.427068377	-76.2779086681
226.821899414	-136.613248357	-76.2812162602
226.867675781	-142.600284867	-76.2906752519
226.913452148	-135.640559705	-76.294911815
226.959228516	-138.053366912	-76.3123741194
227.005004883	-143.585067302	-76.3159160593
227.05078125	-135.799164965	-76.3298325187
227.096557617	-140.493061129	-76.3315982099
227.142333984	-137.277096081	-76.3262471099
227.188110352	-137.349488771	-76.3329045386
227.233886719	-139.403637381	-76.3450361617
227.279663086	-134.215152306	-76.3570749927
227.325439453	-129.749769808	-76.3583807409
227.37121582	-142.721203542	-76.3653720047
227.416992188	-129.066542744	-76.3902518261
227.462768555	-132.190973885	-76.3682004501
227.508544922	-131.879246629	-76.4000222252
227.554321289	-133.968235395	-76.3866640927
227.600097656	-132.696433428	-76.4055622871
227.645874023	-137.749045368	-76.4138269964
227.691650391	-132.831721123	-76.4213304152
227.737426758	-152.564320892	-76.4192533732
227.783203125	-131.687952709	-76.4365955627
227.828979492	-137.255940368	-76.4407302794
227.874755859	-141.26961512	-76.4362839302
227.920532227	-138.366814324	-76.4515482956
227.966308594	-136.907647255	-76.4446705355
228.012084961	-134.097367207	-76.4691278417
228.057861328	-142.223467937	-76.4612145116
228.103637695	-140.762250461	-76.4702687207
228.149414062	-133.256879398	-76.4872501248
228.19519043	-134.639430831	-76.4948584381
228.240966797	-139.471970971	-76.4871282959
228.286743164	-142.9158461	-76.4941234268
228.332519531	-137.298613758	-76.4968627832
228.378295898	-142.903745217	-76.5144079477
228.424072266	-131.219108958	-76.5168228246
228.469848633	-141.087103633	-76.5241001961
228.515625	-133.984327775	-76.5294652531
228.561401367	-129.700419307	-76.5479050174
228.607177734	-143.350550839	-76.5422135728
228.652954102	-133.908635581	-76.5558544057
228.698730469	-133.049710537	-76.5670838769
228.744506836	-139.943263989	-76.5672992019
228.790283203	-130.739648853	-76.5866946028
228.83605957	-142.998399809	-76.5720188519
228.881835938	-134.283104759	-76.591272719
228.927612305	-136.039447246	-76.5876250304
228.973388672	-149.891077328	-76.5947574112
229.019165039	-140.052030486	-76.5967890253
229.064941406	-132.872409756	-76.6206537487
229.110717773	-133.568662925	-76.6154187026
229.156494141	-136.450712763	-76.6272755472
229.202270508	-132.81387008	-76.6356750352
229.248046875	-139.437317732	-76.6288119856
229.293823242	-136.378827215	-76.6484257674
229.339599609	-135.708434336	-76.6532155782
229.385375977	-135.943658187	-76.6478971853
229.431152344	-135.334941038	-76.6544775161
229.476928711	-136.855108881	-76.6744243794
229.522705078	-133.851854264	-76.6779603775
229.568481445	-139.19243204	-76.6835878018
229.614257812	-144.098427475	-76.6887392783
229.66003418	-129.752534641	-76.6836502768
229.705810547	-140.256614961	-76.7034288778
229.751586914	-139.748285499	-76.7053388748
229.797363281	-146.316385988	-76.7113671311
229.843139648	-141.853330527	-76.7137378337
229.888916016	-136.988076833	-76.7320559414
229.934692383	-132.473970725	-76.7172681423
229.98046875	-133.363855487	-76.7471653611
230.026245117	-130.981308055	-76.7595699122
230.072021484	-129.992381285	-76.756199413
230.117797852	-127.509571725	-76.7399273257
230.163574219	-141.530294107	-76.7606701019
230.209350586	-133.443889914	-76.7708106634
230.255126953	-146.910389093	-76.776980842
230.30090332	-140.158190624	-76.7754972326
230.346679688	-134.236070086	-76.7974781377
230.392456055	-145.496852202	-76.7908327655
230.438232422	-142.003760802	-76.8035477231
230.484008789	-134.946171925	-76.79556519
230.529785156	-134.141873188	-76.8054800776
230.575561523	-128.674318374	-76.7980042266
230.621337891	-143.591265649	-76.8287468281
230.667114258	-136.58897216	-76.8251362403
230.712890625	-142.33900655	-76.8342249403
230.758666992	-137.742113734	-76.8395608668
230.804443359	-137.687761739	-76.8462760799
230.850219727	-131.322918322	-76.8459364553
230.895996094	-138.482129067	-76.857342889
230.941772461	-130.904893995	-76.8859020765
230.987548828	-126.834754096	-76.8580785974
231.033325195	-148.529630311	-76.8806961645
231.079101562	-137.058924432	-76.8930051836
231.12487793	-143.880185067	-76.8915644175
231.170654297	-138.962037245	-76.9022324817
231.216430664	-147.477262739	-76.9085492134
231.262207031	-149.387679104	-76.9110238391
231.307983398	-134.230979243	-76.9117581171
231.353759766	-140.34031235	-76.9258145676
231.399536133	-141.506190517	-76.9363160391
231.4453125	-135.873585037	-76.9304473713
231.491088867	-136.076314765	-76.9524325987
231.536865234	-134.169650348	-76.9383480705
231.582641602	-142.827852828	-76.9537227779
231.628417969	-132.788016995	-76.9681908164
231.674194336	-132.475158699	-76.9830439851
231.719970703	-133.375710361	-76.9831868486
231.76574707	-134.180229864	-76.992834745
231.811523438	-138.970274599	-76.986864827
231.857299805	-146.502540106	-76.990985661
231.903076172	-137.436506407	-76.9912541986
231.948852539	-137.93639578	-77.0123554649
231.994628906	-131.831966458	-76.9989876195
232.040405273	-139.731312439	-77.0116868058
232.086181641	-131.168319527	-77.0386855958
232.131958008	-131.425225082	-77.018070647
232.177734375	-140.092443726	-77.0309642942
232.223510742	-130.589752411	-77.0531046268
232.269287109	-142.466047558	-77.0490188508
232.315063477	-132.565511698	-77.0403808899
232.360839844	-141.107531695	-77.0583292764
232.406616211	-136.289797795	-77.0659315467
232.452392578	-130.399702189	-77.0756120521
232.498168945	-132.708456095	-77.0936941411
232.543945312	-140.224459916	-77.0835323672
232.58972168	-135.96580976	-77.0879349684
232.635498047	-136.093722694	-77.0976466978
232.681274414	-134.712606946	-77.1143021168
232.727050781	-137.151187286	-77.1121000503
232.772827148	-135.968513886	-77.1080742962
232.818603516	-135.12314501	-77.1129978683
232.864379883	-142.350434075	-77.1329326201
232.91015625	-130.253485595	-77.1513580905
232.955932617	-138.248085161	-77.1375781183
233.001708984	-134.742886841	-77.1572506362
233.047485352	-138.620773489	-77.1475371211
233.093261719	-146.108772536	-77.1607222385
233.139038086	-136.057763297	-77.1739461545
233.184814453	-131.420627347	-77.1578981998
233.23059082	-130.945732419	-77.1687998597
233.276367188	-133.222172835	-77.1965237961
233.322143555	-133.468301634	-77.1984631208
233.367919922	-133.015737685	-77.2022403708
233.413696289	-136.004269193	-77.1994539236
233.459472656	-141.205365762	-77.2061303024
233.505249023	-140.730638241	-77.2166593793
233.551025391	-145.021308211	-77.2212248483
233.596801758	-137.879259375	-77.2326606137
233.642578125	-141.588209762	-77.2360912626
233.688354492	-143.766466725	-77.2331102588
233.734130859	-144.29746716	-77.2393777225
233.779907227	-140.206592771	-77.2438999219
233.825683594	-139.733099422	-77.260886845
233.871459961	-151.282486315	-77.2594683241
233.917236328	-136.069100127	-77.257241881
233.963012695	-149.476967969	-77.2710628093
234.008789062	-136.844584377	-77.2827320306
234.05456543	-135.51662063	-77.2745362636
234.100341797	-138.085257758	-77.2895202696
234.146118164	-135.081197198	-77.297987149
234.191894531	-140.212380404	-77.3052508043
234.237670898	-136.755772099	-77.3006995982
234.283447266	-142.004704124	-77.3169116973
234.329223633	-134.986698497	-77.3275311909
234.375	-133.812667611	-77.3381578023
234.420776367	-146.221165133	-77.3306016361
234.466552734	-140.021534719	-77.3333007242
234.512329102	-132.50519179	-77.352827102
234.558105469	-143.516018022	-77.3536498823
234.603881836	-135.126826643	-77.3462704053
234.649658203	-147.046016954	-77.3610971396
234.69543457	-146.095209581	-77.3711158828
234.741210938	-135.593589219	-77.3825849497
234.786987305	-134.867422098	-77.3868829658
234.832763672	-136.763491516	-77.3957386418
234.878540039	-143.431583406	-77.3956641569
234.924316406	-139.716976114	-77.3984624246
234.970092773	-134.355585966	-77.4098900367
235.015869141	-153.479322546	-77.4101714378
235.061645508	-132.924261989	-77.4139382549
235.107421875	-132.281307356	-77.4190810275
235.153198242	-130.816154465	-77.4383694588
235.198974609	-136.99257251	-77.4282061434
235.244750977	-155.528309317	-77.4399119786
235.290527344	-130.193010106	-77.4331148659
235.336303711	-142.076911024	-77.447633387
235.382080078	-138.691529146	-77.4596696077
235.427856445	-149.730416682	-77.4611972571
235.473632812	-138.063140805	-77.4754066474
235.51940918	-141.688871131	-77.4767054506
235.565185547	-136.09449746	-77.4897814775
235.610961914	-136.766984314	-77.4771660145
235.656738281	-128.591496873	-77.516576319
235.702514648	-135.067200353	-77.4880126155
235.748291016	-143.446727931	-77.5038449108
235.794067383	-132.452767057	-77.504435626
235.83984375	-135.335818497	-77.5267815782
235.885620117	-136.862948494	-77.5124954199
235.931396484	-132.233298144	-77.5433790426
235.977172852	-144.102587482	-77.5356846896
236.022949219	-131.980491596	-77.5480016955
236.068725586	-129.502873765	-77.5510581755
236.114501953	-139.060239747	-77.5577315617
236.16027832	-132.153295962	-77.5513145987
236.206054688	-134.537293016	-77.5657272199
236.251831055	-138.325537437	-77.5603142906
236.297607422	-142.124384819	-77.5791761189
236.343383789	-136.437183211	-77.5747842863
236.389160156	-137.822594967	-77.579616488
236.434936523	-131.982264282	-77.600421758
236.480712891	-142.472362503	-77.6009230898
236.526489258	-134.147847525	-77.5905941647
236.572265625	-134.673622596	-77.608696724
236.618041992	-152.278816288	-77.6153887782
236.663818359	-129.349491633	-77.6029582318
236.709594727	-135.243011262	-77.6311378885
236.755371094	-136.530625048	-77.6417490982
236.801147461	-133.864135099	-77.648703207
236.846923828	-133.34461461	-77.6519154106
236.892700195	-147.400933394	-77.647467767
236.938476562	-136.249301911	-77.6545740591
236.98425293	-135.723986802	-77.6624654964
237.030029297	-138.073621621	-77.6684388012
237.075805664	-133.125926661	-77.6576125379
237.121582031	-132.850426067	-77.6927065437
237.167358398	-135.023446252	-77.672703589
237.213134766	-146.664465403	-77.6870403089
237.258911133	-128.685790727	-77.7026433258
237.3046875	-140.837096131	-77.6998036526
237.350463867	-135.005343513	-77.700401064
237.396240234	-141.42891393	-77.7115430189
237.442016602	-137.226649954	-77.7191325089
237.487792969	-135.811130297	-77.7231087202
237.533569336	-136.658467428	-77.7353583504
237.579345703	-134.126329163	-77.7369594225
237.62512207	-135.961403973	-77.7514993422
237.670898438	-135.250812011	-77.7366242288
237.716674805	-133.963391901	-77.7527668008
237.762451172	-135.475496162	-77.7475864417
237.808227539	-141.938635699	-77.7637076719
237.854003906	-136.827944224	-77.760663647
237.899780273	-127.667603736	-77.7622138673
237.945556641	-133.053872883	-77.7679604596
237.991333008	-136.06383721	-77.7773098853
238.037109375	-137.780582402	-77.7966678002
238.082885742	-140.308477997	-77.7923688866
238.128662109	-145.157708277	-77.8015275979
238.174438477	-136.229440559	-77.8124431383
238.220214844	-134.829033637	-77.8250396118
238.265991211	-127.617905287	-77.8478684122
238.311767578	-133.95963451	-77.816233195
238.357543945	-132.44681864	-77.821040717
238.403320312	-137.312810165	-77.8390555615
238.44909668	-134.471530467	-77.8494989944
238.494873047	-138.667934213	-77.8496131659
238.540649414	-135.711390305	-77.8431052711
238.586425781	-136.09974204	-77.8693004317
238.632202148	-134.085049232	-77.8546243662
238.677978516	-146.221871608	-77.8738962991
238.723754883	-140.467829223	-77.8824686913
238.76953125	-133.831446117	-77.8692896602
238.815307617	-136.102985146	-77.8980808933
238.861083984	-138.907186902	-77.8911393953
238.906860352	-129.053707717	-77.9154479516
238.952636719	-141.999011877	-77.9098736189
238.998413086	-132.447034891	-77.9061070136
239.044189453	-142.423715188	-77.9140527983
239.08996582	-139.595408935	-77.9143434486
239.135742188	-139.215164307	-77.9245284812
239.181518555	-132.057911872	-77.9206938002
239.227294922	-141.562277978	-77.9426900361
239.273071289	-144.861884485	-77.9403297711
239.318847656	-135.941487034	-77.9418948586
239.364624023	-133.786867413	-77.9492658148
239.410400391	-138.784255035	-77.9549849086
239.456176758	-134.344786126	-77.952996237
239.501953125	-144.591096183	-77.9731999277
239.547729492	-158.203897102	-77.9764384991
239.593505859	-127.081335565	-77.962678082
239.639282227	-132.268164941	-77.9867824153
239.685058594	-145.116460236	-77.9956875413
239.730834961	-139.282506706	-78.0062345401
239.776611328	-142.9935506	-78.0098212488
239.822387695	-128.999215513	-78.0115609659
239.868164062	-145.846964139	-78.016110063
239.91394043	-147.22299393	-78.0193181359
239.959716797	-138.499022654	-78.0231126047
240.005493164	-145.494684303	-78.0350149164
240.051269531	-137.553910461	-78.04099374
240.097045898	-132.388521168	-78.0272135195
240.142822266	-137.569367266	-78.0448923106
240.188598633	-131.736142894	-78.0586919085
240.234375	-138.546214483	-78.0523431558
240.280151367	-131.736000388	-78.0685944696
240.325927734	-144.761220643	-78.0675798044
240.371704102	-131.894056416	-78.0881533563
240.417480469	-130.613744092	-78.1026249604
240.463256836	-131.598048014	-78.0785943585
240.509033203	-140.778609199	-78.0888615048
240.55480957	-135.656674499	-78.102112352
240.600585938	-137.375529946	-78.1091562479
240.646362305	-137.393613238	-78.1018857736
240.692138672	-133.540912497	-78.1245240335
240.737915039	-127.814889521	-78.1118846966
240.783691406	-140.109517865	-78.1314566668
240.829467773	-131.333441233	-78.1431502387
240.875244141	-134.231446793	-78.1501527689
240.921020508	-136.531130135	-78.1321102841
240.966796875	-131.385006573	-78.1323503279
241.012573242	-136.787339862	-78.1497946437
241.058349609	-132.850421341	-78.1746383142
241.104125977	-140.577283397	-78.1706989619
241.149902344	-142.375427059	-78.1702560966
241.195678711	-128.764247804	-78.1942685079
241.241455078	-138.557076934	-78.1841469572
241.287231445	-141.204849204	-78.1903567388
241.333007812	-133.624385306	-78.1899170687
241.37878418	-136.938819558	-78.1974528568
241.424560547	-142.96876236	-78.1980189726
241.470336914	-129.286324529	-78.1880277729
241.516113281	-137.637002087	-78.2215850805
241.561889648	-141.499203847	-78.2207132315
241.607666016	-133.425267509	-78.2286408499
241.653442383	-136.258377984	-78.2185252648
241.69921875	-136.838081236	-78.2389751666
241.744995117	-137.653047217	-78.2422573085
241.790771484	-139.323529558	-78.239684125
241.836547852	-133.253998877	-78.2613368452
241.882324219	-132.39547438	-78.2395506173
241.928100586	-144.411961405	-78.2652163518
241.973876953	-134.586063658	-78.2582970262
242.01965332	-142.07556404	-78.2764969803
242.065429688	-139.863837618	-78.2762934335
242.111206055	-138.798653765	-78.2763719939
242.156982422	-141.144051439	-78.2838091031
242.202758789	-131.550221048	-78.2886635996
242.248535156	-133.178193323	-78.2907466848
242.294311523	-145.046808713	-78.3087814991
242.340087891	-139.855613027	-78.3160046219
242.385864258	-135.666879684	-78.3217487606
242.431640625	-144.723407619	-78.3193419965
242.477416992	-130.995076068	-78.3081489663
242.523193359	-141.710273221	-78.3267920562
242.568969727	-137.234089348	-78.3392286795
242.614746094	-134.989074572	-78.3306528156
242.660522461	-134.95032274	-78.3354326544
242.706298828	-134.958314944	-78.3440666856
242.752075195	-135.665324402	-78.3582792641
242.797851562	-133.113675316	-78.3664720845
242.84362793	-133.05927389	-78.3824519784
242.889404297	-133.757350972	-78.3807274891
242.935180664	-137.413306924	-78.3845924127
242.980957031	-130.932728203	-78.4035859844
243.026733398	-136.062512764	-78.3937751157
243.072509766	-140.633338586	-78.3898304361
243.118286133	-137.240919044	-78.4066062097
243.1640625	-136.470816095	-78.3964859036
243.209838867	-155.998199503	-78.4112449195
243.255615234	-135.666617866	-78.4168367542
243.301391602	-135.131540353	-78.4277331675
243.347167969	-132.464599519	-78.4239996989
243.392944336	-136.967041055	-78.4280626557
243.438720703	-139.735523705	-78.4333624239
243.48449707	-136.94937862	-78.4371488131
243.530273438	-133.872541122	-78.4613107453
243.576049805	-131.752661804	-78.4356293463
243.621826172	-136.404711975	-78.4489367215
243.667602539	-132.078820366	-78.4824521362
243.713378906	-135.282393035	-78.4660719402
243.759155273	-134.016461282	-78.4822388757
243.804931641	-132.521183169	-78.4744639396
243.850708008	-135.861732827	-78.4852110458
243.896484375	-128.388573331	-78.4752587872
243.942260742	-145.720514042	-78.498611226
243.988037109	-136.747346945	-78.4925757867
244.033813477	-136.968069268	-78.5012143457
244.079589844	-138.208524142	-78.5085909597
244.125366211	-145.908105711	-78.5204149643
244.171142578	-135.712723599	-78.5249288783
244.216918945	-132.664920954	-78.5421773956
244.262695312	-132.511544105	-78.545767723
244.30847168	-143.789861375	-78.5409343231
244.354248047	-136.130775283	-78.5344673598
244.400024414	-131.636127911	-78.5438732334
244.445800781	-149.350754602	-78.5521224681
244.491577148	-135.381562872	-78.57056585
244.537353516	-133.36752396	-78.5634947538
244.583129883	-134.697465022	-78.5749103405
244.62890625	-135.235453151	-78.5641141678
244.674682617	-134.005276064	-78.5652532816
244.720458984	-136.990016382	-78.5823292052
244.766235352	-130.715051688	-78.5772855466
244.812011719	-145.967558221	-78.5972359308
244.857788086	-142.582018303	-78.6040014817
244.903564453	-132.268260232	-78.6128304649
244.94934082	-131.784227728	-78.628323092
244.995117188	-136.283557494	-78.6091706038
245.040893555	-148.152117245	-78.6239055612
245.086669922	-142.48174326	-78.6302558347
245.132446289	-140.055676007	-78.6271190891
245.178222656	-137.20847404	-78.6455643916
245.223999023	-130.720047005	-78.6451004728
245.269775391	-141.411531139	-78.6493257291
245.315551758	-137.435729363	-78.6423197206
245.361328125	-133.354571138	-78.6444764643
245.407104492	-133.717489682	-78.6501425454
245.452880859	-131.872754907	-78.6861199779
245.498657227	-134.628074589	-78.6843381727
245.544433594	-137.73749449	-78.6788713146
245.590209961	-128.903838446	-78.6869801901
245.635986328	-132.991857258	-78.6961718758
245.681762695	-140.711202676	-78.6985591373
245.727539062	-142.235510948	-78.7002998125
245.77331543	-143.944759885	-78.7004021049
245.819091797	-129.329678437	-78.7319616986
245.864868164	-130.810433153	-78.7021849694
245.910644531	-142.063213437	-78.7172720357
245.956420898	-136.045622082	-78.7220154002
246.002197266	-129.856115636	-78.7112117491
246.047973633	-136.125469924	-78.7349024068
246.09375	-130.700602513	-78.7401963645
246.139526367	-135.450359465	-78.7563116663
246.185302734	-135.605646076	-78.7380451911
246.231079102	-134.181921921	-78.7441679714
246.276855469	-131.144152527	-78.740982408
246.322631836	-131.395541826	-78.7482989092
246.368408203	-135.534236789	-78.7771706541
246.41418457	-134.72504649	-78.7628695897
246.459960938	-134.45404078	-78.7915464489
246.505737305	-133.944448424	-78.7703854688
246.551513672	-137.165138043	-78.8008230709
246.597290039	-143.888619109	-78.7937600982
246.643066406	-136.846223426	-78.7985013361
246.688842773	-146.248506984	-78.8089320982
246.734619141	-143.231424493	-78.8100681288
246.780395508	-134.176517632	-78.8043417747
246.826171875	-131.587334022	-78.8403840548
246.871948242	-129.31407881	-78.8520176354
246.917724609	-131.621139904	-78.8293055066
246.963500977	-135.930656741	-78.8366893996
247.009277344	-132.950487102	-78.8278362237
247.055053711	-142.241109193	-78.8523069985
247.100830078	-131.959509389	-78.8675363122
247.146606445	-133.881392802	-78.8629160881
247.192382812	-139.579392392	-78.8537309396
247.23815918	-160.748177525	-78.8659696046
247.283935547	-132.740459971	-78.8581859661
247.329711914	-139.017950523	-78.8704110389
247.375488281	-138.670566283	-78.8743555183
247.421264648	-133.771194175	-78.8733617578
247.467041016	-135.235760025	-78.8791431618
247.512817383	-139.297824444	-78.8922794138
247.55859375	-142.391299912	-78.8965783023
247.604370117	-133.616702419	-78.9216906218
247.650146484	-137.493433544	-78.9036193632
247.695922852	-140.521055353	-78.9240710704
247.741699219	-138.379174286	-78.9179174528
247.787475586	-132.529632718	-78.9282422939
247.833251953	-138.335826944	-78.9388589932
247.87902832	-139.386879498	-78.9439479884
247.924804688	-143.00780413	-78.9474837712
247.970581055	-131.036777621	-78.9385681307
248.016357422	-139.41252184	-78.9602658265
248.062133789	-149.041972883	-78.9543706376
248.107910156	-139.04169093	-78.9672939786
248.153686523	-143.928357872	-78.9682447713
248.199462891	-140.96509827	-78.9773775885
248.245239258	-136.248515986	-78.9653760289
248.291015625	-135.621721388	-78.971820162
248.336791992	-139.765954741	-78.9904477407
248.382568359	-139.361084955	-78.983697191
248.428344727	-141.64113096	-79.0031831848
248.474121094	-133.188997145	-79.0165590721
248.519897461	-136.838791304	-79.0060359266
248.565673828	-145.80052435	-79.0094889733
248.611450195	-137.371115812	-79.0175283323
248.657226562	-137.765258538	-79.0128179605
248.70300293	-128.421305402	-79.0147510721
248.748779297	-153.312209864	-79.0332739249
248.794555664	-132.114968963	-79.0417794313
248.840332031	-148.597955507	-79.04406464
248.886108398	-136.715745482	-79.0359736602
248.931884766	-140.513342997	-79.0442069915
248.977661133	-150.167740048	-79.0556855169
249.0234375	-140.749109519	-79.0573405338
249.069213867	-159.351063873	-79.065596339
249.114990234	-138.626686366	-79.06294338
249.160766602	-138.642977935	-79.0751068015
249.206542969	-136.456050955	-79.0709246108
249.252319336	-132.169223018	-79.0870022491
249.298095703	-150.431105982	-79.0907579684
249.34387207	-135.887700231	-79.1070101009
249.389648438	-138.576434895	-79.1085425448
249.435424805	-135.698966531	-79.0970961115
249.481201172	-136.083699961	-79.1104780383
249.526977539	-132.18912849	-79.1100743378
249.572753906	-127.73119046	-79.1098987922
249.618530273	-135.871848822	-79.1296443006
249.664306641	-134.978470291	-79.132604261
249.710083008	-142.913018495	-79.1407333738
249.755859375	-143.223862224	-79.1417743052
249.801635742	-135.274259895	-79.1417046902
249.847412109	-142.530047139	-79.1483795674
249.893188477	-138.080851007	-79.1582634071
249.938964844	-137.178763661	-79.150182844
249.984741211	-136.719097686	-79.1659655203
250.030517578	-131.990710279	-79.1515219128
250.076293945	-140.596925287	-79.1691238043
250.122070312	-137.066795087	-79.1889122115
250.16784668	-143.025430123	-79.1871982906
250.213623047	-134.318669827	-79.1901330345
250.259399414	-133.053841987	-79.1811009621
250.305175781	-132.060072956	-79.2006646609
250.350952148	-133.558339785	-79.1885317902
250.396728516	-134.684687621	-79.2077075844
250.442504883	-137.223828959	-79.2226768326
250.48828125	-132.843938886	-79.2001366959
250.534057617	-141.629200193	-79.220571353
250.579833984	-134.464176534	-79.2144554965
250.625610352	-136.261077536	-79.222446415
250.671386719	-132.687014815	-79.2202909232
250.717163086	-134.811217127	-79.2507691196
250.762939453	-140.600342049	-79.24454421
250.80871582	-137.311824385	-79.2413100554
250.854492188	-128.186375629	-79.2632890477
250.900268555	-140.283119237	-79.2627525656
250.946044922	-147.04697671	-79.2695792152
250.991821289	-139.248160802	-79.2646894394
251.037597656	-147.08243018	-79.2757795603
251.083374023	-139.208195831	-79.2759023888
251.129150391	-131.473452711	-79.269065069
251.174926758	-136.289807165	-79.2886359671
251.220703125	-135.532068631	-79.3046827464
251.266479492	-133.673092585	-79.314995508
251.312255859	-132.713179556	-79.3016101637
251.358032227	-140.83614058	-79.3164989223
251.403808594	-132.47269808	-79.3339483376
251.449584961	-142.415520802	-79.3207562455
251.495361328	-131.0470302	-79.3143937696
251.541137695	-139.476317311	-79.3359501482
251.586914062	-134.766569873	-79.3194751184
251.63269043	-135.048461475	-79.328717879
251.678466797	-138.014873635	-79.3335570963
251.724243164	-141.401163438	-79.352409961
251.770019531	-141.463980636	-79.3466004725
251.815795898	-138.929035595	-79.3637407963
251.861572266	-136.145826014	-79.3502516575
251.907348633	-132.523688745	-79.3485309547
251.953125	-134.214464737	-79.3855128588
251.998901367	-142.056982109	-79.3833572616
252.044677734	-142.525673008	-79.3879238017
252.090454102	-136.942759447	-79.3820679561
252.136230469	-133.439536665	-79.3751155347
252.182006836	-136.837264212	-79.4071476437
252.227783203	-131.471270462	-79.380048205
252.27355957	-134.654997112	-79.4179548167
252.319335938	-138.602199155	-79.4131957461
252.365112305	-136.544085938	-79.4174150768
252.410888672	-135.175054792	-79.4271895638
252.456665039	-137.611183811	-79.4282231729
252.502441406	-140.174050371	-79.4314292023
252.548217773	-130.000659138	-79.4571660734
252.593994141	-131.272139357	-79.4612628748
252.639770508	-141.066815678	-79.4477868064
252.685546875	-145.363398968	-79.4507930868
252.731323242	-136.519423373	-79.4428630202
252.777099609	-132.851428154	-79.4747380276
252.822875977	-147.192155952	-79.4618895545
252.868652344	-131.195132075	-79.4541062753
252.914428711	-136.741835701	-79.4833272599
252.960205078	-137.9626841	-79.4872241075
253.005981445	-138.487684856	-79.473071365
253.051757812	-137.704235302	-79.4768523445
253.09753418	-132.830585929	-79.4727851807
253.143310547	-148.830608235	-79.4950200553
253.189086914	-137.06208683	-79.5029412328
253.234863281	-136.298917269	-79.4948041128
253.280639648	-133.418980338	-79.5165264139
253.326416016	-141.615374556	-79.5161431508
253.372192383	-139.591166949	-79.5108381641
253.41796875	-142.358795831	-79.5198671482
253.463745117	-134.249491043	-79.5431735562
253.509521484	-134.188865834	-79.5289511951
253.555297852	-136.873733582	-79.5498119871
253.601074219	-134.594606371	-79.5387035032
253.646850586	-130.672655603	-79.5704367892
253.692626953	-131.332108434	-79.5299797924
253.73840332	-141.612332879	-79.5517343849
253.784179688	-137.785012069	-79.5670106852
253.829956055	-151.786845259	-79.5672736733
253.875732422	-147.505933496	-79.5678072527
253.921508789	-136.944379991	-79.5810890323
253.967285156	-141.135348439	-79.5860236699
254.013061523	-152.549368379	-79.5831150185
254.058837891	-139.454805689	-79.5888724141
254.104614258	-136.872701957	-79.6047728698
254.150390625	-142.793983662	-79.5942046716
254.196166992	-137.024762589	-79.5956497968
254.241943359	-135.127393224	-79.6071184951
254.287719727	-141.262817114	-79.6061135994
254.333496094	-132.921652608	-79.6356497817
254.379272461	-138.871893701	-79.6163339749
254.425048828	-140.932777113	-79.6228045185
254.470825195	-131.26193196	-79.6542458025
254.516601562	-142.621751294	-79.6402377365
254.56237793	-133.802028768	-79.6265901137
254.608154297	-136.015895477	-79.6585240917
254.653930664	-137.342451229	-79.6433800595
254.699707031	-139.308097376	-79.6586847425
254.745483398	-145.575292989	-79.6618696165
254.791259766	-139.961514298	-79.6720185818
254.837036133	-134.554383022	-79.6541444765
254.8828125	-143.346948526	-79.6788576079
254.928588867	-139.429313276	-79.6727517908
254.974365234	-135.871965989	-79.687521634
255.020141602	-136.102526401	-79.6854764076
255.065917969	-142.702573721	-79.6864726215
255.111694336	-135.923976715	-79.7092387191
255.157470703	-135.398679004	-79.7127593336
255.20324707	-133.414067464	-79.7209668104
255.249023438	-137.876368979	-79.7051649253
255.294799805	-138.588300135	-79.7191861679
255.340576172	-142.871740061	-79.725318313
255.386352539	-142.308762621	-79.72973436
255.432128906	-136.149384603	-79.7161133352
255.477905273	-133.257425539	-79.7252520405
255.523681641	-130.325616515	-79.7328006546
255.569458008	-131.12173802	-79.7270993141
255.615234375	-131.232380307	-79.7640086716
255.661010742	-135.711206856	-79.7607097778
255.706787109	-136.324623357	-79.7675971029
255.752563477	-129.4750369	-79.7328142333
255.798339844	-135.193409019	-79.7570328916
255.844116211	-140.80678494	-79.7621620933
255.889892578	-130.948156507	-79.7974363436
255.935668945	-134.478462217	-79.7630397752
255.981445312	-143.660700445	-79.7781467582
256.02722168	-142.166576033	-79.7946164094
256.072998047	-138.028002527	-79.7830885503
256.118774414	-145.000876202	-79.8018963153
256.164550781	-134.81701884	-79.7950688901
256.210327148	-136.49471466	-79.7936943624
256.256103516	-132.401700313	-79.8015355087
256.301879883	-145.652537266	-79.81491045
256.34765625	-140.897245864	-79.8139403603
256.393432617	-139.175717851	-79.8274965698
256.439208984	-133.716266817	-79.8211990485
256.484985352	-141.130709431	-79.8395300011
256.530761719	-128.070173866	-79.8714006925
256.576538086	-148.247696271	-79.8457916561
256.622314453	-136.958982734	-79.8356942333
256.66809082	-135.154570293	-79.8563559649
256.713867188	-147.738879149	-79.853935247
256.759643555	-132.682260637	-79.8413688342
256.805419922	-133.104031069	-79.86755262
256.851196289	-139.088986901	-79.8649307165
256.896972656	-134.948276827	-79.8795758618
256.942749023	-142.012874768	-79.8791239325
256.988525391	-132.213620748	-79.8801493398
257.034301758	-130.234853736	-79.8976655723
257.080078125	-136.124509456	-79.9055183334
257.125854492	-133.805927457	-79.8857578115
257.171630859	-144.473838639	-79.905092751
257.217407227	-134.245162887	-79.8915338203
257.263183594	-130.078151214	-79.8853016452
257.308959961	-132.628473177	-79.8956113883
257.354736328	-151.422220285	-79.9173492083
257.400512695	-153.523983026	-79.9252278146
257.446289062	-141.190213881	-79.93421453
257.49206543	-138.069104951	-79.9242440476
257.537841797	-139.010566805	-79.9398131015
257.583618164	-138.515760679	-79.9319004999
257.629394531	-133.579921358	-79.9621256753
257.675170898	-132.103937079	-79.9482300218
257.720947266	-138.985945086	-79.9491473997
257.766723633	-133.461793532	-79.9635687296
257.8125	-132.591603194	-79.9482917718
257.858276367	-137.326839503	-79.976855143
257.904052734	-137.644933621	-79.9652314303
257.949829102	-144.105788632	-79.9807595487
257.995605469	-134.538058378	-79.9821771488
258.041381836	-133.16731594	-79.9903378089
258.087158203	-136.577986334	-79.9937226948
258.13293457	-132.648916342	-80.0159223653
258.178710938	-138.131665902	-79.9978710478
258.224487305	-136.473546656	-79.9922799271
258.270263672	-142.876574555	-80.0141294274
258.316040039	-137.856956045	-80.0202824762
258.361816406	-138.006923187	-80.0213115603
258.407592773	-136.475328269	-80.0294077014
258.453369141	-132.014649835	-80.0061909543
258.499145508	-134.535916631	-80.0438729249
258.544921875	-145.484606937	-80.0403976791
258.590698242	-128.006746648	-80.073265038
258.636474609	-143.761331944	-80.0404060336
258.682250977	-137.288867249	-80.0402387751
258.728027344	-137.573798852	-80.0441092619
258.773803711	-133.299285204	-80.0479478823
258.819580078	-145.872597461	-80.0632126777
258.865356445	-138.386166754	-80.0565853204
258.911132812	-156.423286893	-80.0706985844
258.95690918	-140.55214453	-80.0793006423
259.002685547	-139.250367421	-80.0751597075
259.048461914	-134.254451113	-80.0714950901
259.094238281	-141.958698885	-80.094363325
259.140014648	-144.663660805	-80.0920167
259.185791016	-136.455877803	-80.0926307107
259.231567383	-136.09789585	-80.1043822319
259.27734375	-148.47937579	-80.1060819794
259.323120117	-134.820376574	-80.1066595565
259.368896484	-132.240367044	-80.1252395742
259.414672852	-132.205966159	-80.1313709914
259.460449219	-134.581115717	-80.1222503742
259.506225586	-137.662957418	-80.1300587783
259.552001953	-134.248033556	-80.1499180088
259.59777832	-135.081845597	-80.124952464
259.643554688	-137.216730001	-80.1304567159
259.689331055	-138.580083714	-80.1494655537
259.735107422	-133.139791723	-80.1391712121
259.780883789	-134.976508674	-80.1394023851
259.826660156	-134.806239795	-80.1731197622
259.872436523	-133.563796384	-80.1452998724
259.918212891	-140.588626492	-80.1646344889
259.963989258	-134.660131636	-80.1578448398
260.009765625	-137.499391906	-80.166544438
260.055541992	-136.533897796	-80.1876576025
260.101318359	-133.448575764	-80.1968377977
260.147094727	-139.617243982	-80.1859377532
260.192871094	-133.54167191	-80.1793349414
260.238647461	-145.34365094	-80.2030628389
260.284423828	-140.047216951	-80.1985470609
260.330200195	-132.922504519	-80.2091838256
260.375976562	-135.765653413	-80.1992847698
260.42175293	-131.80035272	-80.2391427924
260.467529297	-129.32692801	-80.1975293953
260.513305664	-140.487092263	-80.2173942489
260.559082031	-143.690048477	-80.2338285913
260.604858398	-138.077468133	-80.2448337592
260.650634766	-145.749175074	-80.2351989232
260.696411133	-128.325556393	-80.2169637615
260.7421875	-136.958799502	-80.2528400404
260.787963867	-136.351003456	-80.2468086644
260.833740234	-149.285518682	-80.2584692013
260.879516602	-144.916962954	-80.2588059699
260.925292969	-135.446198508	-80.260758425
260.971069336	-130.495273686	-80.2424121674
261.016845703	-131.184673824	-80.2905664324
261.06262207	-136.920825938	-80.2869121775
261.108398438	-144.077042845	-80.2785542646
261.154174805	-133.525144585	-80.3006295372
261.199951172	-135.893094609	-80.3035025675
261.245727539	-136.661974325	-80.290828835
261.291503906	-132.494563788	-80.2899905615
261.337280273	-130.736574468	-80.3287750184
261.383056641	-132.663941177	-80.287201451
261.428833008	-133.395713023	-80.3280789896
261.474609375	-142.540811172	-80.3211569196
261.520385742	-135.034153872	-80.305850879
261.566162109	-132.16847718	-80.3302807927
261.611938477	-136.381522286	-80.3293973988
261.657714844	-138.602101367	-80.3411523483
261.703491211	-150.052668437	-80.3347150844
261.749267578	-140.795418894	-80.3472408881
261.795043945	-134.632320529	-80.3625779836
261.840820312	-143.689875997	-80.3477517636
261.88659668	-135.207096979	-80.3393993565
261.932373047	-136.835370253	-80.3495163823
261.978149414	-134.583591439	-80.3645482658
262.023925781	-132.555501414	-80.3470956298
262.069702148	-135.233424087	-80.3788902842
262.115478516	-137.263143106	-80.3641274526
262.161254883	-141.842606842	-80.3792737331
262.20703125	-132.640638979	-80.376323109
262.252807617	-131.465277129	-80.4131497923
262.298583984	-132.824888111	-80.3887823153
262.344360352	-140.748722435	-80.3901422721
262.390136719	-138.981579567	-80.4047799427
262.435913086	-142.611020818	-80.4098019262
262.481689453	-135.384623336	-80.4186428783
262.52746582	-144.133176438	-80.4201890114
262.573242188	-139.896822307	-80.4234523259
262.619018555	-136.029825394	-80.4370376986
262.664794922	-147.140112476	-80.4234881802
262.710571289	-136.99592565	-80.4297752589
262.756347656	-130.614011337	-80.4366141725
262.802124023	-140.898973481	-80.4467295149
262.847900391	-137.630742497	-80.4503814298
262.893676758	-143.294342827	-80.4434561656
262.939453125	-135.390981555	-80.4495753652
262.985229492	-130.345601309	-80.4458543803
263.031005859	-135.020868051	-80.4687227383
263.076782227	-132.238844915	-80.4551436721
263.122558594	-140.661693217	-80.4627817102
263.168334961	-136.218964942	-80.4607950948
263.214111328	-133.491529943	-80.4756772689
263.259887695	-129.727620794	-80.511694357
263.305664062	-139.697231813	-80.4902074179
263.35144043	-136.89354452	-80.4882110746
263.397216797	-135.62763446	-80.4838887533
263.442993164	-142.286855559	-80.4992254751
263.488769531	-141.065396249	-80.5106297092
263.534545898	-129.812886912	-80.496428812
263.580322266	-132.633263482	-80.520915664
263.626098633	-136.090694376	-80.5073357261
263.671875	-154.569651143	-80.5222285499
263.717651367	-140.200276683	-80.5270131331
263.763427734	-139.433888478	-80.5253763424
263.809204102	-140.614755429	-80.5247068033
263.854980469	-130.000961971	-80.5405504926
263.900756836	-135.073568662	-80.5292183065
263.946533203	-134.712614532	-80.5324827603
263.99230957	-134.803226351	-80.5411737122
264.038085938	-135.656600174	-80.5511106636
264.083862305	-133.792668866	-80.5540270361
264.129638672	-138.945637073	-80.5545415085
264.175415039	-147.613219738	-80.5632132036
264.221191406	-135.453608029	-80.5857326398
264.266967773	-136.084957921	-80.5825032422
264.312744141	-142.812043158	-80.572803409
264.358520508	-150.149754315	-80.5847340133
264.404296875	-136.802804608	-80.6005991716
264.450073242	-135.204933292	-80.6035665047
264.495849609	-132.461846062	-80.6008791116
264.541625977	-137.360687693	-80.5981069618
264.587402344	-150.694159489	-80.6071544622
264.633178711	-136.87781284	-80.6197804301
264.678955078	-140.804505406	-80.6167497607
264.724731445	-134.210740381	-80.6215968993
264.770507812	-133.401532439	-80.6320559062
264.81628418	-141.575674142	-80.6276299413
264.862060547	-151.778504361	-80.6274626481
264.907836914	-140.588693424	-80.625157802
264.953613281	-139.583410829	-80.6348911618
264.999389648	-131.623724062	-80.6182231634
265.045166016	-130.640343075	-80.6241061579
265.090942383	-137.000747968	-80.6634646636
265.13671875	-138.704885599	-80.6561168558
265.182495117	-141.055165644	-80.6555941105
265.228271484	-135.567250464	-80.6589177844
265.274047852	-134.070730112	-80.683792575
265.319824219	-128.130397923	-80.6406868701
265.365600586	-129.799646011	-80.6449903802
265.411376953	-136.243813617	-80.6673373605
265.45715332	-137.550724691	-80.6764942837
265.502929688	-140.874204131	-80.6945784536
265.548706055	-134.81088009	-80.7089051435
265.594482422	-136.654527609	-80.7002002786
265.640258789	-138.54193204	-80.6925138721
265.686035156	-143.918693122	-80.7083881897
265.731811523	-133.412560567	-80.7036661268
265.777587891	-143.834705641	-80.7115681611
265.823364258	-134.275680466	-80.7141519784
265.869140625	-137.401897848	-80.7155384798
265.914916992	-126.819618027	-80.7135506737
265.960693359	-132.6323596	-80.743084824
266.006469727	-133.955436242	-80.7143363614
266.052246094	-135.609486218	-80.7445224084
266.098022461	-140.320929982	-80.7327405448
266.143798828	-135.628068045	-80.7496518844
266.189575195	-129.207839538	-80.7336412726
266.235351562	-140.543313852	-80.7611474869
266.28112793	-139.545333447	-80.7537302064
266.326904297	-144.043441318	-80.7561365126
266.372680664	-133.034796559	-80.775039034
266.418457031	-149.039681492	-80.7733944242
266.464233398	-148.180818534	-80.7714310718
266.510009766	-137.676059977	-80.785688205
266.555786133	-135.794984182	-80.7717048787
266.6015625	-134.406229471	-80.7697557323
266.647338867	-135.022170902	-80.8044386391
266.693115234	-153.48777015	-80.7931964678
266.738891602	-131.469753103	-80.7848328721
266.784667969	-136.494709935	-80.8009009049
266.830444336	-143.768969712	-80.8052398662
266.876220703	-135.561142727	-80.8000082688
266.92199707	-134.879375672	-80.8083693407
266.967773438	-135.675611455	-80.8347269051
267.013549805	-138.145560625	-80.8303616586
267.059326172	-138.513802378	-80.8265807231
267.105102539	-135.014522976	-80.8199118634
267.150878906	-138.625559956	-80.8247698663
267.196655273	-140.267511605	-80.831512777
267.242431641	-144.32581439	-80.8458885904
267.288208008	-141.041792676	-80.8456989062
267.333984375	-140.308784974	-80.8425519071
267.379760742	-138.365264644	-80.8478456619
267.425537109	-128.843180804	-80.8916467913
267.471313477	-133.314452006	-80.8544362549
267.517089844	-133.789547276	-80.8577050211
267.562866211	-134.981097955	-80.8550425969
267.608642578	-135.199388484	-80.8614082491
267.654418945	-135.189739911	-80.880353352
267.700195312	-136.780959543	-80.8759117865
267.74597168	-137.397402246	-80.893513154
267.791748047	-134.387817856	-80.8740569679
267.837524414	-132.477786694	-80.8965134
267.883300781	-137.195349332	-80.8881264905
267.929077148	-133.77798354	-80.9200229861
267.974853516	-133.988386937	-80.9018619532
268.020629883	-131.259680494	-80.8891931772
268.06640625	-142.77174694	-80.9138567277
268.112182617	-139.289469591	-80.9284910151
268.157958984	-133.030585761	-80.9276125103
268.203735352	-158.74387125	-80.9285748606
268.249511719	-135.067668456	-80.9189785379
268.295288086	-131.350337822	-80.9456267025
268.341064453	-136.099932098	-80.954716787
268.38684082	-136.526163287	-80.9339967014
268.432617188	-134.086505044	-80.9406632355
268.478393555	-133.45707901	-80.9481007104
268.524169922	-128.76050582	-80.9766065278
268.569946289	-143.091239046	-80.9676308415
268.615722656	-131.947114379	-80.9646353882
268.661499023	-134.125197821	-80.9515748549
268.707275391	-138.675372662	-80.9736331227
268.753051758	-133.00041222	-80.9624395826
268.798828125	-132.460740692	-80.9705008177
268.844604492	-143.394704847	-80.9914328319
268.890380859	-134.83447154	-81.0064061745
268.936157227	-134.732109784	-80.9859898771
268.981933594	-134.350424018	-80.983901599
269.027709961	-130.43660626	-81.0300003727
269.073486328	-140.686884229	-81.0060236844
269.119262695	-139.7813697	-81.0189367572
269.165039062	-137.190074613	-81.0027500624
269.21081543	-141.427405155	-81.0249898242
269.256591797	-148.169344134	-81.0246255187
269.302368164	-143.532656422	-81.0193399699
269.348144531	-135.683624347	-81.0414336893
269.393920898	-127.664225509	-81.0601395157
269.439697266	-133.319826691	-81.0579964666
269.485473633	-139.454079128	-81.0432177742
269.53125	-136.806191657	-81.0431820251
269.577026367	-135.302951742	-81.040396493
269.622802734	-131.752265275	-81.0770681379
269.668579102	-133.314046854	-81.0732583741
269.714355469	-133.250897161	-81.0819687531
269.760131836	-134.001013558	-81.0551113728
269.805908203	-138.980268173	-81.0729405558
269.85168457	-138.367858621	-81.0738818257
269.897460938	-145.411821198	-81.0766207401
269.943237305	-145.831021481	-81.079043022
269.989013672	-134.266692464	-81.0715550298
270.034790039	-133.099546402	-81.066888963
270.080566406	-138.656759161	-81.0901149264
270.126342773	-145.993286775	-81.0969669473
270.172119141	-136.485749809	-81.1106199814
270.217895508	-135.515201362	-81.088107362
270.263671875	-149.617953902	-81.1078805167
270.309448242	-141.142962321	-81.1153474529
270.355224609	-134.676441472	-81.1170681669
270.401000977	-139.239172665	-81.1098680371
270.446777344	-140.756879173	-81.1150376014
270.492553711	-134.811439257	-81.1405024734
270.538330078	-139.854278004	-81.1417346629
270.584106445	-132.635723788	-81.1148430398
270.629882812	-147.905958256	-81.141245569
270.67565918	-131.822004589	-81.1345380513
270.721435547	-129.756003562	-81.148625499
270.767211914	-142.9383518	-81.1466491775
270.812988281	-140.615349725	-81.1482606487
270.858764648	-135.946720067	-81.1549153995
270.904541016	-133.188676509	-81.1437126047
270.950317383	-143.039033144	-81.1730123562
270.99609375	-144.740521193	-81.1737275914
271.041870117	-132.9501584	-81.1920697875
271.087646484	-136.923044935	-81.1834390651
271.133422852	-131.097757422	-81.1838062331
271.179199219	-138.354298139	-81.1951598971
271.224975586	-131.66189632	-81.2168334202
271.270751953	-137.914022098	-81.1881962265
271.31652832	-139.260531811	-81.2071817688
271.362304688	-142.066497445	-81.1979132465
271.408081055	-135.134498416	-81.191627419
271.453857422	-131.421707689	-81.2368217117
271.499633789	-135.373444457	-81.2200187742
271.545410156	-137.185162928	-81.2130210548
271.591186523	-136.568853384	-81.2368957175
271.636962891	-142.775407217	-81.2206525876
271.682739258	-131.391288998	-81.2047223884
271.728515625	-139.155855427	-81.2414045434
271.774291992	-137.086510151	-81.2399898247
271.820068359	-137.12888308	-81.2308944392
271.865844727	-148.40915327	-81.2421746055
271.911621094	-131.549553479	-81.2699991695
271.957397461	-138.201576078	-81.2610068375
272.003173828	-133.476727467	-81.2777549228
272.048950195	-138.886689147	-81.2507718229
272.094726562	-147.234637202	-81.2678995759
272.14050293	-133.478022079	-81.2792269972
272.186279297	-138.251215726	-81.2723169321
272.232055664	-131.072399855	-81.2552495077
272.277832031	-133.266796332	-81.2622069438
272.323608398	-134.677288921	-81.3028370622
272.369384766	-143.268975146	-81.2890220139
272.415161133	-137.651035901	-81.3050266242
272.4609375	-135.244791139	-81.3123598667
272.506713867	-134.794823384	-81.3172922566
272.552490234	-143.499830499	-81.2972822188
272.598266602	-136.717196554	-81.3149695688
272.644042969	-135.854105152	-81.3195959238
272.689819336	-140.096870121	-81.3144114789
272.735595703	-135.930766664	-81.333370958
272.78137207	-137.585970822	-81.3325143665
272.827148438	-134.097886761	-81.3177846802
272.872924805	-135.128735527	-81.3193267172
272.918701172	-132.190732291	-81.317407614
272.964477539	-132.812239199	-81.3154484167
273.010253906	-130.803276372	-81.3310674822
273.056030273	-144.807335828	-81.3517660895
273.101806641	-145.944633211	-81.3527220716
273.147583008	-136.769585999	-81.3615295174
273.193359375	-137.417518692	-81.3498713687
273.239135742	-144.316662653	-81.3623064889
273.284912109	-145.733435322	-81.3618242384
273.330688477	-137.076165792	-81.3569952444
273.376464844	-138.206288222	-81.380132961
273.422241211	-143.090921377	-81.3698721846
273.468017578	-132.526756762	-81.3571198461
273.513793945	-130.282113467	-81.3675709381
273.559570312	-134.552303838	-81.3993087807
273.60534668	-135.384583987	-81.3971205752
273.651123047	-136.535682985	-81.3956239673
273.696899414	-140.150597612	-81.3986598756
273.742675781	-130.876983036	-81.3902012389
273.788452148	-149.966001814	-81.4097153656
273.834228516	-140.802106418	-81.4049227595
273.880004883	-135.260286561	-81.430801821
273.92578125	-139.153451337	-81.4154323538
273.971557617	-128.959751773	-81.4038013473
274.017333984	-146.931105094	-81.4286109346
274.063110352	-140.376264004	-81.439280601
274.108886719	-133.45920834	-81.4449257897
274.154663086	-129.63513546	-81.4691820578
274.200439453	-130.507715257	-81.4720099128
274.24621582	-137.397355055	-81.4459273772
274.291992188	-139.55829954	-81.459179456
274.337768555	-133.316702715	-81.43731241
274.383544922	-140.370652396	-81.4473876119
274.429321289	-143.398241606	-81.4577946901
274.475097656	-138.877639407	-81.4752765905
274.520874023	-146.257319911	-81.46803386
274.566650391	-139.408724143	-81.467721305
274.612426758	-139.495298928	-81.4674869073
274.658203125	-139.17714312	-81.4776543579
274.703979492	-141.797682931	-81.4876765006
274.749755859	-134.736457722	-81.4936789481
274.795532227	-137.988792164	-81.4998943388
274.841308594	-149.243630303	-81.4976534993
274.887084961	-140.917806228	-81.4979942866
274.932861328	-133.596188468	-81.5239640229
274.978637695	-133.311163739	-81.5213062786
275.024414062	-137.233547335	-81.5077219151
275.07019043	-143.964721143	-81.5076911317
275.115966797	-134.962671265	-81.5161132091
275.161743164	-138.359531291	-81.5311564587
275.207519531	-134.910620665	-81.5119249085
275.253295898	-143.638496138	-81.5253946238
275.299072266	-132.553269485	-81.5106809457
275.344848633	-132.840679427	-81.5476887704
275.390625	-142.478204355	-81.5371581127
275.436401367	-136.569018018	-81.5315348479
275.482177734	-143.575077266	-81.5536619204
275.527954102	-137.013240399	-81.5410138756
275.573730469	-135.71619136	-81.5388242218
275.619506836	-137.772057149	-81.5561195162
275.665283203	-141.15509744	-81.5567678786
275.71105957	-129.856042541	-81.5354837084
275.756835938	-139.491891968	-81.5813323918
275.802612305	-139.874986209	-81.5808507859
275.848388672	-133.161810552	-81.600736311
275.894165039	-133.069889318	-81.5607012389
275.939941406	-138.713189581	-81.5975410977
275.985717773	-136.727591011	-81.6012021805
276.031494141	-139.385405804	-81.5819803989
276.077270508	-136.746590443	-81.585931682
276.123046875	-135.672319069	-81.6019418963
276.168823242	-137.191381666	-81.6186233409
276.214599609	-135.158956449	-81.5944712576
276.260375977	-135.460285019	-81.6010996603
276.306152344	-131.22914051	-81.6356319243
276.351928711	-138.343816165	-81.6104775877
276.397705078	-138.618079775	-81.6119786485
276.443481445	-138.810279818	-81.6387401443
276.489257812	-138.026811719	-81.6434162607
276.53503418	-133.520741285	-81.6125075603
276.580810547	-133.780675199	-81.6352957185
276.626586914	-141.433988374	-81.638004523
276.672363281	-146.209489043	-81.650510774
276.718139648	-131.758957618	-81.6706291465
276.763916016	-133.635692478	-81.6320739622
276.809692383	-140.632101964	-81.6469792835
276.85546875	-144.82910701	-81.6559160835
276.901245117	-136.789255164	-81.6554051941
276.947021484	-144.708149901	-81.672207855
276.992797852	-129.814916331	-81.6380511864
277.038574219	-133.618776425	-81.6925622498
277.084350586	-136.833321627	-81.6802264389
277.130126953	-135.602502956	-81.6910797248
277.17590332	-132.741826483	-81.6958044793
277.221679688	-136.340696547	-81.6990674725
277.267456055	-138.852018979	-81.6817396566
277.313232422	-151.115796731	-81.6997598155
277.359008789	-135.170951935	-81.7117954432
277.404785156	-130.414577956	-81.673721504
277.450561523	-140.575811741	-81.7020354473
277.496337891	-132.318331202	-81.7143344952
277.542114258	-132.762753906	-81.6944078513
277.587890625	-132.69083308	-81.713406273
277.633666992	-137.02517181	-81.7172375982
277.679443359	-138.765729686	-81.7356331558
277.725219727	-138.650683567	-81.7429970927
277.770996094	-144.494064	-81.7373548817
277.816772461	-136.811117914	-81.7502125828
277.862548828	-129.722639744	-81.77396437
277.908325195	-138.958030109	-81.7572298824
277.954101562	-131.027671409	-81.7727567718
277.99987793	-154.949980307	-81.7547019536
278.045654297	-133.854506925	-81.7718774677
278.091430664	-130.528598893	-81.7829297771
278.137207031	-146.234259301	-81.763409597
278.182983398	-145.256819197	-81.7624953127
278.228759766	-143.074676234	-81.7639084372
278.274536133	-137.614843379	-81.7844139879
278.3203125	-140.20705336	-81.7865551984
278.366088867	-183.602470685	-81.7822249026
278.411865234	-138.279153952	-81.7970583228
278.457641602	-136.419914092	-81.8005390515
278.503417969	-138.631683748	-81.7862028984
278.549194336	-136.86792411	-81.8024178425
278.594970703	-137.968413045	-81.808484511
278.64074707	-145.805131373	-81.8010446135
278.686523438	-135.405144652	-81.802612856
278.732299805	-131.272329931	-81.8064766801
278.778076172	-132.862421719	-81.8311720396
278.823852539	-138.859638521	-81.8300427367
278.869628906	-133.476003321	-81.8202486357
278.915405273	-134.015155247	-81.8137027292
278.961181641	-136.774622949	-81.814264442
279.006958008	-143.698691468	-81.8293106861
279.052734375	-140.528688864	-81.8364505768
279.098510742	-132.937672071	-81.8218464221
279.144287109	-134.076002631	-81.8278837766
279.190063477	-134.028767528	-81.836290613
279.235839844	-139.734850267	-81.8591412492
279.281616211	-130.940887733	-81.8272653664
279.327392578	-139.569892133	-81.8653037862
279.373168945	-135.384809226	-81.8446152969
279.418945312	-133.669458035	-81.8450821018
279.46472168	-142.006745354	-81.8626077097
279.510498047	-131.086406797	-81.8463391624
279.556274414	-127.914334421	-81.9062752203
279.602050781	-134.446585834	-81.8639916554
279.647827148	-135.621120188	-81.8677290943
279.693603516	-144.274255643	-81.883941146
279.739379883	-135.384522567	-81.8936391238
279.78515625	-136.998505453	-81.8985919277
279.830932617	-139.973463065	-81.8938189231
279.876708984	-145.354301554	-81.8989483648
279.922485352	-130.326183309	-81.9334469646
279.968261719	-140.690667813	-81.9106880889
280.014038086	-130.96826123	-81.9430513895
280.059814453	-132.572479832	-81.8960911352
280.10559082	-138.913824809	-81.93283709
280.151367188	-135.412430963	-81.9163946157
280.197143555	-134.929988787	-81.9184799625
280.242919922	-142.398937768	-81.925208743
280.288696289	-140.97856469	-81.9299090406
280.334472656	-130.194172265	-81.9603252329
280.380249023	-144.390249114	-81.9441492137
280.426025391	-138.102936979	-81.9346289852
280.471801758	-133.321394114	-81.9442255739
280.517578125	-142.806422006	-81.958408824
280.563354492	-138.405848215	-81.969447942
280.609130859	-134.557718583	-81.9505173415
280.654907227	-132.603906974	-81.958379824
280.700683594	-141.592353273	-81.9762421987
280.746459961	-131.795728196	-81.9570963178
280.792236328	-136.678848408	-81.9883110235
280.838012695	-138.461045773	-81.9886352149
280.883789062	-129.224452615	-81.9441526154
280.92956543	-136.518835824	-81.9756388712
280.975341797	-129.413313512	-81.9981105103
281.021118164	-140.323794372	-82.0027155813
281.066894531	-132.626236394	-82.0155388669
281.112670898	-147.013728397	-81.9978063962
281.158447266	-134.907667566	-82.012226491
281.204223633	-134.51688472	-82.0253632865
281.25	-134.100517167	-82.0291327015
281.295776367	-134.012003493	-82.0220445058
281.341552734	-135.940883449	-82.0184908162
281.387329102	-140.454125345	-82.0240657908
281.433105469	-137.92749018	-82.0122488266
281.478881836	-141.104728495	-82.0333845813
281.524658203	-139.317381704	-82.042611249
281.57043457	-139.856607515	-82.0383404633
281.616210938	-137.948681361	-82.0312272877
281.661987305	-133.515452344	-82.0222750603
281.707763672	-142.109348834	-82.0540292876
281.753540039	-131.519025728	-82.0646075333
281.799316406	-134.884082236	-82.0544149113
281.845092773	-140.254999542	-82.0675447983
281.890869141	-132.92600681	-82.0359877167
281.936645508	-126.247832202	-82.0178127485
281.982421875	-131.844791818	-82.0569777302
282.028198242	-132.967398292	-82.0918331473
282.073974609	-134.303901532	-82.0839943361
282.119750977	-129.863007326	-82.0455934981
282.165527344	-137.247152368	-82.0906261384
282.211303711	-141.371475148	-82.0786706226
282.257080078	-141.710076896	-82.0976723481
282.302856445	-153.239979814	-82.0937338509
282.348632812	-138.737816273	-82.0965507052
282.39440918	-143.84075499	-82.1016885235
282.440185547	-147.065089752	-82.1018421317
282.485961914	-130.33496077	-82.0733164845
282.531738281	-134.340729929	-82.1131512444
282.577514648	-144.291995708	-82.1071063505
282.623291016	-136.10414195	-82.1173724281
282.669067383	-143.436569262	-82.1132406424
282.71484375	-136.536922098	-82.1363013268
282.760620117	-135.233550618	-82.1304230747
282.806396484	-134.59614755	-82.1209660833
282.852172852	-140.350095966	-82.1365255541
282.897949219	-136.871232097	-82.146071206
282.943725586	-143.36477554	-82.141910359
282.989501953	-136.744592747	-82.150662205
283.03527832	-134.548773697	-82.1329490942
283.081054688	-141.672477624	-82.1432887879
283.126831055	-137.515125672	-82.1427065452
283.172607422	-144.469400332	-82.165909013
283.218383789	-141.205115719	-82.1727020469
283.264160156	-144.50667285	-82.1723492927
283.309936523	-143.443656938	-82.1775161982
283.355712891	-138.969228333	-82.1859893887
283.401489258	-131.592212932	-82.1867171209
283.447265625	-133.030681815	-82.1560165644
283.493041992	-134.570884705	-82.1722716052
283.538818359	-139.255586308	-82.1762419957
283.584594727	-143.48865382	-82.1982721089
283.630371094	-140.679799268	-82.1888759875
283.676147461	-133.681997605	-82.2054978434
283.721923828	-135.429872835	-82.1880116675
283.767700195	-137.334674157	-82.1997664484
283.813476562	-131.472271198	-82.1789635515
283.85925293	-143.613667349	-82.2048717026
283.905029297	-146.753727612	-82.2129455477
283.950805664	-131.850440704	-82.2478250842
283.996582031	-142.291711471	-82.2140074257
284.042358398	-128.991588192	-82.1863458196
284.088134766	-141.784334137	-82.2251967184
284.133911133	-141.075423038	-82.2416643609
284.1796875	-133.67382894	-82.2139174938
284.225463867	-131.012322638	-82.2208168235
284.271240234	-138.180011854	-82.2438090025
284.317016602	-137.136546759	-82.2612898432
284.362792969	-135.398179738	-82.2586431863
284.408569336	-142.185731192	-82.2489555302
284.454345703	-137.224583494	-82.2660993087
284.50012207	-138.978178556	-82.26436454
284.545898438	-131.337835724	-82.2356580722
284.591674805	-136.67262249	-82.2520949544
284.637451172	-133.657612231	-82.2712785774
284.683227539	-131.11698957	-82.2877734223
284.729003906	-129.074409798	-82.2387317666
284.774780273	-139.160304063	-82.2937925032
284.820556641	-140.155538567	-82.2752436235
284.866333008	-137.635595525	-82.3032260608
284.912109375	-128.833187712	-82.3285481661
284.957885742	-138.579085142	-82.2924396617
285.003662109	-131.022542215	-82.2785631863
285.049438477	-148.405379491	-82.3048562978
285.095214844	-135.597371809	-82.324827641
285.140991211	-137.094492873	-82.3022495239
285.186767578	-131.831321351	-82.3378423612
285.232543945	-136.802516223	-82.3296235574
285.278320312	-139.091532156	-82.3254947414
285.32409668	-130.699179803	-82.2997717107
285.369873047	-146.402564567	-82.3309335657
285.415649414	-139.89224672	-82.3309831307
285.461425781	-134.213206082	-82.3165970494
285.507202148	-162.749090215	-82.3367376059
285.552978516	-160.256658351	-82.340395825
285.598754883	-135.59187948	-82.3622209561
285.64453125	-142.622577087	-82.3416542434
285.690307617	-131.837004787	-82.3497555674
285.736083984	-134.08003588	-82.3493741225
285.781860352	-133.768188982	-82.3649784614
285.827636719	-136.52832612	-82.3781341971
285.873413086	-142.218739353	-82.3704194459
285.919189453	-136.161144016	-82.3820049676
285.96496582	-136.740291198	-82.3646241827
286.010742188	-133.434874928	-82.3836059461
286.056518555	-131.526444637	-82.3483050749
286.102294922	-151.014350621	-82.3847283016
286.148071289	-135.264762367	-82.4051138096
286.193847656	-140.507137073	-82.3793321143
286.239624023	-132.278904097	-82.3795733894
286.285400391	-131.877464673	-82.4223621055
286.331176758	-137.458149424	-82.3890996974
286.376953125	-131.373753248	-82.4334312107
286.422729492	-138.047739719	-82.4048337935
286.468505859	-142.218177991	-82.4084158553
286.514282227	-142.434578159	-82.4063332193
286.560058594	-135.693971936	-82.4346991948
286.605834961	-129.940093248	-82.4285639333
286.651611328	-133.825346642	-82.4239198262
286.697387695	-149.078464152	-82.4260228299
286.743164062	-139.516409622	-82.419694568
286.78894043	-135.934681791	-82.4233306698
286.834716797	-136.350511179	-82.4482841513
286.880493164	-141.730473164	-82.4350776124
286.926269531	-138.263052557	-82.4550321852
286.972045898	-133.634931171	-82.4537181364
287.017822266	-147.458189409	-82.4550886623
287.063598633	-141.198272218	-82.4463986726
287.109375	-139.082254184	-82.4561903223
287.155151367	-141.458403601	-82.4574277826
287.200927734	-134.232594019	-82.4793200591
287.246704102	-132.443139416	-82.4709032956
287.292480469	-140.284273799	-82.4612263924
287.338256836	-132.1540875	-82.4860685358
287.384033203	-139.622288312	-82.4784844607
287.42980957	-142.335533716	-82.4800595932
287.475585938	-135.69860226	-82.5008037977
287.521362305	-133.726009524	-82.4744658981
287.567138672	-131.33510735	-82.4809730888
287.612915039	-149.100169922	-82.4908302003
287.658691406	-137.919128456	-82.486561651
287.704467773	-136.099933591	-82.4854266502
287.750244141	-144.223533974	-82.5106446933
287.796020508	-134.700487755	-82.5094736171
287.841796875	-141.042155604	-82.5091310202
287.887573242	-138.265282829	-82.501089858
287.933349609	-137.341542617	-82.5324977531
287.979125977	-135.998692499	-82.5195825797
288.024902344	-131.357157757	-82.5551188549
288.070678711	-136.498862881	-82.5422787349
288.116455078	-144.431871319	-82.5384297656
288.162231445	-134.448910676	-82.5429120677
288.208007812	-135.722838019	-82.5420511748
288.25378418	-147.775383978	-82.5404727831
288.299560547	-139.817986139	-82.5562495837
288.345336914	-136.108024403	-82.5665994786
288.391113281	-133.802666446	-82.5283794352
288.436889648	-139.215911581	-82.5679725222
288.482666016	-134.747241982	-82.5406795998
288.528442383	-131.667746361	-82.5608865516
288.57421875	-138.937351216	-82.5752020566
288.619995117	-131.478746934	-82.5389118558
288.665771484	-143.845632105	-82.5752524655
288.711547852	-146.25244494	-82.5708674755
288.757324219	-130.38072991	-82.614299566
288.803100586	-135.200501381	-82.5705657432
288.848876953	-138.016286259	-82.5994656445
288.89465332	-134.65472613	-82.6084590567
288.940429688	-131.356864962	-82.6138901202
288.986206055	-131.078149948	-82.5941093194
289.031982422	-134.364057701	-82.594208434
289.077758789	-137.968293234	-82.6074942479
289.123535156	-138.284894969	-82.5931678321
289.169311523	-137.583670702	-82.5970308948
289.215087891	-134.915346383	-82.6311321357
289.260864258	-135.151896576	-82.5956986431
289.306640625	-129.87611386	-82.6472641677
289.352416992	-138.658928183	-82.6361189238
289.398193359	-150.100567257	-82.6284073488
289.443969727	-133.147993365	-82.6286193959
289.489746094	-137.680708738	-82.6400525847
289.535522461	-136.544983339	-82.6516586612
289.581298828	-141.902108014	-82.6453914662
289.627075195	-135.041462261	-82.6573630494
289.672851562	-146.320298483	-82.6401380242
289.71862793	-139.728825876	-82.6574079261
289.764404297	-137.685649971	-82.6400557755
289.810180664	-154.878762951	-82.655389013
289.855957031	-135.421966034	-82.6494173857
289.901733398	-136.145379943	-82.6808748573
289.947509766	-144.335384171	-82.6670686275
289.993286133	-135.420107171	-82.6524208184
290.0390625	-134.984640434	-82.6786046477
290.084838867	-138.804606167	-82.6793290464
290.130615234	-146.152937556	-82.6750583944
290.176391602	-130.545968909	-82.7154186851
290.222167969	-131.536662879	-82.6573800427
290.267944336	-141.158854638	-82.6794585372
290.313720703	-132.062477965	-82.7106623104
290.35949707	-134.170383666	-82.6733578746
290.405273438	-130.674279865	-82.6707628561
290.451049805	-147.771948237	-82.6984908851
290.496826172	-132.126936942	-82.7006781972
290.542602539	-143.042054156	-82.7051580553
290.588378906	-141.663590245	-82.7115444881
290.634155273	-142.461553763	-82.7183740128
290.679931641	-134.312959681	-82.7010898234
290.725708008	-134.228473946	-82.7216924562
290.771484375	-139.404007788	-82.7131489857
290.817260742	-144.558186653	-82.7284850897
290.863037109	-133.534766161	-82.7093917032
290.908813477	-136.705122234	-82.727992459
290.954589844	-136.377071231	-82.7209187151
291.000366211	-134.287702631	-82.7227015247
291.046142578	-136.166988026	-82.7420003924
291.091918945	-141.096668284	-82.7420708877
291.137695312	-137.831068616	-82.7531853876
291.18347168	-134.513735885	-82.7582900225
291.229248047	-132.697550732	-82.7394554145
291.275024414	-134.238520806	-82.7537655965
291.320800781	-137.988133439	-82.7673648716
291.366577148	-135.004730496	-82.7478411661
291.412353516	-140.690565646	-82.7781668004
291.458129883	-132.484278178	-82.8032656773
291.50390625	-130.215666406	-82.748999831
291.549682617	-132.563163493	-82.8060194122
291.595458984	-140.751622815	-82.7903897119
291.641235352	-136.381093525	-82.7850971567
291.687011719	-134.659915811	-82.7972722531
291.732788086	-139.492347063	-82.7844231893
291.778564453	-133.474640892	-82.7950208452
291.82434082	-131.007256219	-82.77083372
291.870117188	-129.212880488	-82.7935615578
291.915893555	-140.992535576	-82.7977113865
291.961669922	-149.334413327	-82.8074673156
292.007446289	-138.747283481	-82.8004062667
292.053222656	-131.561596078	-82.8493010765
292.098999023	-144.642721218	-82.8267872123
292.144775391	-136.636039131	-82.8387863809
292.190551758	-138.018216509	-82.8254128299
292.236328125	-138.498204145	-82.838180844
292.282104492	-138.706041399	-82.8212191662
292.327880859	-134.859218491	-82.8577284024
292.373657227	-150.6849659	-82.842129492
292.419433594	-136.973967945	-82.8414270397
292.465209961	-142.186486649	-82.8375436798
292.510986328	-134.965007265	-82.8677311249
292.556762695	-134.159814161	-82.8375352251
292.602539062	-132.701661599	-82.8844781082
292.64831543	-134.754079478	-82.8790668283
292.694091797	-143.00771091	-82.8578693863
292.739868164	-138.436070548	-82.8593381815
292.785644531	-135.498707568	-82.8893312126
292.831420898	-137.425363563	-82.8566894874
292.877197266	-140.337239611	-82.8870517779
292.922973633	-145.508112331	-82.8857499602
292.96875	-141.314541962	-82.8763233507
293.014526367	-135.070386126	-82.8648395024
293.060302734	-130.268884311	-82.8737625337
293.106079102	-136.612956441	-82.8756168176
293.151855469	-143.617716632	-82.8957651241
293.197631836	-135.647267008	-82.8874098183
293.243408203	-135.444637953	-82.8838898006
293.28918457	-134.708264743	-82.9259162049
293.334960938	-162.622113803	-82.9080549031
293.380737305	-131.958896314	-82.8869755072
293.426513672	-139.842322922	-82.9260645428
293.472290039	-133.374621225	-82.9075481888
293.518066406	-141.29027411	-82.9270145581
293.563842773	-134.560494348	-82.9247939655
293.609619141	-139.011660405	-82.9344646507
293.655395508	-148.730702191	-82.9310899407
293.701171875	-133.933659989	-82.9163682001
293.746948242	-145.933105574	-82.9438527086
293.792724609	-131.457944739	-82.9160109191
293.838500977	-133.842757841	-82.966796664
293.884277344	-142.46755204	-82.9532860437
293.930053711	-130.043479552	-82.9469403717
293.975830078	-130.805192794	-82.9716483549
294.021606445	-133.215561292	-82.9816928282
294.067382812	-133.081044546	-82.9505313565
294.11315918	-135.116399637	-82.9639590339
294.158935547	-141.224388651	-82.9622906046
294.204711914	-136.718235246	-82.9702452376
294.250488281	-134.658736663	-82.9928019762
294.296264648	-138.116775726	-82.9683352084
294.342041016	-137.126712244	-82.9920557359
294.387817383	-141.957052271	-82.9885789478
294.43359375	-151.651456867	-82.9884382146
294.479370117	-133.616291148	-82.9930107671
294.525146484	-136.484384614	-83.0057955881
294.570922852	-131.28805535	-82.9658620868
294.616699219	-140.0506079	-83.0102042876
294.662475586	-136.44749523	-83.0148498953
294.708251953	-137.726581948	-83.0003009091
294.75402832	-133.641845468	-83.0127902407
294.799804688	-140.143844844	-83.0211083379
294.845581055	-135.712081671	-83.0097471816
294.891357422	-143.622465536	-83.0260701435
294.937133789	-141.206560424	-83.0244837804
294.982910156	-144.969327665	-83.0206525809
295.028686523	-140.159166347	-83.0303276653
295.074462891	-146.797017986	-83.0265844109
295.120239258	-145.930186758	-83.0315989641
295.166015625	-133.39463863	-83.0604604055
295.211791992	-140.736617137	-83.0290549644
295.257568359	-131.318019178	-83.0193327543
295.303344727	-136.548805837	-83.0406010123
295.349121094	-132.077995143	-83.064711155
295.394897461	-132.177450789	-83.0569527113
295.440673828	-145.322964391	-83.0600248235
295.486450195	-137.044465964	-83.0735625648
295.532226562	-137.843898554	-83.0628535896
295.57800293	-141.841717785	-83.072123093
295.623779297	-142.297982135	-83.0756311052
295.669555664	-140.236002804	-83.069600934
295.715332031	-143.32271028	-83.0672077857
295.761108398	-132.305942432	-83.0581755915
295.806884766	-145.999997805	-83.0766514967
295.852661133	-145.762500488	-83.079708755
295.8984375	-145.242664212	-83.0859392978
295.944213867	-132.577356056	-83.0622893032
295.989990234	-135.899080914	-83.0774014588
296.035766602	-138.751094129	-83.1006970072
296.081542969	-130.363042907	-83.0886692444
296.127319336	-143.492516385	-83.1040845998
296.173095703	-136.06683087	-83.0984605264
296.21887207	-148.856066822	-83.1073766577
296.264648438	-154.336446235	-83.1157937258
296.310424805	-131.859456477	-83.1035805213
296.356201172	-137.365471318	-83.1170125981
296.401977539	-141.097059468	-83.1309849469
296.447753906	-135.172593463	-83.1353715551
296.493530273	-149.237285874	-83.1285574468
296.539306641	-138.351635535	-83.1453312801
296.585083008	-138.248012907	-83.1506988308
296.630859375	-138.006834774	-83.1357973537
296.676635742	-138.677087377	-83.1275998249
296.722412109	-139.966309373	-83.1368912757
296.768188477	-140.639706392	-83.1576683283
296.813964844	-133.217468483	-83.1318488095
296.859741211	-132.995692792	-83.1804160449
296.905517578	-144.560066363	-83.1608677048
296.951293945	-142.130081555	-83.1705230411
296.997070312	-136.196227887	-83.1603594956
297.04284668	-140.908732248	-83.1568190506
297.088623047	-138.416465157	-83.1770549961
297.134399414	-139.957437955	-83.185793348
297.180175781	-135.57702234	-83.196877026
297.225952148	-142.236463072	-83.1704688054
297.271728516	-137.728657213	-83.1730343082
297.317504883	-135.238658585	-83.1971173017
297.36328125	-129.695136094	-83.1793205783
297.409057617	-135.866907107	-83.2069212247
297.454833984	-140.779334375	-83.2058764756
297.500610352	-130.775124702	-83.1797776653
297.546386719	-133.593523183	-83.1794098956
297.592163086	-136.735695757	-83.2156933475
297.637939453	-134.959785271	-83.1871648867
297.68371582	-135.966107255	-83.1914038584
297.729492188	-142.333960447	-83.2152734266
297.775268555	-149.525963725	-83.2147405333
297.821044922	-130.773840843	-83.2532187294
297.866821289	-130.144407571	-83.262325779
297.912597656	-142.191194713	-83.2363259381
297.958374023	-133.337333244	-83.2384177066
298.004150391	-138.187248122	-83.2335368949
298.049926758	-138.373214431	-83.2273016635
298.095703125	-138.369282847	-83.2429968567
298.141479492	-144.435427278	-83.2347544896
298.187255859	-139.911296538	-83.2332953092
298.233032227	-138.139908897	-83.2623158106
298.278808594	-140.444147891	-83.2525897706
298.324584961	-129.950290376	-83.2491388686
298.370361328	-132.978103612	-83.2640876675
298.416137695	-131.69412411	-83.2808649387
298.461914062	-132.011962172	-83.2331229028
298.50769043	-133.852297528	-83.2829560825
298.553466797	-134.594540993	-83.2598208163
298.599243164	-137.33553361	-83.2564454845
298.645019531	-140.509217687	-83.2779968867
298.690795898	-131.898497502	-83.3115533247
298.736572266	-132.296331009	-83.2814764998
298.782348633	-136.010666129	-83.2750416285
298.828125	-151.2151	-83.2876834404
298.873901367	-144.023311999	-83.2899898791
298.919677734	-140.147827366	-83.3020247884
298.965454102	-136.356397571	-83.3152801233
299.011230469	-135.036458161	-83.2796337585
299.057006836	-136.684536228	-83.3229389681
299.102783203	-131.853759633	-83.2926532901
299.14855957	-130.47409151	-83.2789002864
299.194335938	-137.996978972	-83.311888261
299.240112305	-132.847285673	-83.3038462498
299.285888672	-132.729446451	-83.3491183633
299.331665039	-136.099278463	-83.3209598026
299.377441406	-159.127502277	-83.3272712493
299.423217773	-136.14109452	-83.3460516691
299.468994141	-133.285517758	-83.3288118269
299.514770508	-136.255141909	-83.3407463163
299.560546875	-133.795032747	-83.3299934297
299.606323242	-141.780984451	-83.3330849727
299.652099609	-135.298685057	-83.3362292111
299.697875977	-138.9394594	-83.3360990051
299.743652344	-149.11361863	-83.3519690435
299.789428711	-140.609795077	-83.3580508271
299.835205078	-130.423187777	-83.3953472694
299.880981445	-141.395777093	-83.3689477231
299.926757812	-146.298086134	-83.3607430005
299.97253418	-133.304598984	-83.3403433217
300.018310547	-131.358483384	-83.3878526137
300.064086914	-130.866969013	-83.3823536133
300.109863281	-136.66825236	-83.3882703546
300.155639648	-143.15836866	-83.3795238564
300.201416016	-140.394012927	-83.3893285321
300.247192383	-134.557021304	-83.3685519178
300.29296875	-140.261105013	-83.3792116492
300.338745117	-134.995741653	-83.375051963
300.384521484	-134.225665138	-83.3743854068
300.430297852	-132.825884283	-83.4076911181
300.476074219	-137.417798	-83.3835906519
300.521850586	-135.705097911	-83.42369133
300.567626953	-129.012354277	-83.4309792322
300.61340332	-133.269326406	-83.3814996229
300.659179688	-133.050015436	-83.3864632322
300.704956055	-135.901802909	-83.4177941067
300.750732422	-135.969673009	-83.4234764736
300.796508789	-141.269064321	-83.4291471113
300.842285156	-137.776519034	-83.4378435792
300.888061523	-134.761354756	-83.4337567237
300.933837891	-136.10489737	-83.4332439469
300.979614258	-136.960843856	-83.4499768048
301.025390625	-138.228864015	-83.4333024308
301.071166992	-137.859396399	-83.4431455215
301.116943359	-137.356993141	-83.4419029964
301.162719727	-137.742370178	-83.4325779443
301.208496094	-133.63390671	-83.4300054244
301.254272461	-134.540890332	-83.4277768799
301.300048828	-134.831232407	-83.4573620761
301.345825195	-133.502061186	-83.4506380967
301.391601562	-139.385767086	-83.4561371603
301.43737793	-134.826587831	-83.48535365
301.483154297	-137.893411356	-83.463933994
301.528930664	-137.573678514	-83.4837267593
301.574707031	-134.456432739	-83.4694844385
301.620483398	-147.214631637	-83.4728277117
301.666259766	-131.954662889	-83.4578680498
301.712036133	-134.274575318	-83.4790799965
301.7578125	-151.156860957	-83.4880175196
301.803588867	-134.037644545	-83.4633443136
301.849365234	-132.868238052	-83.4950957529
301.895141602	-133.955352775	-83.4685192518
301.940917969	-127.572266857	-83.4442208671
301.986694336	-138.875926917	-83.5036453503
302.032470703	-130.446300196	-83.4816543015
302.07824707	-131.350963477	-83.4738256699
302.124023438	-133.464046707	-83.5337097354
302.169799805	-135.015126024	-83.5322145553
302.215576172	-138.016237871	-83.507365526
302.261352539	-130.736559939	-83.5547719357
302.307128906	-140.795650844	-83.5332964949
302.352905273	-134.522745294	-83.50750222
302.398681641	-138.722508764	-83.5423818087
302.444458008	-144.487536415	-83.5374786721
302.490234375	-138.611886754	-83.5350211811
302.536010742	-138.508946842	-83.5239011915
302.581787109	-138.775752255	-83.5447808383
302.627563477	-136.023880727	-83.5460357469
302.673339844	-140.500417892	-83.556586334
302.719116211	-136.246943104	-83.5688456129
302.764892578	-137.620537292	-83.5678859572
302.810668945	-134.396309177	-83.5476537543
302.856445312	-139.088353758	-83.554146653
302.90222168	-142.336095919	-83.5557514023
302.947998047	-129.943571625	-83.5468878481
302.993774414	-148.949148533	-83.5676819435
303.039550781	-138.050971323	-83.5861738907
303.085327148	-138.793513001	-83.5578128099
303.131103516	-134.195611699	-83.5934213142
303.176879883	-138.396879045	-83.5783310893
303.22265625	-132.245738298	-83.6127548349
303.268432617	-132.895956827	-83.6045051686
303.314208984	-134.192114851	-83.6104794765
303.359985352	-136.937102739	-83.582077258
303.405761719	-131.367604835	-83.5586371342
303.451538086	-138.421749753	-83.5920316811
303.497314453	-133.665230398	-83.6270578677
303.54309082	-147.887120225	-83.6004458386
303.588867188	-132.547852282	-83.6301053704
303.634643555	-132.657487611	-83.5808686518
303.680419922	-130.716279062	-83.6358086
303.726196289	-145.527815671	-83.6103884204
303.771972656	-141.934650425	-83.6074036839
303.817749023	-131.249910603	-83.6544585638
303.863525391	-139.695419365	-83.6166274059
303.909301758	-137.181680639	-83.6353897678
303.955078125	-136.691436602	-83.6327724007
304.000854492	-143.414388952	-83.6339735033
304.046630859	-135.98096869	-83.6508031761
304.092407227	-138.480459929	-83.6409490322
304.138183594	-141.633560493	-83.6389668856
304.183959961	-143.108508243	-83.6409120107
304.229736328	-140.830753941	-83.6589846353
304.275512695	-133.5498086	-83.6779689932
304.321289062	-133.800509926	-83.6753771192
304.36706543	-131.286390448	-83.6266348428
304.412841797	-130.980785059	-83.6841432115
304.458618164	-140.064772902	-83.6755353436
304.504394531	-135.229188628	-83.6523885595
304.550170898	-132.964447651	-83.6949949703
304.595947266	-137.05431985	-83.6797905597
304.641723633	-139.663010941	-83.6606726519
304.6875	-137.527294528	-83.6917594639
304.733276367	-135.111046219	-83.6583879892
304.779052734	-134.334204696	-83.7068613963
304.824829102	-130.353431144	-83.6506340277
304.870605469	-135.705005247	-83.6906121308
304.916381836	-132.07257595	-83.7188830705
304.962158203	-139.86465035	-83.6820900446
305.00793457	-131.521406338	-83.6777009549
305.053710938	-128.784810195	-83.7331139743
305.099487305	-135.473916262	-83.6853118843
305.145263672	-130.429764946	-83.6719573195
305.191040039	-134.747411174	-83.6855725484
305.236816406	-136.089085866	-83.6969581219
305.282592773	-139.313521206	-83.7063873818
305.328369141	-135.488426108	-83.7342566644
305.374145508	-150.891638494	-83.719576987
305.419921875	-141.347043754	-83.722873766
305.465698242	-131.630565007	-83.7000194974
305.511474609	-132.307355534	-83.7283611288
305.557250977	-141.669771893	-83.7388803736
305.603027344	-136.699098492	-83.7188569433
305.648803711	-146.534887596	-83.736976584
305.694580078	-135.491747138	-83.7388116811
305.740356445	-137.915843126	-83.7469730967
305.786132812	-134.103402091	-83.737515214
305.83190918	-139.262935575	-83.7411079077
305.877685547	-137.630465959	-83.7574294308
305.923461914	-131.370096121	-83.7749833673
305.969238281	-142.124945874	-83.7664712844
306.015014648	-143.197156686	-83.7621192013
306.060791016	-131.892852045	-83.7362225385
306.106567383	-132.201072484	-83.7922449925
306.15234375	-131.400373917	-83.8074817622
306.198120117	-140.875896568	-83.7633633057
306.243896484	-135.248411147	-83.7905369357
306.289672852	-136.495297485	-83.7617718298
306.335449219	-135.434865565	-83.7906211741
306.381225586	-134.790427646	-83.7808649969
306.427001953	-150.521789365	-83.7902822632
306.47277832	-135.929967627	-83.7861898042
306.518554688	-138.844907851	-83.806116322
306.564331055	-128.601042448	-83.7753774165
306.610107422	-133.273858383	-83.8301930038
306.655883789	-132.763137358	-83.7824616912
306.701660156	-146.620413648	-83.8104319449
306.747436523	-141.049000164	-83.7987751232
306.793212891	-142.841050445	-83.8111656264
306.838989258	-136.594781313	-83.7990379428
306.884765625	-137.031388695	-83.807571956
306.930541992	-138.807173711	-83.8252052371
306.976318359	-135.178984494	-83.8092078747
307.022094727	-133.771731972	-83.8412394933
307.067871094	-130.18010668	-83.8512048555
307.113647461	-136.39987887	-83.8201218051
307.159423828	-135.94825295	-83.823065653
307.205200195	-134.229875462	-83.8168900124
307.250976562	-141.482558233	-83.8487700636
307.29675293	-132.866975978	-83.8604960755
307.342529297	-138.200445979	-83.8639644243
307.388305664	-132.549553805	-83.8777735446
307.434082031	-133.662009375	-83.8803939438
307.479858398	-145.852670322	-83.8504200548
307.525634766	-139.708956798	-83.8479980116
307.571411133	-132.559832801	-83.8935668115
307.6171875	-139.188432798	-83.8508698827
307.662963867	-140.424119262	-83.8753165128
307.708740234	-135.155420399	-83.8687588088
307.754516602	-141.527641554	-83.8854346602
307.800292969	-145.618824468	-83.8698462246
307.846069336	-141.64746926	-83.8834234956
307.891845703	-137.803394044	-83.8654664856
307.93762207	-156.027255118	-83.883526355
307.983398438	-136.706873268	-83.8711463556
308.029174805	-137.560726508	-83.8967356701
308.074951172	-131.918202087	-83.8710408627
308.120727539	-133.052508597	-83.927524226
308.166503906	-148.126369364	-83.8982933955
308.212280273	-135.285393696	-83.8860427492
308.258056641	-138.089036524	-83.8997481234
308.303833008	-144.972810833	-83.9014755889
308.349609375	-144.610999128	-83.916241873
308.395385742	-141.391322265	-83.906289466
308.441162109	-140.355688266	-83.9236120728
308.486938477	-146.385098278	-83.9220665656
308.532714844	-138.281479592	-83.9391217807
308.578491211	-139.6704869	-83.9237627919
308.624267578	-136.084254642	-83.907696181
308.670043945	-136.316058942	-83.9527809637
308.715820312	-133.263503859	-83.928015216
308.76159668	-131.521171647	-83.9021021002
308.807373047	-140.320910661	-83.9442212946
308.853149414	-141.012759037	-83.9437224503
308.898925781	-134.576481839	-83.9213618537
308.944702148	-139.727610446	-83.9451116559
308.990478516	-133.585055939	-83.9782288609
309.036254883	-132.585782928	-83.9490785122
309.08203125	-140.922647942	-83.9663367997
309.127807617	-134.528026113	-83.9393939368
309.173583984	-147.208661297	-83.9689194919
309.219360352	-132.80603095	-83.9882550634
309.265136719	-141.647270577	-83.9767142271
309.310913086	-132.783949081	-84.003694073
309.356689453	-138.411444411	-83.9794876357
309.40246582	-141.309582485	-83.9846672683
309.448242188	-135.626301084	-83.9767800291
309.494018555	-140.750477324	-83.9727347986
309.539794922	-132.606421833	-83.9690969184
309.585571289	-142.392358005	-83.9820648248
309.631347656	-136.188722912	-83.9956106323
309.677124023	-135.012856999	-83.9856408578
309.722900391	-132.10466326	-84.0232168878
309.768676758	-134.407239223	-83.9753406135
309.814453125	-136.610663958	-84.023325661
309.860229492	-131.593640741	-83.9791275433
309.906005859	-137.255807662	-84.0283994697
309.951782227	-140.71852956	-84.0127059908
309.997558594	-141.096415369	-84.0243358215
310.043334961	-140.401568875	-84.0305022258
310.089111328	-139.383608381	-84.0257931433
310.134887695	-133.846802241	-84.0382340613
310.180664062	-130.306242673	-83.9906699697
310.22644043	-131.17701052	-84.0428608958
310.272216797	-143.933428858	-84.0345703577
310.317993164	-140.035015235	-84.0483839578
310.363769531	-144.879604323	-84.0390143506
310.409545898	-132.159181539	-84.0153718903
310.455322266	-130.591564518	-84.0843205378
310.501098633	-155.321523253	-84.0489563147
310.546875	-154.732823389	-84.047433649
310.592651367	-130.65126757	-84.0119148391
310.638427734	-140.637063256	-84.0492660386
310.684204102	-131.811157378	-84.079060486
310.729980469	-134.818987564	-84.0404581685
310.775756836	-143.179276688	-84.062536257
310.821533203	-144.85380516	-84.0598938201
310.86730957	-132.98139036	-84.0528034486
310.913085938	-137.168740146	-84.0876742693
310.958862305	-136.659010967	-84.0558983482
311.004638672	-132.184184433	-84.0485212049
311.050415039	-135.130277032	-84.0886654298
311.096191406	-131.102805984	-84.0645863556
311.141967773	-132.800768472	-84.1162334413
311.187744141	-143.62601031	-84.0912308233
311.233520508	-134.935727679	-84.11378157
311.279296875	-136.56933762	-84.1148442176
311.325073242	-135.926718434	-84.0784891523
311.370849609	-139.09323691	-84.085929009
311.416625977	-138.725662964	-84.1010638775
311.462402344	-143.162650272	-84.1004837438
311.508178711	-143.616209787	-84.1076783208
311.553955078	-139.05292604	-84.0973224912
311.599731445	-130.892770519	-84.139929117
311.645507812	-140.144171687	-84.1070327515
311.69128418	-138.750771442	-84.1197751156
311.737060547	-147.345609216	-84.1270156486
311.782836914	-129.289634077	-84.1103441002
311.828613281	-142.000341429	-84.1392811289
311.874389648	-142.747673466	-84.1299866139
311.920166016	-142.923398021	-84.1372378097
311.965942383	-134.46447558	-84.1504682177
312.01171875	-141.231936794	-84.1495840614
312.057495117	-135.501821683	-84.1356337932
312.103271484	-140.312138995	-84.1328853739
312.149047852	-140.726740459	-84.1357542734
312.194824219	-134.730895313	-84.1768949321
312.240600586	-133.92881291	-84.1742834781
312.286376953	-135.394289729	-84.1332695839
312.33215332	-131.616376465	-84.1908422375
312.377929688	-147.136129906	-84.1568809084
312.423706055	-136.590008917	-84.1472646069
312.469482422	-149.803393827	-84.1694250421
312.515258789	-141.561797019	-84.1826933839
312.561035156	-135.07161133	-84.1948486393
312.606811523	-136.860964981	-84.1767912734
312.652587891	-142.146777086	-84.1851549407
312.698364258	-134.898535415	-84.2074207637
312.744140625	-136.49677531	-84.205100406
312.789916992	-136.858339863	-84.1778876288
312.835693359	-144.260949004	-84.1835170643
312.881469727	-137.572682637	-84.1869249289
312.927246094	-135.135966575	-84.2064860975
312.973022461	-145.401167011	-84.1966382553
313.018798828	-132.982722717	-84.2130813728
313.064575195	-131.955402357	-84.2395345959
313.110351562	-130.434191355	-84.239962
313.15612793	-138.039791714	-84.2274145199
313.201904297	-131.542837654	-84.2306832078
313.247680664	-142.986843783	-84.213611125
313.293457031	-135.344766021	-84.2045865128
313.339233398	-134.964863596	-84.2095036746
313.385009766	-138.237470961	-84.2378684547
313.430786133	-139.064349051	-84.2426484823
313.4765625	-151.843708932	-84.2333892356
313.522338867	-134.552128787	-84.2396776823
313.568115234	-134.364652355	-84.2110710281
313.613891602	-128.647670975	-84.2573336166
313.659667969	-140.908360219	-84.249191609
313.705444336	-144.498254491	-84.241819776
313.751220703	-132.47590873	-84.2162381822
313.79699707	-138.68630217	-84.2639166191
313.842773438	-131.10094684	-84.2258584188
313.888549805	-140.269252635	-84.2670832506
313.934326172	-131.378867439	-84.2710656166
313.980102539	-140.271369953	-84.246784713
314.025878906	-140.076309762	-84.2503764739
314.071655273	-136.444622904	-84.2801654576
314.117431641	-136.699719194	-84.2759543683
314.163208008	-138.266864455	-84.2583062777
314.208984375	-134.727518744	-84.2860176925
314.254760742	-146.258560354	-84.2836372578
314.300537109	-137.592684847	-84.2794366791
314.346313477	-127.93751892	-84.229230692
314.392089844	-137.743733992	-84.2824315661
314.437866211	-139.589855704	-84.2752697404
314.483642578	-142.460638834	-84.2882729508
314.529418945	-135.982034241	-84.2721192953
314.575195312	-142.164570418	-84.2937308795
314.62097168	-134.441680635	-84.2733610798
314.666748047	-140.200648206	-84.2896523984
314.712524414	-133.022023766	-84.3097118407
314.758300781	-138.130559328	-84.3247158368
314.804077148	-133.66913703	-84.3391339797
314.849853516	-138.102981994	-84.3124274956
314.895629883	-154.193663258	-84.3167934597
314.94140625	-133.042404432	-84.2961128622
314.987182617	-131.176238585	-84.3441690282
315.032958984	-137.045936513	-84.3124403172
315.078735352	-133.538945002	-84.3417945171
315.124511719	-142.412435735	-84.3316397935
315.170288086	-142.806552537	-84.3220228353
315.216064453	-135.578313193	-84.3551977443
315.26184082	-140.790082568	-84.3255440994
315.307617188	-132.296423154	-84.3724367115
315.353393555	-132.502717801	-84.3773594891
315.399169922	-136.996424543	-84.3571817915
315.444946289	-135.56768438	-84.3378775695
315.490722656	-132.974802004	-84.3651979566
315.536499023	-145.13621401	-84.3607262646
315.582275391	-136.445672554	-84.3424356712
315.628051758	-141.944509821	-84.3569239956
315.673828125	-139.861887995	-84.3483374304
315.719604492	-127.161292686	-84.3499168693
315.765380859	-146.446892017	-84.3690570613
315.811157227	-138.684249346	-84.3867322688
315.856933594	-135.260037336	-84.36109521
315.902709961	-135.28451591	-84.372192998
315.948486328	-135.946689562	-84.3910038492
315.994262695	-142.545140734	-84.3925876826
316.040039062	-132.882573644	-84.4138420752
316.08581543	-139.277642246	-84.372284295
316.131591797	-138.020127862	-84.3723344206
316.177368164	-130.007995853	-84.3727759217
316.223144531	-134.710486384	-84.4158093033
316.268920898	-139.338247153	-84.3863372104
316.314697266	-136.436933652	-84.4184085452
316.360473633	-143.579323587	-84.4036221431
316.40625	-139.386518368	-84.3983759747
316.452026367	-144.12006134	-84.4121142846
316.497802734	-137.100517216	-84.4192374444
316.543579102	-143.809923359	-84.4167704219
316.589355469	-132.652720851	-84.3854472484
316.635131836	-137.480909923	-84.4384023198
316.680908203	-137.359418022	-84.4405450663
316.72668457	-139.316159205	-84.4281971402
316.772460938	-141.3328357	-84.4209002186
316.818237305	-142.323107	-84.4349486315
316.864013672	-132.31793073	-84.4201135847
316.909790039	-143.103665792	-84.4439589282
316.955566406	-138.359019684	-84.4456218021
317.001342773	-139.617376724	-84.4500119252
317.047119141	-128.737042771	-84.4940859921
317.092895508	-133.355787824	-84.4643801347
317.138671875	-131.044128417	-84.4151917479
317.184448242	-130.2732738	-84.4774705742
317.230224609	-138.201718961	-84.4687236903
317.276000977	-142.683403419	-84.4515954446
317.321777344	-149.856370781	-84.4567007824
317.367553711	-135.18239682	-84.4889855365
317.413330078	-141.85522676	-84.471970579
317.459106445	-158.201043423	-84.4709139385
317.504882812	-140.839795373	-84.4621491887
317.55065918	-132.963229502	-84.4736946082
317.596435547	-146.038396373	-84.4795779275
317.642211914	-136.157910324	-84.4973578429
317.687988281	-128.990472646	-84.4515725513
317.733764648	-134.512411103	-84.5071593792
317.779541016	-146.032219704	-84.4872512264
317.825317383	-129.524725322	-84.4816221367
317.87109375	-133.270126179	-84.524579922
317.916870117	-134.814326949	-84.4745149653
317.962646484	-138.256050998	-84.4813427617
318.008422852	-138.122220956	-84.4837801382
318.054199219	-130.519618387	-84.5079238178
318.099975586	-135.128948668	-84.4844193067
318.145751953	-131.713559463	-84.5020011875
318.19152832	-145.856335607	-84.505419361
318.237304688	-136.527006411	-84.4940428612
318.283081055	-140.158942032	-84.5058978313
318.328857422	-134.076775085	-84.547709473
318.374633789	-135.392231289	-84.5300546733
318.420410156	-139.859908981	-84.5340913001
318.466186523	-139.75234607	-84.5170114518
318.511962891	-141.410782505	-84.5201305938
318.557739258	-137.165585424	-84.5267166619
318.603515625	-130.233659654	-84.4953626878
318.649291992	-134.324272067	-84.530311208
318.695068359	-137.304719566	-84.5370455037
318.740844727	-137.818594241	-84.5634086483
318.786621094	-139.072260097	-84.5599870207
318.832397461	-142.696661101	-84.5549430368
318.878173828	-136.807187561	-84.5739593945
318.923950195	-143.822304532	-84.5623520115
318.969726562	-147.206942975	-84.5564857204
319.01550293	-137.832508445	-84.5430797179
319.061279297	-137.885225262	-84.5454271173
319.107055664	-134.912997676	-84.545646584
319.152832031	-134.734403012	-84.5429637551
319.198608398	-130.632085908	-84.5852759702
319.244384766	-145.889050703	-84.5672257984
319.290161133	-134.290214818	-84.5716669237
319.3359375	-143.175720136	-84.5760040418
319.381713867	-130.175962846	-84.614744034
319.427490234	-133.959910808	-84.5581597133
319.473266602	-134.489471617	-84.5696468361
319.519042969	-152.667321724	-84.5916469951
319.564819336	-137.415361394	-84.5962658256
319.610595703	-140.400155534	-84.6073843325
319.65637207	-139.184653737	-84.5839994784
319.702148438	-130.844588464	-84.6066406491
319.747924805	-129.210098426	-84.6469771238
319.793701172	-134.903433677	-84.5806591561
319.839477539	-143.627195539	-84.6016131257
319.885253906	-137.448055848	-84.6255055771
319.931030273	-138.565595401	-84.6239013249
319.976806641	-135.793798289	-84.6017117728
320.022583008	-143.132668195	-84.627601603
320.068359375	-139.451903736	-84.6067932199
320.114135742	-141.246801587	-84.6139277688
320.159912109	-142.081240201	-84.6335900007
320.205688477	-144.917592837	-84.6308352056
320.251464844	-139.044809082	-84.6461516814
320.297241211	-135.145661635	-84.6474342165
320.343017578	-130.870515938	-84.6213349242
320.388793945	-140.462554943	-84.6332103999
320.434570312	-132.435001363	-84.6113108278
320.48034668	-133.954980466	-84.6169064473
320.526123047	-138.417683833	-84.6659918473
320.571899414	-143.771197052	-84.6570951192
320.617675781	-135.891113771	-84.633188499
320.663452148	-131.129013855	-84.6469387218
320.709228516	-134.971962233	-84.6516799438
320.755004883	-148.859218868	-84.6605325548
320.80078125	-133.970955349	-84.6934686442
320.846557617	-141.298300399	-84.6802324251
320.892333984	-148.589543583	-84.6728395644
320.938110352	-137.787575543	-84.6571976816
320.983886719	-135.57327592	-84.6655880202
321.029663086	-132.141294872	-84.6873825754
321.075439453	-146.492070941	-84.6745057512
321.12121582	-142.21814952	-84.6773009636
321.166992188	-141.034249436	-84.6990260083
321.212768555	-145.653577182	-84.6849584399
321.258544922	-131.951072431	-84.7284295212
321.304321289	-133.550741654	-84.7191165592
321.350097656	-143.895897481	-84.691620239
321.395874023	-132.575182815	-84.6816262066
321.441650391	-130.922087698	-84.74251389
321.487426758	-137.743711171	-84.6960461288
321.533203125	-153.995330969	-84.705303434
321.578979492	-152.120044139	-84.7078541404
321.624755859	-132.395097993	-84.7343312506
321.670532227	-137.595165897	-84.7193440587
321.716308594	-132.148758373	-84.7119167865
321.762084961	-132.11616474	-84.7124884876
321.807861328	-137.993570459	-84.7115866529
321.853637695	-136.448979249	-84.7456107535
321.899414062	-134.542152356	-84.7283955233
321.94519043	-141.655878156	-84.7413887232
321.990966797	-136.978822773	-84.7126577426
322.036743164	-133.453477212	-84.7105801997
322.082519531	-139.301977621	-84.7235696016
322.128295898	-135.681206183	-84.74699615
322.174072266	-148.844008729	-84.7442995413
322.219848633	-133.146587695	-84.7589281512
322.265625	-136.958817247	-84.7367819348
322.311401367	-136.012498572	-84.7290308019
322.357177734	-148.029996366	-84.7524241741
322.402954102	-144.867382265	-84.7537098874
322.448730469	-145.617308733	-84.7631824764
322.494506836	-136.391553006	-84.7846658078
322.540283203	-134.650057973	-84.7376878212
322.58605957	-134.021705109	-84.7475465115
322.631835938	-134.890228271	-84.7966807267
322.677612305	-139.068782172	-84.7852447618
322.723388672	-132.873235789	-84.7650406341
322.769165039	-134.355715335	-84.7502337943
322.814941406	-131.637101143	-84.8203804196
322.860717773	-133.513751842	-84.8010538293
322.906494141	-143.91985188	-84.7892114118
322.952270508	-142.174379417	-84.7983485824
322.998046875	-145.727434922	-84.784987986
323.043823242	-138.49396027	-84.7792819095
323.089599609	-132.292510192	-84.8005121931
323.135375977	-141.538743962	-84.8119672187
323.181152344	-128.910371166	-84.8489489048
323.226928711	-133.965946821	-84.7767472557
323.272705078	-135.562612676	-84.811419098
323.318481445	-144.315540764	-84.8022064119
323.364257812	-135.760579383	-84.8360532824
323.41003418	-136.260986899	-84.8348619824
323.455810547	-130.773290349	-84.8234956518
323.501586914	-135.998972546	-84.8283254197
323.547363281	-140.329847837	-84.8320831146
323.593139648	-138.606783067	-84.81745703
323.638916016	-134.151593522	-84.8397505373
323.684692383	-146.816965169	-84.8290037
323.73046875	-133.19822425	-84.8547588092
323.776245117	-134.133166027	-84.8206099621
323.822021484	-129.848116649	-84.8253466555
323.867797852	-142.781205949	-84.843527919
323.913574219	-136.937542359	-84.826401443
323.959350586	-136.144599503	-84.8693483481
324.005126953	-136.466559765	-84.8551343422
324.05090332	-139.541390571	-84.8416069364
324.096679688	-137.534898173	-84.8701685549
324.142456055	-137.156094449	-84.8647371287
324.188232422	-141.297694678	-84.8648365078
324.234008789	-135.264110891	-84.882219757
324.279785156	-135.638155048	-84.8398226245
324.325561523	-137.808239667	-84.8834860136
324.371337891	-133.255293733	-84.8529833417
324.417114258	-140.624771205	-84.8622530506
324.462890625	-139.164515495	-84.8850899171
324.508666992	-150.317972111	-84.8809907042
324.554443359	-132.843746532	-84.8498482119
324.600219727	-138.191806213	-84.8687434597
324.645996094	-132.721613626	-84.8927690465
324.691772461	-128.234433464	-84.9313284411
324.737548828	-152.747723741	-84.8928981347
324.783325195	-134.88905919	-84.8659896908
324.829101562	-133.917411157	-84.9245140847
324.87487793	-136.169981997	-84.9146245131
324.920654297	-140.598768188	-84.9146138863
324.966430664	-148.506615986	-84.908769609
325.012207031	-131.315589912	-84.9447445672
325.057983398	-140.47301844	-84.8958476514
325.103759766	-140.922708074	-84.89830516
325.149536133	-153.657632704	-84.9127894912
325.1953125	-137.091534938	-84.9182964241
325.241088867	-129.936666453	-84.9672331509
325.286865234	-147.862759131	-84.9255119417
325.332641602	-142.94784725	-84.9304419829
325.378417969	-132.595090915	-84.9471176719
325.424194336	-138.389959693	-84.9161038336
325.469970703	-131.751781601	-84.8922696151
325.51574707	-134.642602616	-84.9589592724
325.561523438	-130.593602866	-84.895587374
325.607299805	-144.668423446	-84.9474989331
325.653076172	-138.137687828	-84.9384382023
325.698852539	-138.926376232	-84.945958857
325.744628906	-132.034440851	-84.9258487536
325.790405273	-152.296416447	-84.9515558592
325.836181641	-134.175689977	-84.9377697143
325.881958008	-130.592138342	-84.909875281
325.927734375	-132.128422147	-84.9381742531
325.973510742	-134.536838752	-84.9319275375
326.019287109	-136.468414822	-84.9802800647
326.065063477	-132.798826291	-84.9386979855
326.110839844	-138.302738876	-84.9620132299
326.156616211	-144.590846509	-84.9736593023
326.202392578	-145.765002086	-84.9648542159
326.248168945	-130.244926051	-84.9807203114
326.293945312	-133.314640662	-84.9532188975
326.33972168	-141.779400891	-84.9926618912
326.385498047	-139.766839589	-84.9671854502
326.431274414	-136.318452569	-85.0086239973
326.477050781	-141.728874156	-84.9832230684
326.522827148	-136.584657956	-84.994453568
326.568603516	-132.350283736	-85.0266654323
326.614379883	-136.709415472	-85.0056799154
326.66015625	-137.290198989	-85.0188067258
326.705932617	-142.52429853	-84.9897384528
326.751708984	-145.847126256	-84.9972277971
326.797485352	-160.196272216	-85.0072732172
326.843261719	-135.557543396	-84.9843741715
326.889038086	-150.29674275	-85.0157297751
326.934814453	-138.709500693	-84.9995451059
326.98059082	-133.603564975	-84.9918519084
327.026367188	-135.482103283	-84.9967274181
327.072143555	-131.558157365	-85.0370830724
327.117919922	-140.109566183	-85.0390894675
327.163696289	-148.620934543	-85.0215698263
327.209472656	-139.978135008	-85.0436126998
327.255249023	-132.84213536	-84.9963343102
327.301025391	-139.476571767	-85.0424572438
327.346801758	-144.013281087	-85.0463273289
327.392578125	-136.66662837	-85.0292106716
327.438354492	-144.120684429	-85.0505450644
327.484130859	-133.480938476	-85.0244768232
327.529907227	-138.574688322	-85.0297374125
327.575683594	-146.585085343	-85.0558728586
327.621459961	-138.516132225	-85.0397171066
327.667236328	-136.506904797	-85.043083787
327.713012695	-128.057963348	-85.0411097221
327.758789062	-137.394901517	-85.0470230904
327.80456543	-138.789190276	-85.0751280563
327.850341797	-142.611634536	-85.0582066708
327.896118164	-138.472964882	-85.0854879878
327.941894531	-134.786344927	-85.0412538526
327.987670898	-138.694943033	-85.0780360476
328.033447266	-142.778003239	-85.0859339795
328.079223633	-125.728619858	-85.0719858581
328.125	-135.730280036	-85.0824986462
328.170776367	-133.685990721	-85.1077007789
328.216552734	-136.140634204	-85.0770549493
328.262329102	-155.56516376	-85.0883502201
328.308105469	-135.772156251	-85.0999157125
328.353881836	-147.512211871	-85.0989014909
328.399658203	-133.969015928	-85.0660299065
328.44543457	-134.082782423	-85.1280046411
328.491210938	-140.693228256	-85.1140446062
328.536987305	-135.797791931	-85.1149745395
328.582763672	-130.094338022	-85.1443641812
328.628540039	-135.877731864	-85.1172474436
328.674316406	-131.932515231	-85.0745438773
328.720092773	-134.825372622	-85.0971513598
328.765869141	-137.246978875	-85.0938152776
328.811645508	-132.826223812	-85.0820572756
328.857421875	-139.220611613	-85.120177379
328.903198242	-137.592308943	-85.1396846011
328.948974609	-135.098926979	-85.1300160841
328.994750977	-134.700655737	-85.1404578296
329.040527344	-137.600911814	-85.1423718815
329.086303711	-138.091945378	-85.1166560957
329.132080078	-138.011433449	-85.152233208
329.177856445	-139.144249095	-85.1415892975
329.223632812	-136.255555444	-85.1530035136
329.26940918	-130.800787759	-85.1145939081
329.315185547	-140.389970437	-85.1303912919
329.360961914	-140.258368591	-85.1474132895
329.406738281	-137.897375863	-85.1699719833
329.452514648	-135.79988037	-85.1682605857
329.498291016	-127.053255221	-85.1128440493
329.544067383	-149.95748656	-85.1563245101
329.58984375	-132.041658896	-85.1348227564
329.635620117	-133.878420937	-85.1939602112
329.681396484	-137.704403678	-85.1857545151
329.727172852	-138.302487581	-85.1821475896
329.772949219	-138.577534096	-85.1524628672
329.818725586	-142.592537977	-85.1764517415
329.864501953	-130.484766415	-85.1401585063
329.91027832	-136.668597839	-85.1931704704
329.956054688	-138.076297132	-85.1671762939
330.001831055	-137.779632979	-85.1651100118
330.047607422	-133.515431776	-85.2137640601
330.093383789	-137.61044326	-85.2077196517
330.139160156	-138.973727515	-85.1958971107
330.184936523	-149.513607748	-85.189374273
330.230712891	-137.658371897	-85.2159780138
330.276489258	-129.479561948	-85.2160286063
330.322265625	-134.073153814	-85.1852181103
330.368041992	-137.368262143	-85.1850359716
330.413818359	-133.852960946	-85.1758577501
330.459594727	-128.819459683	-85.2581160756
330.505371094	-156.534423185	-85.2083956403
330.551147461	-152.173199165	-85.2091973455
330.596923828	-132.48953389	-85.2525046346
330.642700195	-134.41687881	-85.2330627541
330.688476562	-140.48631544	-85.2322674799
330.73425293	-143.679017743	-85.232468036
330.780029297	-139.389418248	-85.240587223
330.825805664	-150.292890827	-85.2237587467
330.871582031	-130.352083002	-85.2321680715
330.917358398	-131.95388532	-85.2278350326
330.963134766	-144.575914979	-85.2395399861
331.008911133	-137.427045788	-85.2535153679
331.0546875	-132.801514865	-85.2692927419
331.100463867	-134.646417153	-85.2133947999
331.146240234	-131.65824842	-85.2445654169
331.192016602	-139.691403744	-85.2487589846
331.237792969	-130.82110333	-85.2954961203
331.283569336	-136.759438324	-85.2537170257
331.329345703	-130.240864837	-85.2077440228
331.37512207	-139.929176442	-85.2416327308
331.420898438	-142.026588	-85.2683412385
331.466674805	-136.365396756	-85.2385960416
331.512451172	-132.310439878	-85.3024023847
331.558227539	-147.440042036	-85.2708716821
331.604003906	-133.344944056	-85.2380333514
331.649780273	-137.312045831	-85.2906075203
331.695556641	-152.771500932	-85.2770663109
331.741333008	-137.427252872	-85.2608301826
331.787109375	-134.173213785	-85.303291323
331.832885742	-131.472183	-85.2504021373
331.878662109	-148.596755815	-85.2832253236
331.924438477	-135.965442584	-85.2841771409
331.970214844	-142.551805776	-85.3014733991
332.015991211	-134.512306392	-85.3182001363
332.061767578	-144.772133907	-85.2884376715
332.107543945	-133.387225003	-85.2680482389
332.153320312	-146.645593079	-85.2945744863
332.19909668	-133.653398709	-85.2879262319
332.244873047	-142.730460117	-85.2993887443
332.290649414	-131.454833674	-85.3261318952
332.336425781	-139.928235836	-85.2933477004
332.382202148	-133.05949978	-85.2939157852
332.427978516	-140.032499934	-85.298458513
332.473754883	-135.192742806	-85.3418198633
332.51953125	-136.614864041	-85.2957755805
332.565307617	-144.672493335	-85.3261756158
332.611083984	-136.4475671	-85.3444867672
332.656860352	-126.173137378	-85.2658678661
332.702636719	-143.398726845	-85.3400090175
332.748413086	-133.560191363	-85.2988063394
332.794189453	-146.502240735	-85.331890434
332.83996582	-138.892283306	-85.3411060978
332.885742188	-133.10752662	-85.373681381
332.931518555	-134.750777689	-85.3168427874
332.977294922	-138.999144411	-85.3283887453
333.023071289	-136.510460445	-85.3248952127
333.068847656	-133.526692805	-85.3717297281
333.114624023	-134.083994378	-85.3830496268
333.160400391	-141.37880841	-85.3647782562
333.206176758	-136.485233097	-85.332455395
333.251953125	-137.681811228	-85.3783473021
333.297729492	-140.106183815	-85.3719000661
333.343505859	-133.69996418	-85.3339568912
333.389282227	-131.92601683	-85.3911486113
333.435058594	-141.017692015	-85.3634597329
333.480834961	-135.058513684	-85.3806803546
333.526611328	-136.147962036	-85.3758726534
333.572387695	-143.333846054	-85.3688717056
333.618164062	-134.404866559	-85.3709950082
333.66394043	-137.729902116	-85.3942584265
333.709716797	-135.560788609	-85.4094188337
333.755493164	-145.475521238	-85.3818440167
333.801269531	-132.75037609	-85.3795229009
333.847045898	-132.000486575	-85.4214122468
333.892822266	-138.929499433	-85.3838483118
333.938598633	-136.466976428	-85.3953223106
333.984375	-137.768976812	-85.4110021673
334.030151367	-128.655200616	-85.3984105008
334.075927734	-129.301141582	-85.4482581818
334.121704102	-133.324943924	-85.4312917768
334.167480469	-144.347638584	-85.4084896236
334.213256836	-130.278037522	-85.4388811998
334.259033203	-131.218329866	-85.4172541596
334.30480957	-133.808565169	-85.3955690427
334.350585938	-144.889644185	-85.4080271297
334.396362305	-141.421954157	-85.4330796524
334.442138672	-140.265547422	-85.4276246115
334.487915039	-142.874489904	-85.4209452973
334.533691406	-136.445310096	-85.4305912962
334.579467773	-132.081595905	-85.4004334686
334.625244141	-130.255284037	-85.3869096295
334.671020508	-148.315435652	-85.4298738503
334.716796875	-141.157495557	-85.4496180654
334.762573242	-133.717870023	-85.4460893415
334.808349609	-132.335028765	-85.4347480845
334.854125977	-139.607055103	-85.4452724686
334.899902344	-141.274301877	-85.4587956427
334.945678711	-140.791269292	-85.4371793553
334.991455078	-146.889366603	-85.4521712491
335.037231445	-137.261849814	-85.4338269136
335.083007812	-137.452840426	-85.4558047802
335.12878418	-141.698386288	-85.4710039567
335.174560547	-137.830947445	-85.4758973507
335.220336914	-134.842180824	-85.4840639647
335.266113281	-149.522001884	-85.4684473711
335.311889648	-141.237178618	-85.4823603567
335.357666016	-139.920597989	-85.4827703646
335.403442383	-132.471863239	-85.5099434144
335.44921875	-147.37071788	-85.4735845657
335.494995117	-135.784283636	-85.4546284685
335.540771484	-134.805361548	-85.5082401609
335.586547852	-139.412329587	-85.4696715293
335.632324219	-129.107805135	-85.4383904527
335.678100586	-141.605993952	-85.5003788257
335.723876953	-136.153257191	-85.4874991746
335.76965332	-157.562412923	-85.4939615958
335.815429688	-142.17576871	-85.4908224861
335.861206055	-132.507477405	-85.469274937
335.906982422	-142.938319346	-85.5112438307
335.952758789	-142.859208082	-85.493686368
335.998535156	-129.397567192	-85.4504826432
336.044311523	-140.283325241	-85.4993359773
336.090087891	-134.928715951	-85.4882367916
336.135864258	-134.596098482	-85.5382463397
336.181640625	-131.633548556	-85.4718674443
336.227416992	-138.787291267	-85.5332390194
336.273193359	-166.094145085	-85.5195869316
336.318969727	-136.581997393	-85.5262285031
336.364746094	-139.310313282	-85.5143811286
336.410522461	-146.777437709	-85.524630231
336.456298828	-136.940984666	-85.5066676199
336.502075195	-148.275294801	-85.5283855295
336.547851562	-139.310774528	-85.5292390004
336.59362793	-145.285184002	-85.5282542798
336.639404297	-133.19948533	-85.5023354705
336.685180664	-138.936499376	-85.527253106
336.730957031	-131.033200298	-85.5317293559
336.776733398	-145.67071956	-85.5369765437
336.822509766	-137.54762771	-85.5496929805
336.868286133	-146.968216535	-85.5460797474
336.9140625	-136.171557258	-85.5773070248
336.959838867	-136.527031852	-85.5789907395
337.005615234	-131.903816772	-85.5978433365
337.051391602	-135.286894781	-85.5827347438
337.097167969	-129.549994347	-85.5838829426
337.142944336	-133.694500793	-85.5598367133
337.188720703	-129.688170996	-85.534317878
337.23449707	-137.387294032	-85.5514604367
337.280273438	-140.40219814	-85.5673739479
337.326049805	-133.056055327	-85.6066919505
337.371826172	-142.612756696	-85.5886149175
337.417602539	-135.715038798	-85.5956215524
337.463378906	-135.331037139	-85.6073974304
337.509155273	-141.881953948	-85.5746183038
337.554931641	-137.119345817	-85.5630491425
337.600708008	-135.725731747	-85.5883122891
337.646484375	-132.04695533	-85.6093153094
337.692260742	-145.037071667	-85.5976083857
337.738037109	-134.799623833	-85.6125522018
337.783813477	-142.489258144	-85.5867448862
337.829589844	-148.087358453	-85.6054062345
337.875366211	-132.947319073	-85.6238762665
337.921142578	-131.381136507	-85.6074455561
337.966918945	-136.231502183	-85.6211767255
338.012695312	-142.494774763	-85.5974059375
338.05847168	-135.839285959	-85.5954627136
338.104248047	-140.031128194	-85.6284513992
338.150024414	-138.4340772	-85.630026193
338.195800781	-137.115010751	-85.6001288005
338.241577148	-133.51676791	-85.6306331228
338.287353516	-143.760668472	-85.6243246219
338.333129883	-138.960940935	-85.6450606396
338.37890625	-132.326052448	-85.6118138418
338.424682617	-148.362284709	-85.6257901535
338.470458984	-132.693780499	-85.6389868722
338.516235352	-140.941839283	-85.6236186337
338.562011719	-139.058171059	-85.6301022573
338.607788086	-144.542637201	-85.6417768625
338.653564453	-139.411755013	-85.6478993393
338.69934082	-131.233247489	-85.6406137878
338.745117188	-142.403464362	-85.6603864172
338.790893555	-144.603690237	-85.6573531762
338.836669922	-133.814746393	-85.6864255987
338.882446289	-142.165393581	-85.6677376106
338.928222656	-142.595340079	-85.6694020402
338.973999023	-136.650952902	-85.6663459058
339.019775391	-136.464634716	-85.6701038641
339.065551758	-137.195230752	-85.6874375275
339.111328125	-132.728409919	-85.6957145392
339.157104492	-129.428775482	-85.725650342
339.202880859	-138.976739521	-85.6882327927
339.248657227	-135.076249947	-85.6613345807
339.294433594	-148.673272501	-85.6815770053
339.340209961	-131.202218931	-85.7117488895
339.385986328	-143.1321193	-85.6738906822
339.431762695	-130.244111093	-85.6530851825
339.477539062	-136.390650122	-85.6633302049
339.52331543	-135.697749001	-85.698903936
339.569091797	-143.435051583	-85.684367204
339.614868164	-131.476419627	-85.6997131134
339.660644531	-142.026956881	-85.6961751286
339.706420898	-133.82435413	-85.6641661844
339.752197266	-140.007868968	-85.7005744388
339.797973633	-135.995503027	-85.6956818106
339.84375	-136.800007773	-85.7195039814
339.889526367	-137.694267676	-85.7287099899
339.935302734	-130.787881142	-85.7184527828
339.981079102	-139.577869816	-85.7049919299
340.026855469	-147.371307165	-85.7209242543
340.072631836	-141.888045989	-85.7193400798
340.118408203	-147.75854457	-85.7171623824
340.16418457	-152.203529506	-85.720559172
340.209960938	-137.228646877	-85.7451798979
340.255737305	-139.746300207	-85.7266415775
340.301513672	-135.463421134	-85.7001185577
340.347290039	-133.491837574	-85.7586080677
340.393066406	-147.973571679	-85.7390005109
340.438842773	-130.445103398	-85.7836648736
340.484619141	-135.034284578	-85.7245909273
340.530395508	-149.004024292	-85.7339171993
340.576171875	-141.021434029	-85.7281638703
340.621948242	-136.005611869	-85.7288046981
340.667724609	-134.844242494	-85.7216689075
340.713500977	-133.274839551	-85.7181529416
340.759277344	-136.891407521	-85.732347265
340.805053711	-134.185252529	-85.7325189079
340.850830078	-145.955983289	-85.7479375234
340.896606445	-131.752667398	-85.7218027415
340.942382812	-146.933651048	-85.7677034405
340.98815918	-137.664761665	-85.7412612991
341.033935547	-137.021303397	-85.786240828
341.079711914	-145.879361165	-85.7674626626
341.125488281	-135.955144897	-85.7663454601
341.171264648	-136.427586272	-85.7977953281
341.217041016	-144.249433501	-85.7738422678
341.262817383	-143.921854388	-85.787771475
341.30859375	-139.011954961	-85.7616687672
341.354370117	-134.789486035	-85.7640716276
341.400146484	-143.788665753	-85.7945686044
341.445922852	-139.287350355	-85.8010325412
341.491699219	-141.785925716	-85.7965234361
341.537475586	-135.407480781	-85.8073440763
341.583251953	-132.706463991	-85.754646044
341.62902832	-142.148407672	-85.8088420867
341.674804688	-136.680640212	-85.776595157
341.720581055	-153.21582954	-85.796825678
341.766357422	-137.99226866	-85.7836600069
341.812133789	-134.450922885	-85.7868448647
341.857910156	-137.571674789	-85.8286748285
341.903686523	-136.989892846	-85.7913451159
341.949462891	-134.404194945	-85.7802112323
341.995239258	-135.578201649	-85.7874227316
342.041015625	-142.524602004	-85.8070025042
342.086791992	-137.995161727	-85.8095912593
342.132568359	-142.96089044	-85.8301205807
342.178344727	-137.095645088	-85.8342446597
342.224121094	-153.648357568	-85.8266173324
342.269897461	-139.815460212	-85.8362541536
342.315673828	-134.355139447	-85.8436676908
342.361450195	-133.602860676	-85.7992627773
342.407226562	-137.790771387	-85.8571600594
342.45300293	-135.417820335	-85.823870429
342.498779297	-132.648516384	-85.8753964129
342.544555664	-136.351048453	-85.8194188023
342.590332031	-138.317690044	-85.8612474001
342.636108398	-145.789499883	-85.8400877969
342.681884766	-134.943175908	-85.8201898485
342.727661133	-134.526205221	-85.8820579571
342.7734375	-130.937602307	-85.8530024231
342.819213867	-140.324124506	-85.8464935378
342.864990234	-139.169697429	-85.8641221915
342.910766602	-134.601189271	-85.8893483207
342.956542969	-168.037215895	-85.8637936065
343.002319336	-150.065781415	-85.8682919868
343.048095703	-129.524448335	-85.8716097603
343.09387207	-135.26569611	-85.880442632
343.139648438	-129.873971767	-85.8312709659
343.185424805	-137.360268012	-85.8842705456
343.231201172	-149.642123744	-85.8714849947
343.276977539	-134.613046932	-85.8976940959
343.322753906	-138.211719306	-85.8856421473
343.368530273	-138.216854096	-85.8899196409
343.414306641	-136.633341013	-85.8831346315
343.460083008	-133.942396058	-85.8941373986
343.505859375	-130.34261331	-85.867171798
343.551635742	-145.005959	-85.8943317304
343.597412109	-138.715159227	-85.906561834
343.643188477	-144.774258868	-85.9046044588
343.688964844	-133.194921881	-85.8648436045
343.734741211	-130.544228382	-85.9533318784
343.780517578	-143.749023661	-85.8956473785
343.826293945	-145.183143383	-85.9036899277
343.872070312	-138.517116874	-85.9270502907
343.91784668	-143.163123991	-85.9026827461
343.963623047	-135.706177811	-85.8967480953
344.009399414	-134.523190466	-85.8852762629
344.055175781	-139.723180987	-85.9198325785
344.100952148	-137.688650289	-85.8985080825
344.146728516	-137.47696697	-85.9059455369
344.192504883	-132.914610765	-85.8963687887
344.23828125	-139.551559769	-85.9104190251
344.284057617	-139.035805878	-85.9316305655
344.329833984	-142.308166007	-85.9430477504
344.375610352	-136.659252283	-85.9446108354
344.421386719	-132.85525048	-85.9314379675
344.467163086	-139.066537892	-85.9329657849
344.512939453	-141.170351048	-85.9564131515
344.55871582	-129.670397036	-85.8962870338
344.604492188	-131.295450891	-85.9171761534
344.650268555	-140.295685659	-85.9649095349
344.696044922	-138.663446283	-85.9643631415
344.741821289	-156.381026267	-85.9552673544
344.787597656	-136.155818014	-85.9284606287
344.833374023	-133.414452868	-85.9208388282
344.879150391	-132.310852354	-86.001370791
344.924926758	-130.493851125	-85.9981269174
344.970703125	-130.989002754	-86.0120329723
345.016479492	-139.377373247	-85.9480803463
345.062255859	-137.120892772	-85.9827614988
345.108032227	-140.33556511	-85.9839102055
345.153808594	-137.647273184	-85.9912433094
345.199584961	-145.62353362	-85.970512176
345.245361328	-134.100518291	-85.9646028253
345.291137695	-134.762919678	-86.0001250437
345.336914062	-133.102799853	-86.0172227047
345.38269043	-136.2810307	-85.9671081282
345.428466797	-138.753031682	-85.9727747848
345.474243164	-135.982096474	-85.9764981211
345.520019531	-133.579769675	-85.9580984049
345.565795898	-143.35369096	-86.001910739
345.611572266	-132.062866306	-85.9999701007
345.657348633	-132.930378134	-85.9619285538
345.703125	-139.183581775	-86.007071775
345.748901367	-142.791279949	-86.0090806909
345.794677734	-139.639639931	-86.0147825845
345.840454102	-144.604444672	-86.0158701651
345.886230469	-144.821633968	-86.0116824848
345.932006836	-137.620937725	-86.030929341
345.977783203	-132.261425616	-86.0274445973
346.02355957	-136.290426958	-86.0295609829
346.069335938	-129.053096369	-86.0793450177
346.115112305	-137.806630831	-86.0104035116
346.160888672	-140.949335841	-86.0322687631
346.206665039	-144.346753721	-86.0284044079
346.252441406	-153.104149428	-86.024658496
346.298217773	-135.900907115	-86.0464821994
346.343994141	-147.362578042	-86.0396870581
346.389770508	-135.098562341	-86.0111556138
346.435546875	-136.506807216	-86.0324618875
346.481323242	-129.23814354	-86.0903376981
346.527099609	-129.964268757	-86.0641497839
346.572875977	-141.576098787	-86.0449579357
346.618652344	-135.5423478	-86.0184559522
346.664428711	-138.337387844	-86.0459757237
346.710205078	-135.63665043	-86.0372544198
346.755981445	-133.926751776	-86.06698166
346.801757812	-132.875249725	-86.019169094
346.84753418	-129.52909635	-86.0311943091
346.893310547	-136.328430312	-86.0860514177
346.939086914	-138.341777904	-86.0765027868
346.984863281	-144.079536344	-86.0541440532
347.030639648	-144.650940406	-86.0703132661
347.076416016	-131.955903547	-86.1123325711
347.122192383	-133.077819723	-86.0774435245
347.16796875	-135.790202872	-86.0881747296
347.213745117	-138.464612806	-86.0701343819
347.259521484	-132.371421966	-86.0478912038
347.305297852	-137.908976822	-86.0645255382
347.351074219	-130.172608468	-86.0769174589
347.396850586	-137.759760629	-86.0619592355
347.442626953	-135.386738118	-86.0576197862
347.48840332	-142.891190402	-86.0996201431
347.534179688	-135.452341748	-86.118293334
347.579956055	-136.348232835	-86.1093582311
347.625732422	-136.257353848	-86.0697538091
347.671508789	-134.413088199	-86.0781370423
347.717285156	-138.155350004	-86.1089493775
347.763061523	-135.705787804	-86.0793155738
347.808837891	-148.867099529	-86.0998521512
347.854614258	-132.800252208	-86.1469076872
347.900390625	-133.160076598	-86.1353018921
347.946166992	-132.089989202	-86.0683706603
347.991943359	-143.340570826	-86.1018945225
348.037719727	-136.89128266	-86.0936767667
348.083496094	-134.376617824	-86.1194259061
348.129272461	-134.506885944	-86.1169817561
348.175048828	-136.129545139	-86.113433637
348.220825195	-135.127003059	-86.1456310085
348.266601562	-137.332871632	-86.109995412
348.31237793	-134.378020792	-86.1014349968
348.358154297	-150.287254341	-86.1356027776
348.403930664	-134.987819317	-86.1593559306
348.449707031	-139.563545953	-86.1223992915
348.495483398	-135.192291139	-86.1555455702
348.541259766	-143.328710143	-86.1421157629
348.587036133	-133.608596287	-86.1116974125
348.6328125	-141.094312994	-86.1447274441
348.678588867	-137.54952463	-86.170450079
348.724365234	-128.376249014	-86.2032054347
348.770141602	-129.268886635	-86.1943374769
348.815917969	-134.450971626	-86.1455702506
348.861694336	-137.80822956	-86.1362389597
348.907470703	-128.898676567	-86.0976853316
348.95324707	-142.958237948	-86.1623071617
348.999023438	-135.016988159	-86.1888694726
349.044799805	-136.971450442	-86.1523314552
349.090576172	-138.769943418	-86.1824659709
349.136352539	-134.567222963	-86.1914551333
349.182128906	-131.16604624	-86.1705102771
349.227905273	-144.457340653	-86.1684792309
349.273681641	-132.24417621	-86.1545837381
349.319458008	-130.147358547	-86.2002825478
349.365234375	-136.265190281	-86.2013695068
349.411010742	-144.750284262	-86.1930906908
349.456787109	-141.644349908	-86.1983708208
349.502563477	-127.714168072	-86.182455671
349.548339844	-142.498805613	-86.1954729508
349.594116211	-140.827520801	-86.1853778725
349.639892578	-131.332551007	-86.155916599
349.685668945	-144.015598418	-86.1990063529
349.731445312	-139.98752153	-86.1995851977
349.77722168	-137.424704078	-86.1898525264
349.822998047	-139.30910792	-86.207478813
349.868774414	-153.293162545	-86.20900118
349.914550781	-134.516252693	-86.1850076407
349.960327148	-141.910554006	-86.2132391996
