t_ms	level_dbfs
-20	-41.8285714286
-19.9166666667	-41.8285714286
-19.8333333333	-41.8285714286
-19.75	-41.8285714286
-19.6666666667	-41.8285714286
-19.5833333333	-41.8285714286
-19.5	-41.8285714286
-19.4166666667	-41.8285714286
-19.3333333333	-41.8285714286
-19.25	-41.8285714286
-19.1666666667	-41.8285714286
-19.0833333333	-41.8285714286
-19	-41.8285714286
-18.9166666667	-41.8285714286
-18.8333333333	-41.8285714286
-18.75	-41.8285714286
-18.6666666667	-41.8285714286
-18.5833333333	-41.8285714286
-18.5	-41.8285714286
-18.4166666667	-41.8285714286
-18.3333333333	-41.8285714286
-18.25	-41.8285714286
-18.1666666667	-41.8285714286
-18.0833333333	-41.8285714286
-18	-41.8285714286
-17.9166666667	-41.8285714286
-17.8333333333	-41.8285714286
-17.75	-41.8285714286
-17.6666666667	-41.8285714286
-17.5833333333	-41.8285714286
-17.5	-41.8285714286
-17.4166666667	-41.8285714286
-17.3333333333	-41.8285714286
-17.25	-41.8285714286
-17.1666666667	-41.8285714286
-17.0833333333	-41.8285714286
-17	-41.8285714286
-16.9166666667	-41.8285714286
-16.8333333333	-41.8285714286
-16.75	-41.8285714286
-16.6666666667	-41.8285714286
-16.5833333333	-41.8285714286
-16.5	-41.8285714286
-16.4166666667	-41.8285714286
-16.3333333333	-41.8285714286
-16.25	-41.8285714286
-16.1666666667	-41.8285714286
-16.0833333333	-41.8285714286
-16	-41.8285714286
-15.9166666667	-41.8285714286
-15.8333333333	-41.8285714286
-15.75	-41.8285714286
-15.6666666667	-41.8285714286
-15.5833333333	-41.8285714286
-15.5	-41.8285714286
-15.4166666667	-41.8285714286
-15.3333333333	-41.8285714286
-15.25	-41.8285714286
-15.1666666667	-41.8285714286
-15.0833333333	-41.8285714286
-15	-41.8285714286
-14.9166666667	-41.8285714286
-14.8333333333	-41.8285714286
-14.75	-41.8285714286
-14.6666666667	-41.8285714286
-14.5833333333	-41.8285714286
-14.5	-41.8285714286
-14.4166666667	-41.8285714286
-14.3333333333	-41.8285714286
-14.25	-41.8285714286
-14.1666666667	-41.8285714286
-14.0833333333	-41.8285714286
-14	-41.8285714286
-13.9166666667	-41.8285714286
-13.8333333333	-41.8285714286
-13.75	-41.8285714286
-13.6666666667	-41.8285714286
-13.5833333333	-41.8285714286
-13.5	-41.8285714286
-13.4166666667	-41.8285714286
-13.3333333333	-41.8285714286
-13.25	-41.8285714286
-13.1666666667	-41.8285714286
-13.0833333333	-41.8285714286
-13	-41.8285714286
-12.9166666667	-41.8285714286
-12.8333333333	-41.8285714286
-12.75	-41.8285714286
-12.6666666667	-41.8285714286
-12.5833333333	-41.8285714286
-12.5	-41.8285714286
-12.4166666667	-41.8285714286
-12.3333333333	-41.8285714286
-12.25	-41.8285714286
-12.1666666667	-41.8285714286
-12.0833333333	-41.8285714286
-12	-41.8285714286
-11.9166666667	-41.8285714286
-11.8333333333	-41.8285714286
-11.75	-41.8285714286
-11.6666666667	-41.8285714286
-11.5833333333	-41.8285714286
-11.5	-41.8285714286
-11.4166666667	-41.8285714286
-11.3333333333	-41.8285714286
-11.25	-41.8285714286
-11.1666666667	-41.8285714286
-11.0833333333	-41.8285714286
-11	-41.8285714286
-10.9166666667	-41.8285714286
-10.8333333333	-41.8285714286
-10.75	-41.8285714286
-10.6666666667	-41.8285714286
-10.5833333333	-41.8285714286
-10.5	-41.8285714286
-10.4166666667	-41.8285714286
-10.3333333333	-41.8285714286
-10.25	-41.8285714286
-10.1666666667	-41.8285714286
-10.0833333333	-41.8285714286
-10	-41.8285714286
-9.91666666667	-41.8285714286
-9.83333333333	-41.8285714286
-9.75	-41.8285714286
-9.66666666667	-41.8285714286
-9.58333333333	-41.8285714286
-9.5	-41.8285714286
-9.41666666667	-41.8285714286
-9.33333333333	-41.8285714286
-9.25	-41.8285714286
-9.16666666667	-41.8285714286
-9.08333333333	-41.8285714286
-9	-41.8285714286
-8.91666666667	-41.8285714286
-8.83333333333	-41.8285714286
-8.75	-41.8285714286
-8.66666666667	-41.8285714286
-8.58333333333	-41.8285714286
-8.5	-41.8285714286
-8.41666666667	-41.8285714286
-8.33333333333	-41.8285714286
-8.25	-41.8285714286
-8.16666666667	-41.8285714286
-8.08333333333	-41.8285714286
-8	-41.8285714286
-7.91666666667	-41.8285714286
-7.83333333333	-41.8285714286
-7.75	-41.8285714286
-7.66666666667	-41.8285714286
-7.58333333333	-41.8285714286
-7.5	-41.8285714286
-7.41666666667	-41.8285714286
-7.33333333333	-41.8285714286
-7.25	-41.8285714286
-7.16666666667	-41.8285714286
-7.08333333333	-41.8285714286
-7	-41.8285714286
-6.91666666667	-41.8285714286
-6.83333333333	-41.8285714286
-6.75	-41.8285714286
-6.66666666667	-41.8285714286
-6.58333333333	-41.8285714286
-6.5	-41.8285714286
-6.41666666667	-41.8285714286
-6.33333333333	-41.8285714286
-6.25	-41.8285714286
-6.16666666667	-41.8285714286
-6.08333333333	-41.8285714286
-6	-41.8285714286
-5.91666666667	-41.8285714286
-5.83333333333	-41.8285714286
-5.75	-41.8285714286
-5.66666666667	-41.8285714286
-5.58333333333	-41.8285714286
-5.5	-41.8285714286
-5.41666666667	-41.8285714286
-5.33333333333	-41.8285714286
-5.25	-41.8285714286
-5.16666666667	-41.8285714286
-5.08333333333	-41.8285714286
-5	-41.8285714286
-4.91666666667	-41.8285714286
-4.83333333333	-41.8285714286
-4.75	-41.8285714286
-4.66666666667	-41.8285714286
-4.58333333333	-41.8285714286
-4.5	-41.8285714286
-4.41666666667	-41.8285714286
-4.33333333333	-41.8285714286
-4.25	-41.8285714286
-4.16666666667	-41.8285714286
-4.08333333333	-41.8285714286
-4	-41.8285714286
-3.91666666667	-41.8285714286
-3.83333333333	-41.8285714286
-3.75	-41.8285714286
-3.66666666667	-41.8285714286
-3.58333333333	-41.8285714286
-3.5	-41.8285714286
-3.41666666667	-41.8285714286
-3.33333333333	-41.8285714286
-3.25	-41.8285714286
-3.16666666667	-41.8285714286
-3.08333333333	-41.8285714286
-3	-41.8285714286
-2.91666666667	-41.8285714286
-2.83333333333	-41.8285714286
-2.75	-41.8285714286
-2.66666666667	-41.8285714286
-2.58333333333	-41.8285714286
-2.5	-41.8285714286
-2.41666666667	-41.8285714286
-2.33333333333	-41.8285714286
-2.25	-41.8285714286
-2.16666666667	-41.8285714286
-2.08333333333	-41.8285714286
-2	-41.8285714286
-1.91666666667	-41.8285714286
-1.83333333333	-41.8285714286
-1.75	-41.8285714286
-1.66666666667	-41.8285714286
-1.58333333333	-41.8285714286
-1.5	-41.8285714286
-1.41666666667	-41.8285714286
-1.33333333333	-41.8285714286
-1.25	-41.8285714286
-1.16666666667	-41.8285714286
-1.08333333333	-41.8285714286
-1	-41.8285714286
-0.916666666667	-41.8285714286
-0.833333333333	-41.8285714286
-0.75	-41.8285714286
-0.666666666667	-41.8285714286
-0.583333333333	-41.8285714286
-0.5	-41.8285714286
-0.416666666667	-41.8285714286
-0.333333333333	-41.8285714286
-0.25	-41.8285714286
-0.166666666667	-41.8285714286
-0.0833333333333	-41.8285714286
0	-41.8285714286
0.0833333333333	-41.8284932197
0.166666666667	-41.8282586107
0.25	-41.8278676543
0.333333333333	-41.8273204389
0.416666666667	-41.8266170875
0.5	-41.8257577586
0.583333333333	-41.8247426458
0.666666666667	-41.8235719775
0.75	-41.8222460173
0.833333333333	-41.8207650633
0.916666666667	-41.8191294486
1	-41.8173395408
1.08333333333	-41.8153957418
1.16666666667	-41.8132984881
1.25	-41.8110482499
1.33333333333	-41.8086455319
1.41666666667	-41.8060908721
1.5	-41.8033848422
1.58333333333	-41.8005280475
1.66666666667	-41.7975211262
1.75	-41.7943647493
1.83333333333	-41.7910596207
1.91666666667	-41.7876064765
2	-41.7840060851
2.08333333333	-41.7802592465
2.16666666667	-41.7763667924
2.25	-41.7723295858
2.33333333333	-41.7681485204
2.41666666667	-41.7638245207
2.5	-41.7593585415
2.58333333333	-41.7547515672
2.66666666667	-41.7500046122
2.75	-41.7451187199
2.83333333333	-41.7400949625
2.91666666667	-41.7349344407
3	-41.7296382833
3.08333333333	-41.7242076469
3.16666666667	-41.7186437151
3.25	-41.7129476986
3.33333333333	-41.7071208344
3.41666666667	-41.7011643855
3.5	-41.6950796407
3.58333333333	-41.6888679138
3.66666666667	-41.6825305432
3.75	-41.6760688917
3.83333333333	-41.6694843459
3.91666666667	-41.6627783156
4	-41.6559522336
4.08333333333	-41.649007555
4.16666666667	-41.6419457568
4.25	-41.6347683376
4.33333333333	-41.6274768168
4.41666666667	-41.6200727343
4.5	-41.6125576499
4.58333333333	-41.604933143
4.66666666667	-41.5972008119
4.75	-41.5893622735
4.83333333333	-41.5814191625
4.91666666667	-41.5733731311
5	-41.5652258486
5.08333333333	-41.5569790008
5.16666666667	-41.5486342891
5.25	-41.5401934308
5.33333333333	-41.5316581578
5.41666666667	-41.5230302167
5.5	-41.5143113677
5.58333333333	-41.5055033846
5.66666666667	-41.4966080543
5.75	-41.4876271756
5.83333333333	-41.4785625596
5.91666666667	-41.4694160287
6	-41.460189416
6.08333333333	-41.4508845652
6.16666666667	-41.4415033296
6.25	-41.4320475722
6.33333333333	-41.4225191646
6.41666666667	-41.4129199869
6.5	-41.4032519272
6.58333333333	-41.3935168807
6.66666666667	-41.3837167499
6.75	-41.3738534433
6.83333333333	-41.3639288758
6.91666666667	-41.3539449675
7	-41.3439036435
7.08333333333	-41.3338068336
7.16666666667	-41.3236564715
7.25	-41.3134544947
7.33333333333	-41.3032028437
7.41666666667	-41.2929034619
7.5	-41.2825582947
7.58333333333	-41.2721692896
7.66666666667	-41.2617383952
7.75	-41.2512675613
7.83333333333	-41.2407587382
7.91666666667	-41.2302138762
8	-41.2196349253
8.08333333333	-41.2090238349
8.16666666667	-41.1983825531
8.25	-41.1877130267
8.33333333333	-41.1770172004
8.41666666667	-41.1662970167
8.5	-41.1555544153
8.58333333333	-41.1447913329
8.66666666667	-41.1340097028
8.75	-41.1232114544
8.83333333333	-41.1123985131
8.91666666667	-41.1015727996
9	-41.0907362298
9.08333333333	-41.0798907145
9.16666666667	-41.0690381587
9.25	-41.0581804619
9.33333333333	-41.0473195171
9.41666666667	-41.0364572109
9.5	-41.0255954231
9.58333333333	-41.0147360263
9.66666666667	-41.0038808857
9.75	-40.9930318588
9.83333333333	-40.982190795
9.91666666667	-40.9713595356
10	-40.9605399132
10.0833333333	-40.9497337515
10.1666666667	-40.9389428653
10.25	-40.9281690598
10.3333333333	-40.9174141308
10.4166666667	-40.9066798641
10.5	-40.8959680355
10.5833333333	-40.8852804104
10.6666666667	-40.8746187437
10.75	-40.8639847794
10.8333333333	-40.8533802507
10.9166666667	-40.8428068794
11	-40.8322663761
11.0833333333	-40.8217604394
11.1666666667	-40.8112907565
11.25	-40.8008590024
11.3333333333	-40.7904668398
11.4166666667	-40.7801159193
11.5	-40.7698078787
11.5833333333	-40.7595443433
11.6666666667	-40.7493269254
11.75	-40.7391572242
11.8333333333	-40.7290368259
11.9166666667	-40.7189673031
12	-40.7089502152
12.0833333333	-40.6989871077
12.1666666667	-40.6890795124
12.25	-40.6792289475
12.3333333333	-40.6694369167
12.4166666667	-40.6597049099
12.5	-40.6500344025
12.5833333333	-40.6404268558
12.6666666667	-40.6308837164
12.75	-40.6214064162
12.8333333333	-40.6119963727
12.9166666667	-40.6026549884
13	-40.593383651
13.0833333333	-40.5841837331
13.1666666667	-40.5750565922
13.25	-40.566003571
13.3333333333	-40.5570259964
13.4166666667	-40.5481251806
13.5	-40.5393024198
13.5833333333	-40.5305589953
13.6666666667	-40.5218961724
13.75	-40.5133152012
13.8333333333	-40.5048173158
13.9166666667	-40.496403735
14	-40.4880756613
14.0833333333	-40.4798342819
14.1666666667	-40.4716807679
14.25	-40.4636162744
14.3333333333	-40.4556419407
14.4166666667	-40.4477588899
14.5	-40.4399682294
14.5833333333	-40.4322710501
14.6666666667	-40.4246684271
14.75	-40.4171614191
14.8333333333	-40.4097510689
14.9166666667	-40.4024384028
15	-40.3952244311
15.0833333333	-40.3881101476
15.1666666667	-40.38109653
15.25	-40.3741845395
15.3333333333	-40.3673751213
15.4166666667	-40.3606692038
15.5	-40.3540676994
15.5833333333	-40.347571504
15.6666666667	-40.3411814968
15.75	-40.3348985412
15.8333333333	-40.3287234836
15.9166666667	-40.3226571542
16	-40.3167003668
16.0833333333	-40.3108539187
16.1666666667	-40.3051185907
16.25	-40.2994951472
16.3333333333	-40.293984336
16.4166666667	-40.2885868885
16.5	-40.2833035196
16.5833333333	-40.2781349279
16.6666666667	-40.2730817952
16.75	-40.2681447869
16.8333333333	-40.2633245522
16.9166666667	-40.2586217233
17	-40.2540369164
17.0833333333	-40.2495707309
17.1666666667	-40.2452237499
17.25	-40.2409965399
17.3333333333	-40.2368896509
17.4166666667	-40.2329036165
17.5	-40.2290389538
17.5833333333	-40.2252961634
17.6666666667	-40.2216757294
17.75	-40.2181781197
17.8333333333	-40.2148037853
17.9166666667	-40.211553161
18	-40.2084266653
18.0833333333	-40.2054246998
18.1666666667	-40.2025476501
18.25	-40.1997958851
18.3333333333	-40.1971697573
18.4166666667	-40.1946696029
18.5	-40.1922957416
18.5833333333	-40.1900484766
18.6666666667	-40.1879280947
18.75	-40.1859348664
18.8333333333	-40.1840690457
18.9166666667	-40.1823308702
19	-40.1807205611
19.0833333333	-40.1792383232
19.1666666667	-40.1778843449
19.25	-40.1766587982
19.3333333333	-40.1755618388
19.4166666667	-40.1745936058
19.5	-40.1737542222
19.5833333333	-40.1730437943
19.6666666667	-40.1724624124
19.75	-40.1720101499
19.8333333333	-40.1716870644
19.9166666667	-40.1714931967
20	-40.1714285714
20.0833333333	-40.1714285714
20.1666666667	-40.1714285714
20.25	-40.1714285714
20.3333333333	-40.1714285714
20.4166666667	-40.1714285714
20.5	-40.1714285714
20.5833333333	-40.1714285714
20.6666666667	-40.1714285714
20.75	-40.1714285714
20.8333333333	-40.1714285714
20.9166666667	-40.1714285714
21	-40.1714285714
21.0833333333	-40.1714285714
21.1666666667	-40.1714285714
21.25	-40.1714285714
21.3333333333	-40.1714285714
21.4166666667	-40.1714285714
21.5	-40.1714285714
21.5833333333	-40.1714285714
21.6666666667	-40.1714285714
21.75	-40.1714285714
21.8333333333	-40.1714285714
21.9166666667	-40.1714285714
22	-40.1714285714
22.0833333333	-40.1714285714
22.1666666667	-40.1714285714
22.25	-40.1714285714
22.3333333333	-40.1714285714
22.4166666667	-40.1714285714
22.5	-40.1714285714
22.5833333333	-40.1714285714
22.6666666667	-40.1714285714
22.75	-40.1714285714
22.8333333333	-40.1714285714
22.9166666667	-40.1714285714
23	-40.1714285714
23.0833333333	-40.1714285714
23.1666666667	-40.1714285714
23.25	-40.1714285714
23.3333333333	-40.1714285714
23.4166666667	-40.1714285714
23.5	-40.1714285714
23.5833333333	-40.1714285714
23.6666666667	-40.1714285714
23.75	-40.1714285714
23.8333333333	-40.1714285714
23.9166666667	-40.1714285714
24	-40.1714285714
24.0833333333	-40.1714285714
24.1666666667	-40.1714285714
24.25	-40.1714285714
24.3333333333	-40.1714285714
24.4166666667	-40.1714285714
24.5	-40.1714285714
24.5833333333	-40.1714285714
24.6666666667	-40.1714285714
24.75	-40.1714285714
24.8333333333	-40.1714285714
24.9166666667	-40.1714285714
25	-40.1714285714
25.0833333333	-40.1714285714
25.1666666667	-40.1714285714
25.25	-40.1714285714
25.3333333333	-40.1714285714
25.4166666667	-40.1714285714
25.5	-40.1714285714
25.5833333333	-40.1714285714
25.6666666667	-40.1714285714
25.75	-40.1714285714
25.8333333333	-40.1714285714
25.9166666667	-40.1714285714
26	-40.1714285714
26.0833333333	-40.1714285714
26.1666666667	-40.1714285714
26.25	-40.1714285714
26.3333333333	-40.1714285714
26.4166666667	-40.1714285714
26.5	-40.1714285714
26.5833333333	-40.1714285714
26.6666666667	-40.1714285714
26.75	-40.1714285714
26.8333333333	-40.1714285714
26.9166666667	-40.1714285714
27	-40.1714285714
27.0833333333	-40.1714285714
27.1666666667	-40.1714285714
27.25	-40.1714285714
27.3333333333	-40.1714285714
27.4166666667	-40.1714285714
27.5	-40.1714285714
27.5833333333	-40.1714285714
27.6666666667	-40.1714285714
27.75	-40.1714285714
27.8333333333	-40.1714285714
27.9166666667	-40.1714285714
28	-40.1714285714
28.0833333333	-40.1714285714
28.1666666667	-40.1714285714
28.25	-40.1714285714
28.3333333333	-40.1714285714
28.4166666667	-40.1714285714
28.5	-40.1714285714
28.5833333333	-40.1714285714
28.6666666667	-40.1714285714
28.75	-40.1714285714
28.8333333333	-40.1714285714
28.9166666667	-40.1714285714
29	-40.1714285714
29.0833333333	-40.1714285714
29.1666666667	-40.1714285714
29.25	-40.1714285714
29.3333333333	-40.1714285714
29.4166666667	-40.1714285714
29.5	-40.1714285714
29.5833333333	-40.1714285714
29.6666666667	-40.1714285714
29.75	-40.1714285714
29.8333333333	-40.1714285714
29.9166666667	-40.1714285714
30	-40.1714285714
30.0833333333	-40.1714285714
30.1666666667	-40.1714285714
30.25	-40.1714285714
30.3333333333	-40.1714285714
30.4166666667	-40.1714285714
30.5	-40.1714285714
30.5833333333	-40.1714285714
30.6666666667	-40.1714285714
30.75	-40.1714285714
30.8333333333	-40.1714285714
30.9166666667	-40.1714285714
31	-40.1714285714
31.0833333333	-40.1714285714
31.1666666667	-40.1714285714
31.25	-40.1714285714
31.3333333333	-40.1714285714
31.4166666667	-40.1714285714
31.5	-40.1714285714
31.5833333333	-40.1714285714
31.6666666667	-40.1714285714
31.75	-40.1714285714
31.8333333333	-40.1714285714
31.9166666667	-40.1714285714
32	-40.1714285714
32.0833333333	-40.1714285714
32.1666666667	-40.1714285714
32.25	-40.1714285714
32.3333333333	-40.1714285714
32.4166666667	-40.1714285714
32.5	-40.1714285714
32.5833333333	-40.1714285714
32.6666666667	-40.1714285714
32.75	-40.1714285714
32.8333333333	-40.1714285714
32.9166666667	-40.1714285714
33	-40.1714285714
33.0833333333	-40.1714285714
33.1666666667	-40.1714285714
33.25	-40.1714285714
33.3333333333	-40.1714285714
33.4166666667	-40.1714285714
33.5	-40.1714285714
33.5833333333	-40.1714285714
33.6666666667	-40.1714285714
33.75	-40.1714285714
33.8333333333	-40.1714285714
33.9166666667	-40.1714285714
34	-40.1714285714
34.0833333333	-40.1714285714
34.1666666667	-40.1714285714
34.25	-40.1714285714
34.3333333333	-40.1714285714
34.4166666667	-40.1714285714
34.5	-40.1714285714
34.5833333333	-40.1714285714
34.6666666667	-40.1714285714
34.75	-40.1714285714
34.8333333333	-40.1714285714
34.9166666667	-40.1714285714
35	-40.1714285714
35.0833333333	-40.1714285714
35.1666666667	-40.1714285714
35.25	-40.1714285714
35.3333333333	-40.1714285714
35.4166666667	-40.1714285714
35.5	-40.1714285714
35.5833333333	-40.1714285714
35.6666666667	-40.1714285714
35.75	-40.1714285714
35.8333333333	-40.1714285714
35.9166666667	-40.1714285714
36	-40.1714285714
36.0833333333	-40.1714285714
36.1666666667	-40.1714285714
36.25	-40.1714285714
36.3333333333	-40.1714285714
36.4166666667	-40.1714285714
36.5	-40.1714285714
36.5833333333	-40.1714285714
36.6666666667	-40.1714285714
36.75	-40.1714285714
36.8333333333	-40.1714285714
36.9166666667	-40.1714285714
37	-40.1714285714
37.0833333333	-40.1714285714
37.1666666667	-40.1714285714
37.25	-40.1714285714
37.3333333333	-40.1714285714
37.4166666667	-40.1714285714
37.5	-40.1714285714
37.5833333333	-40.1714285714
37.6666666667	-40.1714285714
37.75	-40.1714285714
37.8333333333	-40.1714285714
37.9166666667	-40.1714285714
38	-40.1714285714
38.0833333333	-40.1714285714
38.1666666667	-40.1714285714
38.25	-40.1714285714
38.3333333333	-40.1714285714
38.4166666667	-40.1714285714
38.5	-40.1714285714
38.5833333333	-40.1714285714
38.6666666667	-40.1714285714
38.75	-40.1714285714
38.8333333333	-40.1714285714
38.9166666667	-40.1714285714
39	-40.1714285714
39.0833333333	-40.1714285714
39.1666666667	-40.1714285714
39.25	-40.1714285714
39.3333333333	-40.1714285714
39.4166666667	-40.1714285714
39.5	-40.1714285714
39.5833333333	-40.1714285714
39.6666666667	-40.1714285714
39.75	-40.1714285714
39.8333333333	-40.1714285714
39.9166666667	-40.1714285714
40	-40.1714285714
40.0833333333	-40.1714285714
40.1666666667	-40.1714285714
40.25	-40.1714285714
40.3333333333	-40.1714285714
40.4166666667	-40.1714285714
40.5	-40.1714285714
40.5833333333	-40.1714285714
40.6666666667	-40.1714285714
40.75	-40.1714285714
40.8333333333	-40.1714285714
40.9166666667	-40.1714285714
41	-40.1714285714
41.0833333333	-40.1714285714
41.1666666667	-40.1714285714
41.25	-40.1714285714
41.3333333333	-40.1714285714
41.4166666667	-40.1714285714
41.5	-40.1714285714
41.5833333333	-40.1714285714
41.6666666667	-40.1714285714
41.75	-40.1714285714
41.8333333333	-40.1714285714
41.9166666667	-40.1714285714
42	-40.1714285714
42.0833333333	-40.1714285714
42.1666666667	-40.1714285714
42.25	-40.1714285714
42.3333333333	-40.1714285714
42.4166666667	-40.1714285714
42.5	-40.1714285714
42.5833333333	-40.1714285714
42.6666666667	-40.1714285714
42.75	-40.1714285714
42.8333333333	-40.1714285714
42.9166666667	-40.1714285714
43	-40.1714285714
43.0833333333	-40.1714285714
43.1666666667	-40.1714285714
43.25	-40.1714285714
43.3333333333	-40.1714285714
43.4166666667	-40.1714285714
43.5	-40.1714285714
43.5833333333	-40.1714285714
43.6666666667	-40.1714285714
43.75	-40.1714285714
43.8333333333	-40.1714285714
43.9166666667	-40.1714285714
44	-40.1714285714
44.0833333333	-40.1714285714
44.1666666667	-40.1714285714
44.25	-40.1714285714
44.3333333333	-40.1714285714
44.4166666667	-40.1714285714
44.5	-40.1714285714
44.5833333333	-40.1714285714
44.6666666667	-40.1714285714
44.75	-40.1714285714
44.8333333333	-40.1714285714
44.9166666667	-40.1714285714
45	-40.1714285714
45.0833333333	-40.1714285714
45.1666666667	-40.1714285714
45.25	-40.1714285714
45.3333333333	-40.1714285714
45.4166666667	-40.1714285714
45.5	-40.1714285714
45.5833333333	-40.1714285714
45.6666666667	-40.1714285714
45.75	-40.1714285714
45.8333333333	-40.1714285714
45.9166666667	-40.1714285714
46	-40.1714285714
46.0833333333	-40.1714285714
46.1666666667	-40.1714285714
46.25	-40.1714285714
46.3333333333	-40.1714285714
46.4166666667	-40.1714285714
46.5	-40.1714285714
46.5833333333	-40.1714285714
46.6666666667	-40.1714285714
46.75	-40.1714285714
46.8333333333	-40.1714285714
46.9166666667	-40.1714285714
47	-40.1714285714
47.0833333333	-40.1714285714
47.1666666667	-40.1714285714
47.25	-40.1714285714
47.3333333333	-40.1714285714
47.4166666667	-40.1714285714
47.5	-40.1714285714
47.5833333333	-40.1714285714
47.6666666667	-40.1714285714
47.75	-40.1714285714
47.8333333333	-40.1714285714
47.9166666667	-40.1714285714
48	-40.1714285714
48.0833333333	-40.1714285714
48.1666666667	-40.1714285714
48.25	-40.1714285714
48.3333333333	-40.1714285714
48.4166666667	-40.1714285714
48.5	-40.1714285714
48.5833333333	-40.1714285714
48.6666666667	-40.1714285714
48.75	-40.1714285714
48.8333333333	-40.1714285714
48.9166666667	-40.1714285714
49	-40.1714285714
49.0833333333	-40.1714285714
49.1666666667	-40.1714285714
49.25	-40.1714285714
49.3333333333	-40.1714285714
49.4166666667	-40.1714285714
49.5	-40.1714285714
49.5833333333	-40.1714285714
49.6666666667	-40.1714285714
49.75	-40.1714285714
49.8333333333	-40.1714285714
49.9166666667	-40.1714285714
50	-40.1714285714
50.0833333333	-40.1714285714
50.1666666667	-40.1714285714
50.25	-40.1714285714
50.3333333333	-40.1714285714
50.4166666667	-40.1714285714
50.5	-40.1714285714
50.5833333333	-40.1714285714
50.6666666667	-40.1714285714
50.75	-40.1714285714
50.8333333333	-40.1714285714
50.9166666667	-40.1714285714
51	-40.1714285714
51.0833333333	-40.1714285714
51.1666666667	-40.1714285714
51.25	-40.1714285714
51.3333333333	-40.1714285714
51.4166666667	-40.1714285714
51.5	-40.1714285714
51.5833333333	-40.1714285714
51.6666666667	-40.1714285714
51.75	-40.1714285714
51.8333333333	-40.1714285714
51.9166666667	-40.1714285714
52	-40.1714285714
52.0833333333	-40.1714285714
52.1666666667	-40.1714285714
52.25	-40.1714285714
52.3333333333	-40.1714285714
52.4166666667	-40.1714285714
52.5	-40.1714285714
52.5833333333	-40.1714285714
52.6666666667	-40.1714285714
52.75	-40.1714285714
52.8333333333	-40.1714285714
52.9166666667	-40.1714285714
53	-40.1714285714
53.0833333333	-40.1714285714
53.1666666667	-40.1714285714
53.25	-40.1714285714
53.3333333333	-40.1714285714
53.4166666667	-40.1714285714
53.5	-40.1714285714
53.5833333333	-40.1714285714
53.6666666667	-40.1714285714
53.75	-40.1714285714
53.8333333333	-40.1714285714
53.9166666667	-40.1714285714
54	-40.1714285714
54.0833333333	-40.1714285714
54.1666666667	-40.1714285714
54.25	-40.1714285714
54.3333333333	-40.1714285714
54.4166666667	-40.1714285714
54.5	-40.1714285714
54.5833333333	-40.1714285714
54.6666666667	-40.1714285714
54.75	-40.1714285714
54.8333333333	-40.1714285714
54.9166666667	-40.1714285714
55	-40.1714285714
55.0833333333	-40.1714285714
55.1666666667	-40.1714285714
55.25	-40.1714285714
55.3333333333	-40.1714285714
55.4166666667	-40.1714285714
55.5	-40.1714285714
55.5833333333	-40.1714285714
55.6666666667	-40.1714285714
55.75	-40.1714285714
55.8333333333	-40.1714285714
55.9166666667	-40.1714285714
56	-40.1714285714
56.0833333333	-40.1714285714
56.1666666667	-40.1714285714
56.25	-40.1714285714
56.3333333333	-40.1714285714
56.4166666667	-40.1714285714
56.5	-40.1714285714
56.5833333333	-40.1714285714
56.6666666667	-40.1714285714
56.75	-40.1714285714
56.8333333333	-40.1714285714
56.9166666667	-40.1714285714
57	-40.1714285714
57.0833333333	-40.1714285714
57.1666666667	-40.1714285714
57.25	-40.1714285714
57.3333333333	-40.1714285714
57.4166666667	-40.1714285714
57.5	-40.1714285714
57.5833333333	-40.1714285714
57.6666666667	-40.1714285714
57.75	-40.1714285714
57.8333333333	-40.1714285714
57.9166666667	-40.1714285714
58	-40.1714285714
58.0833333333	-40.1714285714
58.1666666667	-40.1714285714
58.25	-40.1714285714
58.3333333333	-40.1714285714
58.4166666667	-40.1714285714
58.5	-40.1714285714
58.5833333333	-40.1714285714
58.6666666667	-40.1714285714
58.75	-40.1714285714
58.8333333333	-40.1714285714
58.9166666667	-40.1714285714
59	-40.1714285714
59.0833333333	-40.1714285714
59.1666666667	-40.1714285714
59.25	-40.1714285714
59.3333333333	-40.1714285714
59.4166666667	-40.1714285714
59.5	-40.1714285714
59.5833333333	-40.1714285714
59.6666666667	-40.1714285714
59.75	-40.1714285714
59.8333333333	-40.1714285714
59.9166666667	-40.1714285714
60	-40.1714285714
60.0833333333	-40.1714285714
60.1666666667	-40.1714285714
60.25	-40.1714285714
60.3333333333	-40.1714285714
60.4166666667	-40.1714285714
60.5	-40.1714285714
60.5833333333	-40.1714285714
60.6666666667	-40.1714285714
60.75	-40.1714285714
60.8333333333	-40.1714285714
60.9166666667	-40.1714285714
61	-40.1714285714
61.0833333333	-40.1714285714
61.1666666667	-40.1714285714
61.25	-40.1714285714
61.3333333333	-40.1714285714
61.4166666667	-40.1714285714
61.5	-40.1714285714
61.5833333333	-40.1714285714
61.6666666667	-40.1714285714
61.75	-40.1714285714
61.8333333333	-40.1714285714
61.9166666667	-40.1714285714
62	-40.1714285714
62.0833333333	-40.1714285714
62.1666666667	-40.1714285714
62.25	-40.1714285714
62.3333333333	-40.1714285714
62.4166666667	-40.1714285714
62.5	-40.1714285714
62.5833333333	-40.1714285714
62.6666666667	-40.1714285714
62.75	-40.1714285714
62.8333333333	-40.1714285714
62.9166666667	-40.1714285714
63	-40.1714285714
63.0833333333	-40.1714285714
63.1666666667	-40.1714285714
63.25	-40.1714285714
63.3333333333	-40.1714285714
63.4166666667	-40.1714285714
63.5	-40.1714285714
63.5833333333	-40.1714285714
63.6666666667	-40.1714285714
63.75	-40.1714285714
63.8333333333	-40.1714285714
63.9166666667	-40.1714285714
64	-40.1714285714
64.0833333333	-40.1714285714
64.1666666667	-40.1714285714
64.25	-40.1714285714
64.3333333333	-40.1714285714
64.4166666667	-40.1714285714
64.5	-40.1714285714
64.5833333333	-40.1714285714
64.6666666667	-40.1714285714
64.75	-40.1714285714
64.8333333333	-40.1714285714
64.9166666667	-40.1714285714
65	-40.1714285714
65.0833333333	-40.1714285714
65.1666666667	-40.1714285714
65.25	-40.1714285714
65.3333333333	-40.1714285714
65.4166666667	-40.1714285714
65.5	-40.1714285714
65.5833333333	-40.1714285714
65.6666666667	-40.1714285714
65.75	-40.1714285714
65.8333333333	-40.1714285714
65.9166666667	-40.1714285714
66	-40.1714285714
66.0833333333	-40.1714285714
66.1666666667	-40.1714285714
66.25	-40.1714285714
66.3333333333	-40.1714285714
66.4166666667	-40.1714285714
66.5	-40.1714285714
66.5833333333	-40.1714285714
66.6666666667	-40.1714285714
66.75	-40.1714285714
66.8333333333	-40.1714285714
66.9166666667	-40.1714285714
67	-40.1714285714
67.0833333333	-40.1714285714
67.1666666667	-40.1714285714
67.25	-40.1714285714
67.3333333333	-40.1714285714
67.4166666667	-40.1714285714
67.5	-40.1714285714
67.5833333333	-40.1714285714
67.6666666667	-40.1714285714
67.75	-40.1714285714
67.8333333333	-40.1714285714
67.9166666667	-40.1714285714
68	-40.1714285714
68.0833333333	-40.1714285714
68.1666666667	-40.1714285714
68.25	-40.1714285714
68.3333333333	-40.1714285714
68.4166666667	-40.1714285714
68.5	-40.1714285714
68.5833333333	-40.1714285714
68.6666666667	-40.1714285714
68.75	-40.1714285714
68.8333333333	-40.1714285714
68.9166666667	-40.1714285714
69	-40.1714285714
69.0833333333	-40.1714285714
69.1666666667	-40.1714285714
69.25	-40.1714285714
69.3333333333	-40.1714285714
69.4166666667	-40.1714285714
69.5	-40.1714285714
69.5833333333	-40.1714285714
69.6666666667	-40.1714285714
69.75	-40.1714285714
69.8333333333	-40.1714285714
69.9166666667	-40.1714285714
70	-40.1714285714
70.0833333333	-40.1714285714
70.1666666667	-40.1714285714
70.25	-40.1714285714
70.3333333333	-40.1714285714
70.4166666667	-40.1714285714
70.5	-40.1714285714
70.5833333333	-40.1714285714
70.6666666667	-40.1714285714
70.75	-40.1714285714
70.8333333333	-40.1714285714
70.9166666667	-40.1714285714
71	-40.1714285714
71.0833333333	-40.1714285714
71.1666666667	-40.1714285714
71.25	-40.1714285714
71.3333333333	-40.1714285714
71.4166666667	-40.1714285714
71.5	-40.1714285714
71.5833333333	-40.1714285714
71.6666666667	-40.1714285714
71.75	-40.1714285714
71.8333333333	-40.1714285714
71.9166666667	-40.1714285714
72	-40.1714285714
72.0833333333	-40.1714285714
72.1666666667	-40.1714285714
72.25	-40.1714285714
72.3333333333	-40.1714285714
72.4166666667	-40.1714285714
72.5	-40.1714285714
72.5833333333	-40.1714285714
72.6666666667	-40.1714285714
72.75	-40.1714285714
72.8333333333	-40.1714285714
72.9166666667	-40.1714285714
73	-40.1714285714
73.0833333333	-40.1714285714
73.1666666667	-40.1714285714
73.25	-40.1714285714
73.3333333333	-40.1714285714
73.4166666667	-40.1714285714
73.5	-40.1714285714
73.5833333333	-40.1714285714
73.6666666667	-40.1714285714
73.75	-40.1714285714
73.8333333333	-40.1714285714
73.9166666667	-40.1714285714
74	-40.1714285714
74.0833333333	-40.1714285714
74.1666666667	-40.1714285714
74.25	-40.1714285714
74.3333333333	-40.1714285714
74.4166666667	-40.1714285714
74.5	-40.1714285714
74.5833333333	-40.1714285714
74.6666666667	-40.1714285714
74.75	-40.1714285714
74.8333333333	-40.1714285714
74.9166666667	-40.1714285714
75	-40.1714285714
75.0833333333	-40.1714285714
75.1666666667	-40.1714285714
75.25	-40.1714285714
75.3333333333	-40.1714285714
75.4166666667	-40.1714285714
75.5	-40.1714285714
75.5833333333	-40.1714285714
75.6666666667	-40.1714285714
75.75	-40.1714285714
75.8333333333	-40.1714285714
75.9166666667	-40.1714285714
76	-40.1714285714
76.0833333333	-40.1714285714
76.1666666667	-40.1714285714
76.25	-40.1714285714
76.3333333333	-40.1714285714
76.4166666667	-40.1714285714
76.5	-40.1714285714
76.5833333333	-40.1714285714
76.6666666667	-40.1714285714
76.75	-40.1714285714
76.8333333333	-40.1714285714
76.9166666667	-40.1714285714
77	-40.1714285714
77.0833333333	-40.1714285714
77.1666666667	-40.1714285714
77.25	-40.1714285714
77.3333333333	-40.1714285714
77.4166666667	-40.1714285714
77.5	-40.1714285714
77.5833333333	-40.1714285714
77.6666666667	-40.1714285714
77.75	-40.1714285714
77.8333333333	-40.1714285714
77.9166666667	-40.1714285714
78	-40.1714285714
78.0833333333	-40.1714285714
78.1666666667	-40.1714285714
78.25	-40.1714285714
78.3333333333	-40.1714285714
78.4166666667	-40.1714285714
78.5	-40.1714285714
78.5833333333	-40.1714285714
78.6666666667	-40.1714285714
78.75	-40.1714285714
78.8333333333	-40.1714285714
78.9166666667	-40.1714285714
79	-40.1714285714
79.0833333333	-40.1714285714
79.1666666667	-40.1714285714
79.25	-40.1714285714
79.3333333333	-40.1714285714
79.4166666667	-40.1714285714
79.5	-40.1714285714
79.5833333333	-40.1714285714
79.6666666667	-40.1714285714
79.75	-40.1714285714
79.8333333333	-40.1714285714
79.9166666667	-40.1714285714
80	-40.1714285714
80.0833333333	-40.1714285714
80.1666666667	-40.1714285714
80.25	-40.1714285714
80.3333333333	-40.1714285714
80.4166666667	-40.1714285714
80.5	-40.1714285714
80.5833333333	-40.1714285714
80.6666666667	-40.1714285714
80.75	-40.1714285714
80.8333333333	-40.1714285714
80.9166666667	-40.1714285714
81	-40.1714285714
81.0833333333	-40.1714285714
81.1666666667	-40.1714285714
81.25	-40.1714285714
81.3333333333	-40.1714285714
81.4166666667	-40.1714285714
81.5	-40.1714285714
81.5833333333	-40.1714285714
81.6666666667	-40.1714285714
81.75	-40.1714285714
81.8333333333	-40.1714285714
81.9166666667	-40.1714285714
82	-40.1714285714
82.0833333333	-40.1714285714
82.1666666667	-40.1714285714
82.25	-40.1714285714
82.3333333333	-40.1714285714
82.4166666667	-40.1714285714
82.5	-40.1714285714
82.5833333333	-40.1714285714
82.6666666667	-40.1714285714
82.75	-40.1714285714
82.8333333333	-40.1714285714
82.9166666667	-40.1714285714
83	-40.1714285714
83.0833333333	-40.1714285714
83.1666666667	-40.1714285714
83.25	-40.1714285714
83.3333333333	-40.1714285714
83.4166666667	-40.1714285714
83.5	-40.1714285714
83.5833333333	-40.1714285714
83.6666666667	-40.1714285714
83.75	-40.1714285714
83.8333333333	-40.1714285714
83.9166666667	-40.1714285714
84	-40.1714285714
84.0833333333	-40.1714285714
84.1666666667	-40.1714285714
84.25	-40.1714285714
84.3333333333	-40.1714285714
84.4166666667	-40.1714285714
84.5	-40.1714285714
84.5833333333	-40.1714285714
84.6666666667	-40.1714285714
84.75	-40.1714285714
84.8333333333	-40.1714285714
84.9166666667	-40.1714285714
85	-40.1714285714
85.0833333333	-40.1714285714
85.1666666667	-40.1714285714
85.25	-40.1714285714
85.3333333333	-40.1714285714
85.4166666667	-40.1714285714
85.5	-40.1714285714
85.5833333333	-40.1714285714
85.6666666667	-40.1714285714
85.75	-40.1714285714
85.8333333333	-40.1714285714
85.9166666667	-40.1714285714
86	-40.1714285714
86.0833333333	-40.1714285714
86.1666666667	-40.1714285714
86.25	-40.1714285714
86.3333333333	-40.1714285714
86.4166666667	-40.1714285714
86.5	-40.1714285714
86.5833333333	-40.1714285714
86.6666666667	-40.1714285714
86.75	-40.1714285714
86.8333333333	-40.1714285714
86.9166666667	-40.1714285714
87	-40.1714285714
87.0833333333	-40.1714285714
87.1666666667	-40.1714285714
87.25	-40.1714285714
87.3333333333	-40.1714285714
87.4166666667	-40.1714285714
87.5	-40.1714285714
87.5833333333	-40.1714285714
87.6666666667	-40.1714285714
87.75	-40.1714285714
87.8333333333	-40.1714285714
87.9166666667	-40.1714285714
88	-40.1714285714
88.0833333333	-40.1714285714
88.1666666667	-40.1714285714
88.25	-40.1714285714
88.3333333333	-40.1714285714
88.4166666667	-40.1714285714
88.5	-40.1714285714
88.5833333333	-40.1714285714
88.6666666667	-40.1714285714
88.75	-40.1714285714
88.8333333333	-40.1714285714
88.9166666667	-40.1714285714
89	-40.1714285714
89.0833333333	-40.1714285714
89.1666666667	-40.1714285714
89.25	-40.1714285714
89.3333333333	-40.1714285714
89.4166666667	-40.1714285714
89.5	-40.1714285714
89.5833333333	-40.1714285714
89.6666666667	-40.1714285714
89.75	-40.1714285714
89.8333333333	-40.1714285714
89.9166666667	-40.1714285714
90	-40.1714285714
90.0833333333	-40.1714285714
90.1666666667	-40.1714285714
90.25	-40.1714285714
90.3333333333	-40.1714285714
90.4166666667	-40.1714285714
90.5	-40.1714285714
90.5833333333	-40.1714285714
90.6666666667	-40.1714285714
90.75	-40.1714285714
90.8333333333	-40.1714285714
90.9166666667	-40.1714285714
91	-40.1714285714
91.0833333333	-40.1714285714
91.1666666667	-40.1714285714
91.25	-40.1714285714
91.3333333333	-40.1714285714
91.4166666667	-40.1714285714
91.5	-40.1714285714
91.5833333333	-40.1714285714
91.6666666667	-40.1714285714
91.75	-40.1714285714
91.8333333333	-40.1714285714
91.9166666667	-40.1714285714
92	-40.1714285714
92.0833333333	-40.1714285714
92.1666666667	-40.1714285714
92.25	-40.1714285714
92.3333333333	-40.1714285714
92.4166666667	-40.1714285714
92.5	-40.1714285714
92.5833333333	-40.1714285714
92.6666666667	-40.1714285714
92.75	-40.1714285714
92.8333333333	-40.1714285714
92.9166666667	-40.1714285714
93	-40.1714285714
93.0833333333	-40.1714285714
93.1666666667	-40.1714285714
93.25	-40.1714285714
93.3333333333	-40.1714285714
93.4166666667	-40.1714285714
93.5	-40.1714285714
93.5833333333	-40.1714285714
93.6666666667	-40.1714285714
93.75	-40.1714285714
93.8333333333	-40.1714285714
93.9166666667	-40.1714285714
94	-40.1714285714
94.0833333333	-40.1714285714
94.1666666667	-40.1714285714
94.25	-40.1714285714
94.3333333333	-40.1714285714
94.4166666667	-40.1714285714
94.5	-40.1714285714
94.5833333333	-40.1714285714
94.6666666667	-40.1714285714
94.75	-40.1714285714
94.8333333333	-40.1714285714
94.9166666667	-40.1714285714
95	-40.1714285714
95.0833333333	-40.1714285714
95.1666666667	-40.1714285714
95.25	-40.1714285714
95.3333333333	-40.1714285714
95.4166666667	-40.1714285714
95.5	-40.1714285714
95.5833333333	-40.1714285714
95.6666666667	-40.1714285714
95.75	-40.1714285714
95.8333333333	-40.1714285714
95.9166666667	-40.1714285714
96	-40.1714285714
96.0833333333	-40.1714285714
96.1666666667	-40.1714285714
96.25	-40.1714285714
96.3333333333	-40.1714285714
96.4166666667	-40.1714285714
96.5	-40.1714285714
96.5833333333	-40.1714285714
96.6666666667	-40.1714285714
96.75	-40.1714285714
96.8333333333	-40.1714285714
96.9166666667	-40.1714285714
97	-40.1714285714
97.0833333333	-40.1714285714
97.1666666667	-40.1714285714
97.25	-40.1714285714
97.3333333333	-40.1714285714
97.4166666667	-40.1714285714
97.5	-40.1714285714
97.5833333333	-40.1714285714
97.6666666667	-40.1714285714
97.75	-40.1714285714
97.8333333333	-40.1714285714
97.9166666667	-40.1714285714
98	-40.1714285714
98.0833333333	-40.1714285714
98.1666666667	-40.1714285714
98.25	-40.1714285714
98.3333333333	-40.1714285714
98.4166666667	-40.1714285714
98.5	-40.1714285714
98.5833333333	-40.1714285714
98.6666666667	-40.1714285714
98.75	-40.1714285714
98.8333333333	-40.1714285714
98.9166666667	-40.1714285714
99	-40.1714285714
99.0833333333	-40.1714285714
99.1666666667	-40.1714285714
99.25	-40.1714285714
99.3333333333	-40.1714285714
99.4166666667	-40.1714285714
99.5	-40.1714285714
99.5833333333	-40.1714285714
99.6666666667	-40.1714285714
99.75	-40.1714285714
99.8333333333	-40.1714285714
99.9166666667	-40.1714285714
100	-40.1714285714
100.083333333	-40.1714285714
100.166666667	-40.1714285714
100.25	-40.1714285714
100.333333333	-40.1714285714
100.416666667	-40.1714285714
100.5	-40.1714285714
100.583333333	-40.1714285714
100.666666667	-40.1714285714
100.75	-40.1714285714
100.833333333	-40.1714285714
100.916666667	-40.1714285714
101	-40.1714285714
101.083333333	-40.1714285714
101.166666667	-40.1714285714
101.25	-40.1714285714
101.333333333	-40.1714285714
101.416666667	-40.1714285714
101.5	-40.1714285714
101.583333333	-40.1714285714
101.666666667	-40.1714285714
101.75	-40.1714285714
101.833333333	-40.1714285714
101.916666667	-40.1714285714
102	-40.1714285714
102.083333333	-40.1714285714
102.166666667	-40.1714285714
102.25	-40.1714285714
102.333333333	-40.1714285714
102.416666667	-40.1714285714
102.5	-40.1714285714
102.583333333	-40.1714285714
102.666666667	-40.1714285714
102.75	-40.1714285714
102.833333333	-40.1714285714
102.916666667	-40.1714285714
103	-40.1714285714
103.083333333	-40.1714285714
103.166666667	-40.1714285714
103.25	-40.1714285714
103.333333333	-40.1714285714
103.416666667	-40.1714285714
103.5	-40.1714285714
103.583333333	-40.1714285714
103.666666667	-40.1714285714
103.75	-40.1714285714
103.833333333	-40.1714285714
103.916666667	-40.1714285714
104	-40.1714285714
104.083333333	-40.1714285714
104.166666667	-40.1714285714
104.25	-40.1714285714
104.333333333	-40.1714285714
104.416666667	-40.1714285714
104.5	-40.1714285714
104.583333333	-40.1714285714
104.666666667	-40.1714285714
104.75	-40.1714285714
104.833333333	-40.1714285714
104.916666667	-40.1714285714
105	-40.1714285714
105.083333333	-40.1714285714
105.166666667	-40.1714285714
105.25	-40.1714285714
105.333333333	-40.1714285714
105.416666667	-40.1714285714
105.5	-40.1714285714
105.583333333	-40.1714285714
105.666666667	-40.1714285714
105.75	-40.1714285714
105.833333333	-40.1714285714
105.916666667	-40.1714285714
106	-40.1714285714
106.083333333	-40.1714285714
106.166666667	-40.1714285714
106.25	-40.1714285714
106.333333333	-40.1714285714
106.416666667	-40.1714285714
106.5	-40.1714285714
106.583333333	-40.1714285714
106.666666667	-40.1714285714
106.75	-40.1714285714
106.833333333	-40.1714285714
106.916666667	-40.1714285714
107	-40.1714285714
107.083333333	-40.1714285714
107.166666667	-40.1714285714
107.25	-40.1714285714
107.333333333	-40.1714285714
107.416666667	-40.1714285714
107.5	-40.1714285714
107.583333333	-40.1714285714
107.666666667	-40.1714285714
107.75	-40.1714285714
107.833333333	-40.1714285714
107.916666667	-40.1714285714
108	-40.1714285714
108.083333333	-40.1714285714
108.166666667	-40.1714285714
108.25	-40.1714285714
108.333333333	-40.1714285714
108.416666667	-40.1714285714
108.5	-40.1714285714
108.583333333	-40.1714285714
108.666666667	-40.1714285714
108.75	-40.1714285714
108.833333333	-40.1714285714
108.916666667	-40.1714285714
109	-40.1714285714
109.083333333	-40.1714285714
109.166666667	-40.1714285714
109.25	-40.1714285714
109.333333333	-40.1714285714
109.416666667	-40.1714285714
109.5	-40.1714285714
109.583333333	-40.1714285714
109.666666667	-40.1714285714
109.75	-40.1714285714
109.833333333	-40.1714285714
109.916666667	-40.1714285714
110	-40.1714285714
110.083333333	-40.1714285714
110.166666667	-40.1714285714
110.25	-40.1714285714
110.333333333	-40.1714285714
110.416666667	-40.1714285714
110.5	-40.1714285714
110.583333333	-40.1714285714
110.666666667	-40.1714285714
110.75	-40.1714285714
110.833333333	-40.1714285714
110.916666667	-40.1714285714
111	-40.1714285714
111.083333333	-40.1714285714
111.166666667	-40.1714285714
111.25	-40.1714285714
111.333333333	-40.1714285714
111.416666667	-40.1714285714
111.5	-40.1714285714
111.583333333	-40.1714285714
111.666666667	-40.1714285714
111.75	-40.1714285714
111.833333333	-40.1714285714
111.916666667	-40.1714285714
112	-40.1714285714
112.083333333	-40.1714285714
112.166666667	-40.1714285714
112.25	-40.1714285714
112.333333333	-40.1714285714
112.416666667	-40.1714285714
112.5	-40.1714285714
112.583333333	-40.1714285714
112.666666667	-40.1714285714
112.75	-40.1714285714
112.833333333	-40.1714285714
112.916666667	-40.1714285714
113	-40.1714285714
113.083333333	-40.1714285714
113.166666667	-40.1714285714
113.25	-40.1714285714
113.333333333	-40.1714285714
113.416666667	-40.1714285714
113.5	-40.1714285714
113.583333333	-40.1714285714
113.666666667	-40.1714285714
113.75	-40.1714285714
113.833333333	-40.1714285714
113.916666667	-40.1714285714
114	-40.1714285714
114.083333333	-40.1714285714
114.166666667	-40.1714285714
114.25	-40.1714285714
114.333333333	-40.1714285714
114.416666667	-40.1714285714
114.5	-40.1714285714
114.583333333	-40.1714285714
114.666666667	-40.1714285714
114.75	-40.1714285714
114.833333333	-40.1714285714
114.916666667	-40.1714285714
115	-40.1714285714
115.083333333	-40.1714285714
115.166666667	-40.1714285714
115.25	-40.1714285714
115.333333333	-40.1714285714
115.416666667	-40.1714285714
115.5	-40.1714285714
115.583333333	-40.1714285714
115.666666667	-40.1714285714
115.75	-40.1714285714
115.833333333	-40.1714285714
115.916666667	-40.1714285714
116	-40.1714285714
116.083333333	-40.1714285714
116.166666667	-40.1714285714
116.25	-40.1714285714
116.333333333	-40.1714285714
116.416666667	-40.1714285714
116.5	-40.1714285714
116.583333333	-40.1714285714
116.666666667	-40.1714285714
116.75	-40.1714285714
116.833333333	-40.1714285714
116.916666667	-40.1714285714
117	-40.1714285714
117.083333333	-40.1714285714
117.166666667	-40.1714285714
117.25	-40.1714285714
117.333333333	-40.1714285714
117.416666667	-40.1714285714
117.5	-40.1714285714
117.583333333	-40.1714285714
117.666666667	-40.1714285714
117.75	-40.1714285714
117.833333333	-40.1714285714
117.916666667	-40.1714285714
118	-40.1714285714
118.083333333	-40.1714285714
118.166666667	-40.1714285714
118.25	-40.1714285714
118.333333333	-40.1714285714
118.416666667	-40.1714285714
118.5	-40.1714285714
118.583333333	-40.1714285714
118.666666667	-40.1714285714
118.75	-40.1714285714
118.833333333	-40.1714285714
118.916666667	-40.1714285714
119	-40.1714285714
119.083333333	-40.1714285714
119.166666667	-40.1714285714
119.25	-40.1714285714
119.333333333	-40.1714285714
119.416666667	-40.1714285714
119.5	-40.1714285714
119.583333333	-40.1714285714
119.666666667	-40.1714285714
119.75	-40.1714285714
119.833333333	-40.1714285714
119.916666667	-40.1714285714
120	-40.1714285714
120.083333333	-40.1714285714
120.166666667	-40.1714285714
120.25	-40.1714285714
120.333333333	-40.1714285714
120.416666667	-40.1714285714
120.5	-40.1714285714
120.583333333	-40.1714285714
120.666666667	-40.1714285714
120.75	-40.1714285714
120.833333333	-40.1714285714
120.916666667	-40.1714285714
121	-40.1714285714
121.083333333	-40.1714285714
121.166666667	-40.1714285714
121.25	-40.1714285714
121.333333333	-40.1714285714
121.416666667	-40.1714285714
121.5	-40.1714285714
121.583333333	-40.1714285714
121.666666667	-40.1714285714
121.75	-40.1714285714
121.833333333	-40.1714285714
121.916666667	-40.1714285714
122	-40.1714285714
122.083333333	-40.1714285714
122.166666667	-40.1714285714
122.25	-40.1714285714
122.333333333	-40.1714285714
122.416666667	-40.1714285714
122.5	-40.1714285714
122.583333333	-40.1714285714
122.666666667	-40.1714285714
122.75	-40.1714285714
122.833333333	-40.1714285714
122.916666667	-40.1714285714
123	-40.1714285714
123.083333333	-40.1714285714
123.166666667	-40.1714285714
123.25	-40.1714285714
123.333333333	-40.1714285714
123.416666667	-40.1714285714
123.5	-40.1714285714
123.583333333	-40.1714285714
123.666666667	-40.1714285714
123.75	-40.1714285714
123.833333333	-40.1714285714
123.916666667	-40.1714285714
124	-40.1714285714
124.083333333	-40.1714285714
124.166666667	-40.1714285714
124.25	-40.1714285714
124.333333333	-40.1714285714
124.416666667	-40.1714285714
124.5	-40.1714285714
124.583333333	-40.1714285714
124.666666667	-40.1714285714
124.75	-40.1714285714
124.833333333	-40.1714285714
124.916666667	-40.1714285714
125	-40.1714285714
125.083333333	-40.1714285714
125.166666667	-40.1714285714
125.25	-40.1714285714
125.333333333	-40.1714285714
125.416666667	-40.1714285714
125.5	-40.1714285714
125.583333333	-40.1714285714
125.666666667	-40.1714285714
125.75	-40.1714285714
125.833333333	-40.1714285714
125.916666667	-40.1714285714
126	-40.1714285714
126.083333333	-40.1714285714
126.166666667	-40.1714285714
126.25	-40.1714285714
126.333333333	-40.1714285714
126.416666667	-40.1714285714
126.5	-40.1714285714
126.583333333	-40.1714285714
126.666666667	-40.1714285714
126.75	-40.1714285714
126.833333333	-40.1714285714
126.916666667	-40.1714285714
127	-40.1714285714
127.083333333	-40.1714285714
127.166666667	-40.1714285714
127.25	-40.1714285714
127.333333333	-40.1714285714
127.416666667	-40.1714285714
127.5	-40.1714285714
127.583333333	-40.1714285714
127.666666667	-40.1714285714
127.75	-40.1714285714
127.833333333	-40.1714285714
127.916666667	-40.1714285714
128	-40.1714285714
128.083333333	-40.1714285714
128.166666667	-40.1714285714
128.25	-40.1714285714
128.333333333	-40.1714285714
128.416666667	-40.1714285714
128.5	-40.1714285714
128.583333333	-40.1714285714
128.666666667	-40.1714285714
128.75	-40.1714285714
128.833333333	-40.1714285714
128.916666667	-40.1714285714
129	-40.1714285714
129.083333333	-40.1714285714
129.166666667	-40.1714285714
129.25	-40.1714285714
129.333333333	-40.1714285714
129.416666667	-40.1714285714
129.5	-40.1714285714
129.583333333	-40.1714285714
129.666666667	-40.1714285714
129.75	-40.1714285714
129.833333333	-40.1714285714
129.916666667	-40.1714285714
130	-40.1714285714
130.083333333	-40.1714285714
130.166666667	-40.1714285714
130.25	-40.1714285714
130.333333333	-40.1714285714
130.416666667	-40.1714285714
130.5	-40.1714285714
130.583333333	-40.1714285714
130.666666667	-40.1714285714
130.75	-40.1714285714
130.833333333	-40.1714285714
130.916666667	-40.1714285714
131	-40.1714285714
131.083333333	-40.1714285714
131.166666667	-40.1714285714
131.25	-40.1714285714
131.333333333	-40.1714285714
131.416666667	-40.1714285714
131.5	-40.1714285714
131.583333333	-40.1714285714
131.666666667	-40.1714285714
131.75	-40.1714285714
131.833333333	-40.1714285714
131.916666667	-40.1714285714
132	-40.1714285714
132.083333333	-40.1714285714
132.166666667	-40.1714285714
132.25	-40.1714285714
132.333333333	-40.1714285714
132.416666667	-40.1714285714
132.5	-40.1714285714
132.583333333	-40.1714285714
132.666666667	-40.1714285714
132.75	-40.1714285714
132.833333333	-40.1714285714
132.916666667	-40.1714285714
133	-40.1714285714
133.083333333	-40.1714285714
133.166666667	-40.1714285714
133.25	-40.1714285714
133.333333333	-40.1714285714
133.416666667	-40.1714285714
133.5	-40.1714285714
133.583333333	-40.1714285714
133.666666667	-40.1714285714
133.75	-40.1714285714
133.833333333	-40.1714285714
133.916666667	-40.1714285714
134	-40.1714285714
134.083333333	-40.1714285714
134.166666667	-40.1714285714
134.25	-40.1714285714
134.333333333	-40.1714285714
134.416666667	-40.1714285714
134.5	-40.1714285714
134.583333333	-40.1714285714
134.666666667	-40.1714285714
134.75	-40.1714285714
134.833333333	-40.1714285714
134.916666667	-40.1714285714
135	-40.1714285714
135.083333333	-40.1714285714
135.166666667	-40.1714285714
135.25	-40.1714285714
135.333333333	-40.1714285714
135.416666667	-40.1714285714
135.5	-40.1714285714
135.583333333	-40.1714285714
135.666666667	-40.1714285714
135.75	-40.1714285714
135.833333333	-40.1714285714
135.916666667	-40.1714285714
136	-40.1714285714
136.083333333	-40.1714285714
136.166666667	-40.1714285714
136.25	-40.1714285714
136.333333333	-40.1714285714
136.416666667	-40.1714285714
136.5	-40.1714285714
136.583333333	-40.1714285714
136.666666667	-40.1714285714
136.75	-40.1714285714
136.833333333	-40.1714285714
136.916666667	-40.1714285714
137	-40.1714285714
137.083333333	-40.1714285714
137.166666667	-40.1714285714
137.25	-40.1714285714
137.333333333	-40.1714285714
137.416666667	-40.1714285714
137.5	-40.1714285714
137.583333333	-40.1714285714
137.666666667	-40.1714285714
137.75	-40.1714285714
137.833333333	-40.1714285714
137.916666667	-40.1714285714
138	-40.1714285714
138.083333333	-40.1714285714
138.166666667	-40.1714285714
138.25	-40.1714285714
138.333333333	-40.1714285714
138.416666667	-40.1714285714
138.5	-40.1714285714
138.583333333	-40.1714285714
138.666666667	-40.1714285714
138.75	-40.1714285714
138.833333333	-40.1714285714
138.916666667	-40.1714285714
139	-40.1714285714
139.083333333	-40.1714285714
139.166666667	-40.1714285714
139.25	-40.1714285714
139.333333333	-40.1714285714
139.416666667	-40.1714285714
139.5	-40.1714285714
139.583333333	-40.1714285714
139.666666667	-40.1714285714
139.75	-40.1714285714
139.833333333	-40.1714285714
139.916666667	-40.1714285714
140	-40.1714285714
140.083333333	-40.1714285714
140.166666667	-40.1714285714
140.25	-40.1714285714
140.333333333	-40.1714285714
140.416666667	-40.1714285714
140.5	-40.1714285714
140.583333333	-40.1714285714
140.666666667	-40.1714285714
140.75	-40.1714285714
140.833333333	-40.1714285714
140.916666667	-40.1714285714
141	-40.1714285714
141.083333333	-40.1714285714
141.166666667	-40.1714285714
141.25	-40.1714285714
141.333333333	-40.1714285714
141.416666667	-40.1714285714
141.5	-40.1714285714
141.583333333	-40.1714285714
141.666666667	-40.1714285714
141.75	-40.1714285714
141.833333333	-40.1714285714
141.916666667	-40.1714285714
142	-40.1714285714
142.083333333	-40.1714285714
142.166666667	-40.1714285714
142.25	-40.1714285714
142.333333333	-40.1714285714
142.416666667	-40.1714285714
142.5	-40.1714285714
142.583333333	-40.1714285714
142.666666667	-40.1714285714
142.75	-40.1714285714
142.833333333	-40.1714285714
142.916666667	-40.1714285714
143	-40.1714285714
143.083333333	-40.1714285714
143.166666667	-40.1714285714
143.25	-40.1714285714
143.333333333	-40.1714285714
143.416666667	-40.1714285714
143.5	-40.1714285714
143.583333333	-40.1714285714
143.666666667	-40.1714285714
143.75	-40.1714285714
143.833333333	-40.1714285714
143.916666667	-40.1714285714
144	-40.1714285714
144.083333333	-40.1714285714
144.166666667	-40.1714285714
144.25	-40.1714285714
144.333333333	-40.1714285714
144.416666667	-40.1714285714
144.5	-40.1714285714
144.583333333	-40.1714285714
144.666666667	-40.1714285714
144.75	-40.1714285714
144.833333333	-40.1714285714
144.916666667	-40.1714285714
145	-40.1714285714
145.083333333	-40.1714285714
145.166666667	-40.1714285714
145.25	-40.1714285714
145.333333333	-40.1714285714
145.416666667	-40.1714285714
145.5	-40.1714285714
145.583333333	-40.1714285714
145.666666667	-40.1714285714
145.75	-40.1714285714
145.833333333	-40.1714285714
145.916666667	-40.1714285714
146	-40.1714285714
146.083333333	-40.1714285714
146.166666667	-40.1714285714
146.25	-40.1714285714
146.333333333	-40.1714285714
146.416666667	-40.1714285714
146.5	-40.1714285714
146.583333333	-40.1714285714
146.666666667	-40.1714285714
146.75	-40.1714285714
146.833333333	-40.1714285714
146.916666667	-40.1714285714
147	-40.1714285714
147.083333333	-40.1714285714
147.166666667	-40.1714285714
147.25	-40.1714285714
147.333333333	-40.1714285714
147.416666667	-40.1714285714
147.5	-40.1714285714
147.583333333	-40.1714285714
147.666666667	-40.1714285714
147.75	-40.1714285714
147.833333333	-40.1714285714
147.916666667	-40.1714285714
148	-40.1714285714
148.083333333	-40.1714285714
148.166666667	-40.1714285714
148.25	-40.1714285714
148.333333333	-40.1714285714
148.416666667	-40.1714285714
148.5	-40.1714285714
148.583333333	-40.1714285714
148.666666667	-40.1714285714
148.75	-40.1714285714
148.833333333	-40.1714285714
148.916666667	-40.1714285714
149	-40.1714285714
149.083333333	-40.1714285714
149.166666667	-40.1714285714
149.25	-40.1714285714
149.333333333	-40.1714285714
149.416666667	-40.1714285714
149.5	-40.1714285714
149.583333333	-40.1714285714
149.666666667	-40.1714285714
149.75	-40.1714285714
149.833333333	-40.1714285714
149.916666667	-40.1714285714
150	-40.1714285714
150.083333333	-40.1714285714
150.166666667	-40.1714285714
150.25	-40.1714285714
150.333333333	-40.1714285714
150.416666667	-40.1714285714
150.5	-40.1714285714
150.583333333	-40.1714285714
150.666666667	-40.1714285714
150.75	-40.1714285714
150.833333333	-40.1714285714
150.916666667	-40.1714285714
151	-40.1714285714
151.083333333	-40.1714285714
151.166666667	-40.1714285714
151.25	-40.1714285714
151.333333333	-40.1714285714
151.416666667	-40.1714285714
151.5	-40.1714285714
151.583333333	-40.1714285714
151.666666667	-40.1714285714
151.75	-40.1714285714
151.833333333	-40.1714285714
151.916666667	-40.1714285714
152	-40.1714285714
152.083333333	-40.1714285714
152.166666667	-40.1714285714
152.25	-40.1714285714
152.333333333	-40.1714285714
152.416666667	-40.1714285714
152.5	-40.1714285714
152.583333333	-40.1714285714
152.666666667	-40.1714285714
152.75	-40.1714285714
152.833333333	-40.1714285714
152.916666667	-40.1714285714
153	-40.1714285714
153.083333333	-40.1714285714
153.166666667	-40.1714285714
153.25	-40.1714285714
153.333333333	-40.1714285714
153.416666667	-40.1714285714
153.5	-40.1714285714
153.583333333	-40.1714285714
153.666666667	-40.1714285714
153.75	-40.1714285714
153.833333333	-40.1714285714
153.916666667	-40.1714285714
154	-40.1714285714
154.083333333	-40.1714285714
154.166666667	-40.1714285714
154.25	-40.1714285714
154.333333333	-40.1714285714
154.416666667	-40.1714285714
154.5	-40.1714285714
154.583333333	-40.1714285714
154.666666667	-40.1714285714
154.75	-40.1714285714
154.833333333	-40.1714285714
154.916666667	-40.1714285714
155	-40.1714285714
155.083333333	-40.1714285714
155.166666667	-40.1714285714
155.25	-40.1714285714
155.333333333	-40.1714285714
155.416666667	-40.1714285714
155.5	-40.1714285714
155.583333333	-40.1714285714
155.666666667	-40.1714285714
155.75	-40.1714285714
155.833333333	-40.1714285714
155.916666667	-40.1714285714
156	-40.1714285714
156.083333333	-40.1714285714
156.166666667	-40.1714285714
156.25	-40.1714285714
156.333333333	-40.1714285714
156.416666667	-40.1714285714
156.5	-40.1714285714
156.583333333	-40.1714285714
156.666666667	-40.1714285714
156.75	-40.1714285714
156.833333333	-40.1714285714
156.916666667	-40.1714285714
157	-40.1714285714
157.083333333	-40.1714285714
157.166666667	-40.1714285714
157.25	-40.1714285714
157.333333333	-40.1714285714
157.416666667	-40.1714285714
157.5	-40.1714285714
157.583333333	-40.1714285714
157.666666667	-40.1714285714
157.75	-40.1714285714
157.833333333	-40.1714285714
157.916666667	-40.1714285714
158	-40.1714285714
158.083333333	-40.1714285714
158.166666667	-40.1714285714
158.25	-40.1714285714
158.333333333	-40.1714285714
158.416666667	-40.1714285714
158.5	-40.1714285714
158.583333333	-40.1714285714
158.666666667	-40.1714285714
158.75	-40.1714285714
158.833333333	-40.1714285714
158.916666667	-40.1714285714
159	-40.1714285714
159.083333333	-40.1714285714
159.166666667	-40.1714285714
159.25	-40.1714285714
159.333333333	-40.1714285714
159.416666667	-40.1714285714
159.5	-40.1714285714
159.583333333	-40.1714285714
159.666666667	-40.1714285714
159.75	-40.1714285714
159.833333333	-40.1714285714
159.916666667	-40.1714285714
160	-40.1714285714
160.083333333	-40.1714285714
160.166666667	-40.1714285714
160.25	-40.1714285714
160.333333333	-40.1714285714
160.416666667	-40.1714285714
160.5	-40.1714285714
160.583333333	-40.1714285714
160.666666667	-40.1714285714
160.75	-40.1714285714
160.833333333	-40.1714285714
160.916666667	-40.1714285714
161	-40.1714285714
161.083333333	-40.1714285714
161.166666667	-40.1714285714
161.25	-40.1714285714
161.333333333	-40.1714285714
161.416666667	-40.1714285714
161.5	-40.1714285714
161.583333333	-40.1714285714
161.666666667	-40.1714285714
161.75	-40.1714285714
161.833333333	-40.1714285714
161.916666667	-40.1714285714
162	-40.1714285714
162.083333333	-40.1714285714
162.166666667	-40.1714285714
162.25	-40.1714285714
162.333333333	-40.1714285714
162.416666667	-40.1714285714
162.5	-40.1714285714
162.583333333	-40.1714285714
162.666666667	-40.1714285714
162.75	-40.1714285714
162.833333333	-40.1714285714
162.916666667	-40.1714285714
163	-40.1714285714
163.083333333	-40.1714285714
163.166666667	-40.1714285714
163.25	-40.1714285714
163.333333333	-40.1714285714
163.416666667	-40.1714285714
163.5	-40.1714285714
163.583333333	-40.1714285714
163.666666667	-40.1714285714
163.75	-40.1714285714
163.833333333	-40.1714285714
163.916666667	-40.1714285714
164	-40.1714285714
164.083333333	-40.1714285714
164.166666667	-40.1714285714
164.25	-40.1714285714
164.333333333	-40.1714285714
164.416666667	-40.1714285714
164.5	-40.1714285714
164.583333333	-40.1714285714
164.666666667	-40.1714285714
164.75	-40.1714285714
164.833333333	-40.1714285714
164.916666667	-40.1714285714
165	-40.1714285714
165.083333333	-40.1714285714
165.166666667	-40.1714285714
165.25	-40.1714285714
165.333333333	-40.1714285714
165.416666667	-40.1714285714
165.5	-40.1714285714
165.583333333	-40.1714285714
165.666666667	-40.1714285714
165.75	-40.1714285714
165.833333333	-40.1714285714
165.916666667	-40.1714285714
166	-40.1714285714
166.083333333	-40.1714285714
166.166666667	-40.1714285714
166.25	-40.1714285714
166.333333333	-40.1714285714
166.416666667	-40.1714285714
166.5	-40.1714285714
166.583333333	-40.1714285714
166.666666667	-40.1714285714
166.75	-40.1714285714
166.833333333	-40.1714285714
166.916666667	-40.1714285714
167	-40.1714285714
167.083333333	-40.1714285714
167.166666667	-40.1714285714
167.25	-40.1714285714
167.333333333	-40.1714285714
167.416666667	-40.1714285714
167.5	-40.1714285714
167.583333333	-40.1714285714
167.666666667	-40.1714285714
167.75	-40.1714285714
167.833333333	-40.1714285714
167.916666667	-40.1714285714
168	-40.1714285714
168.083333333	-40.1714285714
168.166666667	-40.1714285714
168.25	-40.1714285714
168.333333333	-40.1714285714
168.416666667	-40.1714285714
168.5	-40.1714285714
168.583333333	-40.1714285714
168.666666667	-40.1714285714
168.75	-40.1714285714
168.833333333	-40.1714285714
168.916666667	-40.1714285714
169	-40.1714285714
169.083333333	-40.1714285714
169.166666667	-40.1714285714
169.25	-40.1714285714
169.333333333	-40.1714285714
169.416666667	-40.1714285714
169.5	-40.1714285714
169.583333333	-40.1714285714
169.666666667	-40.1714285714
169.75	-40.1714285714
169.833333333	-40.1714285714
169.916666667	-40.1714285714
170	-40.1714285714
170.083333333	-40.1714285714
170.166666667	-40.1714285714
170.25	-40.1714285714
170.333333333	-40.1714285714
170.416666667	-40.1714285714
170.5	-40.1714285714
170.583333333	-40.1714285714
170.666666667	-40.1714285714
170.75	-40.1714285714
170.833333333	-40.1714285714
170.916666667	-40.1714285714
171	-40.1714285714
171.083333333	-40.1714285714
171.166666667	-40.1714285714
171.25	-40.1714285714
171.333333333	-40.1714285714
171.416666667	-40.1714285714
171.5	-40.1714285714
171.583333333	-40.1714285714
171.666666667	-40.1714285714
171.75	-40.1714285714
171.833333333	-40.1714285714
171.916666667	-40.1714285714
172	-40.1714285714
172.083333333	-40.1714285714
172.166666667	-40.1714285714
172.25	-40.1714285714
172.333333333	-40.1714285714
172.416666667	-40.1714285714
172.5	-40.1714285714
172.583333333	-40.1714285714
172.666666667	-40.1714285714
172.75	-40.1714285714
172.833333333	-40.1714285714
172.916666667	-40.1714285714
173	-40.1714285714
173.083333333	-40.1714285714
173.166666667	-40.1714285714
173.25	-40.1714285714
173.333333333	-40.1714285714
173.416666667	-40.1714285714
173.5	-40.1714285714
173.583333333	-40.1714285714
173.666666667	-40.1714285714
173.75	-40.1714285714
173.833333333	-40.1714285714
173.916666667	-40.1714285714
174	-40.1714285714
174.083333333	-40.1714285714
174.166666667	-40.1714285714
174.25	-40.1714285714
174.333333333	-40.1714285714
174.416666667	-40.1714285714
174.5	-40.1714285714
174.583333333	-40.1714285714
174.666666667	-40.1714285714
174.75	-40.1714285714
174.833333333	-40.1714285714
174.916666667	-40.1714285714
175	-40.1714285714
175.083333333	-40.1714285714
175.166666667	-40.1714285714
175.25	-40.1714285714
175.333333333	-40.1714285714
175.416666667	-40.1714285714
175.5	-40.1714285714
175.583333333	-40.1714285714
175.666666667	-40.1714285714
175.75	-40.1714285714
175.833333333	-40.1714285714
175.916666667	-40.1714285714
176	-40.1714285714
176.083333333	-40.1714285714
176.166666667	-40.1714285714
176.25	-40.1714285714
176.333333333	-40.1714285714
176.416666667	-40.1714285714
176.5	-40.1714285714
176.583333333	-40.1714285714
176.666666667	-40.1714285714
176.75	-40.1714285714
176.833333333	-40.1714285714
176.916666667	-40.1714285714
177	-40.1714285714
177.083333333	-40.1714285714
177.166666667	-40.1714285714
177.25	-40.1714285714
177.333333333	-40.1714285714
177.416666667	-40.1714285714
177.5	-40.1714285714
177.583333333	-40.1714285714
177.666666667	-40.1714285714
177.75	-40.1714285714
177.833333333	-40.1714285714
177.916666667	-40.1714285714
178	-40.1714285714
178.083333333	-40.1714285714
178.166666667	-40.1714285714
178.25	-40.1714285714
178.333333333	-40.1714285714
178.416666667	-40.1714285714
178.5	-40.1714285714
178.583333333	-40.1714285714
178.666666667	-40.1714285714
178.75	-40.1714285714
178.833333333	-40.1714285714
178.916666667	-40.1714285714
179	-40.1714285714
179.083333333	-40.1714285714
179.166666667	-40.1714285714
179.25	-40.1714285714
179.333333333	-40.1714285714
179.416666667	-40.1714285714
179.5	-40.1714285714
179.583333333	-40.1714285714
179.666666667	-40.1714285714
179.75	-40.1714285714
179.833333333	-40.1714285714
179.916666667	-40.1714285714
180	-40.1714285714
180.083333333	-40.1714285714
180.166666667	-40.1714285714
180.25	-40.1714285714
180.333333333	-40.1714285714
180.416666667	-40.1714285714
180.5	-40.1714285714
180.583333333	-40.1714285714
180.666666667	-40.1714285714
180.75	-40.1714285714
180.833333333	-40.1714285714
180.916666667	-40.1714285714
181	-40.1714285714
181.083333333	-40.1714285714
181.166666667	-40.1714285714
181.25	-40.1714285714
181.333333333	-40.1714285714
181.416666667	-40.1714285714
181.5	-40.1714285714
181.583333333	-40.1714285714
181.666666667	-40.1714285714
181.75	-40.1714285714
181.833333333	-40.1714285714
181.916666667	-40.1714285714
182	-40.1714285714
182.083333333	-40.1714285714
182.166666667	-40.1714285714
182.25	-40.1714285714
182.333333333	-40.1714285714
182.416666667	-40.1714285714
182.5	-40.1714285714
182.583333333	-40.1714285714
182.666666667	-40.1714285714
182.75	-40.1714285714
182.833333333	-40.1714285714
182.916666667	-40.1714285714
183	-40.1714285714
183.083333333	-40.1714285714
183.166666667	-40.1714285714
183.25	-40.1714285714
183.333333333	-40.1714285714
183.416666667	-40.1714285714
183.5	-40.1714285714
183.583333333	-40.1714285714
183.666666667	-40.1714285714
183.75	-40.1714285714
183.833333333	-40.1714285714
183.916666667	-40.1714285714
184	-40.1714285714
184.083333333	-40.1714285714
184.166666667	-40.1714285714
184.25	-40.1714285714
184.333333333	-40.1714285714
184.416666667	-40.1714285714
184.5	-40.1714285714
184.583333333	-40.1714285714
184.666666667	-40.1714285714
184.75	-40.1714285714
184.833333333	-40.1714285714
184.916666667	-40.1714285714
185	-40.1714285714
185.083333333	-40.1714285714
185.166666667	-40.1714285714
185.25	-40.1714285714
185.333333333	-40.1714285714
185.416666667	-40.1714285714
185.5	-40.1714285714
185.583333333	-40.1714285714
185.666666667	-40.1714285714
185.75	-40.1714285714
185.833333333	-40.1714285714
185.916666667	-40.1714285714
186	-40.1714285714
186.083333333	-40.1714285714
186.166666667	-40.1714285714
186.25	-40.1714285714
186.333333333	-40.1714285714
186.416666667	-40.1714285714
186.5	-40.1714285714
186.583333333	-40.1714285714
186.666666667	-40.1714285714
186.75	-40.1714285714
186.833333333	-40.1714285714
186.916666667	-40.1714285714
187	-40.1714285714
187.083333333	-40.1714285714
187.166666667	-40.1714285714
187.25	-40.1714285714
187.333333333	-40.1714285714
187.416666667	-40.1714285714
187.5	-40.1714285714
187.583333333	-40.1714285714
187.666666667	-40.1714285714
187.75	-40.1714285714
187.833333333	-40.1714285714
187.916666667	-40.1714285714
188	-40.1714285714
188.083333333	-40.1714285714
188.166666667	-40.1714285714
188.25	-40.1714285714
188.333333333	-40.1714285714
188.416666667	-40.1714285714
188.5	-40.1714285714
188.583333333	-40.1714285714
188.666666667	-40.1714285714
188.75	-40.1714285714
188.833333333	-40.1714285714
188.916666667	-40.1714285714
189	-40.1714285714
189.083333333	-40.1714285714
189.166666667	-40.1714285714
189.25	-40.1714285714
189.333333333	-40.1714285714
189.416666667	-40.1714285714
189.5	-40.1714285714
189.583333333	-40.1714285714
189.666666667	-40.1714285714
189.75	-40.1714285714
189.833333333	-40.1714285714
189.916666667	-40.1714285714
190	-40.1714285714
190.083333333	-40.1714285714
190.166666667	-40.1714285714
190.25	-40.1714285714
190.333333333	-40.1714285714
190.416666667	-40.1714285714
190.5	-40.1714285714
190.583333333	-40.1714285714
190.666666667	-40.1714285714
190.75	-40.1714285714
190.833333333	-40.1714285714
190.916666667	-40.1714285714
191	-40.1714285714
191.083333333	-40.1714285714
191.166666667	-40.1714285714
191.25	-40.1714285714
191.333333333	-40.1714285714
191.416666667	-40.1714285714
191.5	-40.1714285714
191.583333333	-40.1714285714
191.666666667	-40.1714285714
191.75	-40.1714285714
191.833333333	-40.1714285714
191.916666667	-40.1714285714
192	-40.1714285714
192.083333333	-40.1714285714
192.166666667	-40.1714285714
192.25	-40.1714285714
192.333333333	-40.1714285714
192.416666667	-40.1714285714
192.5	-40.1714285714
192.583333333	-40.1714285714
192.666666667	-40.1714285714
192.75	-40.1714285714
192.833333333	-40.1714285714
192.916666667	-40.1714285714
193	-40.1714285714
193.083333333	-40.1714285714
193.166666667	-40.1714285714
193.25	-40.1714285714
193.333333333	-40.1714285714
193.416666667	-40.1714285714
193.5	-40.1714285714
193.583333333	-40.1714285714
193.666666667	-40.1714285714
193.75	-40.1714285714
193.833333333	-40.1714285714
193.916666667	-40.1714285714
194	-40.1714285714
194.083333333	-40.1714285714
194.166666667	-40.1714285714
194.25	-40.1714285714
194.333333333	-40.1714285714
194.416666667	-40.1714285714
194.5	-40.1714285714
194.583333333	-40.1714285714
194.666666667	-40.1714285714
194.75	-40.1714285714
194.833333333	-40.1714285714
194.916666667	-40.1714285714
195	-40.1714285714
195.083333333	-40.1714285714
195.166666667	-40.1714285714
195.25	-40.1714285714
195.333333333	-40.1714285714
195.416666667	-40.1714285714
195.5	-40.1714285714
195.583333333	-40.1714285714
195.666666667	-40.1714285714
195.75	-40.1714285714
195.833333333	-40.1714285714
195.916666667	-40.1714285714
196	-40.1714285714
196.083333333	-40.1714285714
196.166666667	-40.1714285714
196.25	-40.1714285714
196.333333333	-40.1714285714
196.416666667	-40.1714285714
196.5	-40.1714285714
196.583333333	-40.1714285714
196.666666667	-40.1714285714
196.75	-40.1714285714
196.833333333	-40.1714285714
196.916666667	-40.1714285714
197	-40.1714285714
197.083333333	-40.1714285714
197.166666667	-40.1714285714
197.25	-40.1714285714
197.333333333	-40.1714285714
197.416666667	-40.1714285714
197.5	-40.1714285714
197.583333333	-40.1714285714
197.666666667	-40.1714285714
197.75	-40.1714285714
197.833333333	-40.1714285714
197.916666667	-40.1714285714
198	-40.1714285714
198.083333333	-40.1714285714
198.166666667	-40.1714285714
198.25	-40.1714285714
198.333333333	-40.1714285714
198.416666667	-40.1714285714
198.5	-40.1714285714
198.583333333	-40.1714285714
198.666666667	-40.1714285714
198.75	-40.1714285714
198.833333333	-40.1714285714
198.916666667	-40.1714285714
199	-40.1714285714
199.083333333	-40.1714285714
199.166666667	-40.1714285714
199.25	-40.1714285714
199.333333333	-40.1714285714
199.416666667	-40.1714285714
199.5	-40.1714285714
199.583333333	-40.1714285714
199.666666667	-40.1714285714
199.75	-40.1714285714
199.833333333	-40.1714285714
199.916666667	-40.1714285714
200	-40.1714285714
200.083333333	-40.1714285714
200.166666667	-40.1714285714
200.25	-40.1714285714
200.333333333	-40.1714285714
200.416666667	-40.1714285714
200.5	-40.1714285714
200.583333333	-40.1714285714
200.666666667	-40.1714285714
200.75	-40.1714285714
200.833333333	-40.1714285714
200.916666667	-40.1714285714
201	-40.1714285714
201.083333333	-40.1714285714
201.166666667	-40.1714285714
201.25	-40.1714285714
201.333333333	-40.1714285714
201.416666667	-40.1714285714
201.5	-40.1714285714
201.583333333	-40.1714285714
201.666666667	-40.1714285714
201.75	-40.1714285714
201.833333333	-40.1714285714
201.916666667	-40.1714285714
202	-40.1714285714
202.083333333	-40.1714285714
202.166666667	-40.1714285714
202.25	-40.1714285714
202.333333333	-40.1714285714
202.416666667	-40.1714285714
202.5	-40.1714285714
202.583333333	-40.1714285714
202.666666667	-40.1714285714
202.75	-40.1714285714
202.833333333	-40.1714285714
202.916666667	-40.1714285714
203	-40.1714285714
203.083333333	-40.1714285714
203.166666667	-40.1714285714
203.25	-40.1714285714
203.333333333	-40.1714285714
203.416666667	-40.1714285714
203.5	-40.1714285714
203.583333333	-40.1714285714
203.666666667	-40.1714285714
203.75	-40.1714285714
203.833333333	-40.1714285714
203.916666667	-40.1714285714
204	-40.1714285714
204.083333333	-40.1714285714
204.166666667	-40.1714285714
204.25	-40.1714285714
204.333333333	-40.1714285714
204.416666667	-40.1714285714
204.5	-40.1714285714
204.583333333	-40.1714285714
204.666666667	-40.1714285714
204.75	-40.1714285714
204.833333333	-40.1714285714
204.916666667	-40.1714285714
205	-40.1714285714
205.083333333	-40.1714285714
205.166666667	-40.1714285714
205.25	-40.1714285714
205.333333333	-40.1714285714
205.416666667	-40.1714285714
205.5	-40.1714285714
205.583333333	-40.1714285714
205.666666667	-40.1714285714
205.75	-40.1714285714
205.833333333	-40.1714285714
205.916666667	-40.1714285714
206	-40.1714285714
206.083333333	-40.1714285714
206.166666667	-40.1714285714
206.25	-40.1714285714
206.333333333	-40.1714285714
206.416666667	-40.1714285714
206.5	-40.1714285714
206.583333333	-40.1714285714
206.666666667	-40.1714285714
206.75	-40.1714285714
206.833333333	-40.1714285714
206.916666667	-40.1714285714
207	-40.1714285714
207.083333333	-40.1714285714
207.166666667	-40.1714285714
207.25	-40.1714285714
207.333333333	-40.1714285714
207.416666667	-40.1714285714
207.5	-40.1714285714
207.583333333	-40.1714285714
207.666666667	-40.1714285714
207.75	-40.1714285714
207.833333333	-40.1714285714
207.916666667	-40.1714285714
208	-40.1714285714
208.083333333	-40.1714285714
208.166666667	-40.1714285714
208.25	-40.1714285714
208.333333333	-40.1714285714
208.416666667	-40.1714285714
208.5	-40.1714285714
208.583333333	-40.1714285714
208.666666667	-40.1714285714
208.75	-40.1714285714
208.833333333	-40.1714285714
208.916666667	-40.1714285714
209	-40.1714285714
209.083333333	-40.1714285714
209.166666667	-40.1714285714
209.25	-40.1714285714
209.333333333	-40.1714285714
209.416666667	-40.1714285714
209.5	-40.1714285714
209.583333333	-40.1714285714
209.666666667	-40.1714285714
209.75	-40.1714285714
209.833333333	-40.1714285714
209.916666667	-40.1714285714
210	-40.1714285714
210.083333333	-40.1714285714
210.166666667	-40.1714285714
210.25	-40.1714285714
210.333333333	-40.1714285714
210.416666667	-40.1714285714
210.5	-40.1714285714
210.583333333	-40.1714285714
210.666666667	-40.1714285714
210.75	-40.1714285714
210.833333333	-40.1714285714
210.916666667	-40.1714285714
211	-40.1714285714
211.083333333	-40.1714285714
211.166666667	-40.1714285714
211.25	-40.1714285714
211.333333333	-40.1714285714
211.416666667	-40.1714285714
211.5	-40.1714285714
211.583333333	-40.1714285714
211.666666667	-40.1714285714
211.75	-40.1714285714
211.833333333	-40.1714285714
211.916666667	-40.1714285714
212	-40.1714285714
212.083333333	-40.1714285714
212.166666667	-40.1714285714
212.25	-40.1714285714
212.333333333	-40.1714285714
212.416666667	-40.1714285714
212.5	-40.1714285714
212.583333333	-40.1714285714
212.666666667	-40.1714285714
212.75	-40.1714285714
212.833333333	-40.1714285714
212.916666667	-40.1714285714
213	-40.1714285714
213.083333333	-40.1714285714
213.166666667	-40.1714285714
213.25	-40.1714285714
213.333333333	-40.1714285714
213.416666667	-40.1714285714
213.5	-40.1714285714
213.583333333	-40.1714285714
213.666666667	-40.1714285714
213.75	-40.1714285714
213.833333333	-40.1714285714
213.916666667	-40.1714285714
214	-40.1714285714
214.083333333	-40.1714285714
214.166666667	-40.1714285714
214.25	-40.1714285714
214.333333333	-40.1714285714
214.416666667	-40.1714285714
214.5	-40.1714285714
214.583333333	-40.1714285714
214.666666667	-40.1714285714
214.75	-40.1714285714
214.833333333	-40.1714285714
214.916666667	-40.1714285714
215	-40.1714285714
215.083333333	-40.1714285714
215.166666667	-40.1714285714
215.25	-40.1714285714
215.333333333	-40.1714285714
215.416666667	-40.1714285714
215.5	-40.1714285714
215.583333333	-40.1714285714
215.666666667	-40.1714285714
215.75	-40.1714285714
215.833333333	-40.1714285714
215.916666667	-40.1714285714
216	-40.1714285714
216.083333333	-40.1714285714
216.166666667	-40.1714285714
216.25	-40.1714285714
216.333333333	-40.1714285714
216.416666667	-40.1714285714
216.5	-40.1714285714
216.583333333	-40.1714285714
216.666666667	-40.1714285714
216.75	-40.1714285714
216.833333333	-40.1714285714
216.916666667	-40.1714285714
217	-40.1714285714
217.083333333	-40.1714285714
217.166666667	-40.1714285714
217.25	-40.1714285714
217.333333333	-40.1714285714
217.416666667	-40.1714285714
217.5	-40.1714285714
217.583333333	-40.1714285714
217.666666667	-40.1714285714
217.75	-40.1714285714
217.833333333	-40.1714285714
217.916666667	-40.1714285714
218	-40.1714285714
218.083333333	-40.1714285714
218.166666667	-40.1714285714
218.25	-40.1714285714
218.333333333	-40.1714285714
218.416666667	-40.1714285714
218.5	-40.1714285714
218.583333333	-40.1714285714
218.666666667	-40.1714285714
218.75	-40.1714285714
218.833333333	-40.1714285714
218.916666667	-40.1714285714
219	-40.1714285714
219.083333333	-40.1714285714
219.166666667	-40.1714285714
219.25	-40.1714285714
219.333333333	-40.1714285714
219.416666667	-40.1714285714
219.5	-40.1714285714
219.583333333	-40.1714285714
219.666666667	-40.1714285714
219.75	-40.1714285714
219.833333333	-40.1714285714
219.916666667	-40.1714285714
220	-40.1714285714
220.083333333	-40.1714285714
220.166666667	-40.1714285714
220.25	-40.1714285714
220.333333333	-40.1714285714
220.416666667	-40.1714285714
220.5	-40.1714285714
220.583333333	-40.1714285714
220.666666667	-40.1714285714
220.75	-40.1714285714
220.833333333	-40.1714285714
220.916666667	-40.1714285714
221	-40.1714285714
221.083333333	-40.1714285714
221.166666667	-40.1714285714
221.25	-40.1714285714
221.333333333	-40.1714285714
221.416666667	-40.1714285714
221.5	-40.1714285714
221.583333333	-40.1714285714
221.666666667	-40.1714285714
221.75	-40.1714285714
221.833333333	-40.1714285714
221.916666667	-40.1714285714
222	-40.1714285714
222.083333333	-40.1714285714
222.166666667	-40.1714285714
222.25	-40.1714285714
222.333333333	-40.1714285714
222.416666667	-40.1714285714
222.5	-40.1714285714
222.583333333	-40.1714285714
222.666666667	-40.1714285714
222.75	-40.1714285714
222.833333333	-40.1714285714
222.916666667	-40.1714285714
223	-40.1714285714
223.083333333	-40.1714285714
223.166666667	-40.1714285714
223.25	-40.1714285714
223.333333333	-40.1714285714
223.416666667	-40.1714285714
223.5	-40.1714285714
223.583333333	-40.1714285714
223.666666667	-40.1714285714
223.75	-40.1714285714
223.833333333	-40.1714285714
223.916666667	-40.1714285714
224	-40.1714285714
224.083333333	-40.1714285714
224.166666667	-40.1714285714
224.25	-40.1714285714
224.333333333	-40.1714285714
224.416666667	-40.1714285714
224.5	-40.1714285714
224.583333333	-40.1714285714
224.666666667	-40.1714285714
224.75	-40.1714285714
224.833333333	-40.1714285714
224.916666667	-40.1714285714
225	-40.1714285714
225.083333333	-40.1714285714
225.166666667	-40.1714285714
225.25	-40.1714285714
225.333333333	-40.1714285714
225.416666667	-40.1714285714
225.5	-40.1714285714
225.583333333	-40.1714285714
225.666666667	-40.1714285714
225.75	-40.1714285714
225.833333333	-40.1714285714
225.916666667	-40.1714285714
226	-40.1714285714
226.083333333	-40.1714285714
226.166666667	-40.1714285714
226.25	-40.1714285714
226.333333333	-40.1714285714
226.416666667	-40.1714285714
226.5	-40.1714285714
226.583333333	-40.1714285714
226.666666667	-40.1714285714
226.75	-40.1714285714
226.833333333	-40.1714285714
226.916666667	-40.1714285714
227	-40.1714285714
227.083333333	-40.1714285714
227.166666667	-40.1714285714
227.25	-40.1714285714
227.333333333	-40.1714285714
227.416666667	-40.1714285714
227.5	-40.1714285714
227.583333333	-40.1714285714
227.666666667	-40.1714285714
227.75	-40.1714285714
227.833333333	-40.1714285714
227.916666667	-40.1714285714
228	-40.1714285714
228.083333333	-40.1714285714
228.166666667	-40.1714285714
228.25	-40.1714285714
228.333333333	-40.1714285714
228.416666667	-40.1714285714
228.5	-40.1714285714
228.583333333	-40.1714285714
228.666666667	-40.1714285714
228.75	-40.1714285714
228.833333333	-40.1714285714
228.916666667	-40.1714285714
229	-40.1714285714
229.083333333	-40.1714285714
229.166666667	-40.1714285714
229.25	-40.1714285714
229.333333333	-40.1714285714
229.416666667	-40.1714285714
229.5	-40.1714285714
229.583333333	-40.1714285714
229.666666667	-40.1714285714
229.75	-40.1714285714
229.833333333	-40.1714285714
229.916666667	-40.1714285714
230	-40.1714285714
230.083333333	-40.1714285714
230.166666667	-40.1714285714
230.25	-40.1714285714
230.333333333	-40.1714285714
230.416666667	-40.1714285714
230.5	-40.1714285714
230.583333333	-40.1714285714
230.666666667	-40.1714285714
230.75	-40.1714285714
230.833333333	-40.1714285714
230.916666667	-40.1714285714
231	-40.1714285714
231.083333333	-40.1714285714
231.166666667	-40.1714285714
231.25	-40.1714285714
231.333333333	-40.1714285714
231.416666667	-40.1714285714
231.5	-40.1714285714
231.583333333	-40.1714285714
231.666666667	-40.1714285714
231.75	-40.1714285714
231.833333333	-40.1714285714
231.916666667	-40.1714285714
232	-40.1714285714
232.083333333	-40.1714285714
232.166666667	-40.1714285714
232.25	-40.1714285714
232.333333333	-40.1714285714
232.416666667	-40.1714285714
232.5	-40.1714285714
232.583333333	-40.1714285714
232.666666667	-40.1714285714
232.75	-40.1714285714
232.833333333	-40.1714285714
232.916666667	-40.1714285714
233	-40.1714285714
233.083333333	-40.1714285714
233.166666667	-40.1714285714
233.25	-40.1714285714
233.333333333	-40.1714285714
233.416666667	-40.1714285714
233.5	-40.1714285714
233.583333333	-40.1714285714
233.666666667	-40.1714285714
233.75	-40.1714285714
233.833333333	-40.1714285714
233.916666667	-40.1714285714
234	-40.1714285714
234.083333333	-40.1714285714
234.166666667	-40.1714285714
234.25	-40.1714285714
234.333333333	-40.1714285714
234.416666667	-40.1714285714
234.5	-40.1714285714
234.583333333	-40.1714285714
234.666666667	-40.1714285714
234.75	-40.1714285714
234.833333333	-40.1714285714
234.916666667	-40.1714285714
235	-40.1714285714
235.083333333	-40.1714285714
235.166666667	-40.1714285714
235.25	-40.1714285714
235.333333333	-40.1714285714
235.416666667	-40.1714285714
235.5	-40.1714285714
235.583333333	-40.1714285714
235.666666667	-40.1714285714
235.75	-40.1714285714
235.833333333	-40.1714285714
235.916666667	-40.1714285714
236	-40.1714285714
236.083333333	-40.1714285714
236.166666667	-40.1714285714
236.25	-40.1714285714
236.333333333	-40.1714285714
236.416666667	-40.1714285714
236.5	-40.1714285714
236.583333333	-40.1714285714
236.666666667	-40.1714285714
236.75	-40.1714285714
236.833333333	-40.1714285714
236.916666667	-40.1714285714
237	-40.1714285714
237.083333333	-40.1714285714
237.166666667	-40.1714285714
237.25	-40.1714285714
237.333333333	-40.1714285714
237.416666667	-40.1714285714
237.5	-40.1714285714
237.583333333	-40.1714285714
237.666666667	-40.1714285714
237.75	-40.1714285714
237.833333333	-40.1714285714
237.916666667	-40.1714285714
238	-40.1714285714
238.083333333	-40.1714285714
238.166666667	-40.1714285714
238.25	-40.1714285714
238.333333333	-40.1714285714
238.416666667	-40.1714285714
238.5	-40.1714285714
238.583333333	-40.1714285714
238.666666667	-40.1714285714
238.75	-40.1714285714
238.833333333	-40.1714285714
238.916666667	-40.1714285714
239	-40.1714285714
239.083333333	-40.1714285714
239.166666667	-40.1714285714
239.25	-40.1714285714
239.333333333	-40.1714285714
239.416666667	-40.1714285714
239.5	-40.1714285714
239.583333333	-40.1714285714
239.666666667	-40.1714285714
239.75	-40.1714285714
239.833333333	-40.1714285714
239.916666667	-40.1714285714
240	-40.1714285714
240.083333333	-40.1714285714
240.166666667	-40.1714285714
240.25	-40.1714285714
240.333333333	-40.1714285714
240.416666667	-40.1714285714
240.5	-40.1714285714
240.583333333	-40.1714285714
240.666666667	-40.1714285714
240.75	-40.1714285714
240.833333333	-40.1714285714
240.916666667	-40.1714285714
241	-40.1714285714
241.083333333	-40.1714285714
241.166666667	-40.1714285714
241.25	-40.1714285714
241.333333333	-40.1714285714
241.416666667	-40.1714285714
241.5	-40.1714285714
241.583333333	-40.1714285714
241.666666667	-40.1714285714
241.75	-40.1714285714
241.833333333	-40.1714285714
241.916666667	-40.1714285714
242	-40.1714285714
242.083333333	-40.1714285714
242.166666667	-40.1714285714
242.25	-40.1714285714
242.333333333	-40.1714285714
242.416666667	-40.1714285714
242.5	-40.1714285714
242.583333333	-40.1714285714
242.666666667	-40.1714285714
242.75	-40.1714285714
242.833333333	-40.1714285714
242.916666667	-40.1714285714
243	-40.1714285714
243.083333333	-40.1714285714
243.166666667	-40.1714285714
243.25	-40.1714285714
243.333333333	-40.1714285714
243.416666667	-40.1714285714
243.5	-40.1714285714
243.583333333	-40.1714285714
243.666666667	-40.1714285714
243.75	-40.1714285714
243.833333333	-40.1714285714
243.916666667	-40.1714285714
244	-40.1714285714
244.083333333	-40.1714285714
244.166666667	-40.1714285714
244.25	-40.1714285714
244.333333333	-40.1714285714
244.416666667	-40.1714285714
244.5	-40.1714285714
244.583333333	-40.1714285714
244.666666667	-40.1714285714
244.75	-40.1714285714
244.833333333	-40.1714285714
244.916666667	-40.1714285714
245	-40.1714285714
245.083333333	-40.1714285714
245.166666667	-40.1714285714
245.25	-40.1714285714
245.333333333	-40.1714285714
245.416666667	-40.1714285714
245.5	-40.1714285714
245.583333333	-40.1714285714
245.666666667	-40.1714285714
245.75	-40.1714285714
245.833333333	-40.1714285714
245.916666667	-40.1714285714
246	-40.1714285714
246.083333333	-40.1714285714
246.166666667	-40.1714285714
246.25	-40.1714285714
246.333333333	-40.1714285714
246.416666667	-40.1714285714
246.5	-40.1714285714
246.583333333	-40.1714285714
246.666666667	-40.1714285714
246.75	-40.1714285714
246.833333333	-40.1714285714
246.916666667	-40.1714285714
247	-40.1714285714
247.083333333	-40.1714285714
247.166666667	-40.1714285714
247.25	-40.1714285714
247.333333333	-40.1714285714
247.416666667	-40.1714285714
247.5	-40.1714285714
247.583333333	-40.1714285714
247.666666667	-40.1714285714
247.75	-40.1714285714
247.833333333	-40.1714285714
247.916666667	-40.1714285714
248	-40.1714285714
248.083333333	-40.1714285714
248.166666667	-40.1714285714
248.25	-40.1714285714
248.333333333	-40.1714285714
248.416666667	-40.1714285714
248.5	-40.1714285714
248.583333333	-40.1714285714
248.666666667	-40.1714285714
248.75	-40.1714285714
248.833333333	-40.1714285714
248.916666667	-40.1714285714
249	-40.1714285714
249.083333333	-40.1714285714
249.166666667	-40.1714285714
249.25	-40.1714285714
249.333333333	-40.1714285714
249.416666667	-40.1714285714
249.5	-40.1714285714
249.583333333	-40.1714285714
249.666666667	-40.1714285714
249.75	-40.1714285714
249.833333333	-40.1714285714
249.916666667	-40.1714285714
250	-40.1714285714
250.083333333	-40.1714285714
250.166666667	-40.1714285714
250.25	-40.1714285714
250.333333333	-40.1714285714
250.416666667	-40.1714285714
250.5	-40.1714285714
250.583333333	-40.1714285714
250.666666667	-40.1714285714
250.75	-40.1714285714
250.833333333	-40.1714285714
250.916666667	-40.1714285714
251	-40.1714285714
251.083333333	-40.1714285714
251.166666667	-40.1714285714
251.25	-40.1714285714
251.333333333	-40.1714285714
251.416666667	-40.1714285714
251.5	-40.1714285714
251.583333333	-40.1714285714
251.666666667	-40.1714285714
251.75	-40.1714285714
251.833333333	-40.1714285714
251.916666667	-40.1714285714
252	-40.1714285714
252.083333333	-40.1714285714
252.166666667	-40.1714285714
252.25	-40.1714285714
252.333333333	-40.1714285714
252.416666667	-40.1714285714
252.5	-40.1714285714
252.583333333	-40.1714285714
252.666666667	-40.1714285714
252.75	-40.1714285714
252.833333333	-40.1714285714
252.916666667	-40.1714285714
253	-40.1714285714
253.083333333	-40.1714285714
253.166666667	-40.1714285714
253.25	-40.1714285714
253.333333333	-40.1714285714
253.416666667	-40.1714285714
253.5	-40.1714285714
253.583333333	-40.1714285714
253.666666667	-40.1714285714
253.75	-40.1714285714
253.833333333	-40.1714285714
253.916666667	-40.1714285714
254	-40.1714285714
254.083333333	-40.1714285714
254.166666667	-40.1714285714
254.25	-40.1714285714
254.333333333	-40.1714285714
254.416666667	-40.1714285714
254.5	-40.1714285714
254.583333333	-40.1714285714
254.666666667	-40.1714285714
254.75	-40.1714285714
254.833333333	-40.1714285714
254.916666667	-40.1714285714
255	-40.1714285714
255.083333333	-40.1714285714
255.166666667	-40.1714285714
255.25	-40.1714285714
255.333333333	-40.1714285714
255.416666667	-40.1714285714
255.5	-40.1714285714
255.583333333	-40.1714285714
255.666666667	-40.1714285714
255.75	-40.1714285714
255.833333333	-40.1714285714
255.916666667	-40.1714285714
256	-40.1714285714
256.083333333	-40.1714285714
256.166666667	-40.1714285714
256.25	-40.1714285714
256.333333333	-40.1714285714
256.416666667	-40.1714285714
256.5	-40.1714285714
256.583333333	-40.1714285714
256.666666667	-40.1714285714
256.75	-40.1714285714
256.833333333	-40.1714285714
256.916666667	-40.1714285714
257	-40.1714285714
257.083333333	-40.1714285714
257.166666667	-40.1714285714
257.25	-40.1714285714
257.333333333	-40.1714285714
257.416666667	-40.1714285714
257.5	-40.1714285714
257.583333333	-40.1714285714
257.666666667	-40.1714285714
257.75	-40.1714285714
257.833333333	-40.1714285714
257.916666667	-40.1714285714
258	-40.1714285714
258.083333333	-40.1714285714
258.166666667	-40.1714285714
258.25	-40.1714285714
258.333333333	-40.1714285714
258.416666667	-40.1714285714
258.5	-40.1714285714
258.583333333	-40.1714285714
258.666666667	-40.1714285714
258.75	-40.1714285714
258.833333333	-40.1714285714
258.916666667	-40.1714285714
259	-40.1714285714
259.083333333	-40.1714285714
259.166666667	-40.1714285714
259.25	-40.1714285714
259.333333333	-40.1714285714
259.416666667	-40.1714285714
259.5	-40.1714285714
259.583333333	-40.1714285714
259.666666667	-40.1714285714
259.75	-40.1714285714
259.833333333	-40.1714285714
259.916666667	-40.1714285714
260	-40.1714285714
260.083333333	-40.1714285714
260.166666667	-40.1714285714
260.25	-40.1714285714
260.333333333	-40.1714285714
260.416666667	-40.1714285714
260.5	-40.1714285714
260.583333333	-40.1714285714
260.666666667	-40.1714285714
260.75	-40.1714285714
260.833333333	-40.1714285714
260.916666667	-40.1714285714
261	-40.1714285714
261.083333333	-40.1714285714
261.166666667	-40.1714285714
261.25	-40.1714285714
261.333333333	-40.1714285714
261.416666667	-40.1714285714
261.5	-40.1714285714
261.583333333	-40.1714285714
261.666666667	-40.1714285714
261.75	-40.1714285714
261.833333333	-40.1714285714
261.916666667	-40.1714285714
262	-40.1714285714
262.083333333	-40.1714285714
262.166666667	-40.1714285714
262.25	-40.1714285714
262.333333333	-40.1714285714
262.416666667	-40.1714285714
262.5	-40.1714285714
262.583333333	-40.1714285714
262.666666667	-40.1714285714
262.75	-40.1714285714
262.833333333	-40.1714285714
262.916666667	-40.1714285714
263	-40.1714285714
263.083333333	-40.1714285714
263.166666667	-40.1714285714
263.25	-40.1714285714
263.333333333	-40.1714285714
263.416666667	-40.1714285714
263.5	-40.1714285714
263.583333333	-40.1714285714
263.666666667	-40.1714285714
263.75	-40.1714285714
263.833333333	-40.1714285714
263.916666667	-40.1714285714
264	-40.1714285714
264.083333333	-40.1714285714
264.166666667	-40.1714285714
264.25	-40.1714285714
264.333333333	-40.1714285714
264.416666667	-40.1714285714
264.5	-40.1714285714
264.583333333	-40.1714285714
264.666666667	-40.1714285714
264.75	-40.1714285714
264.833333333	-40.1714285714
264.916666667	-40.1714285714
265	-40.1714285714
265.083333333	-40.1714285714
265.166666667	-40.1714285714
265.25	-40.1714285714
265.333333333	-40.1714285714
265.416666667	-40.1714285714
265.5	-40.1714285714
265.583333333	-40.1714285714
265.666666667	-40.1714285714
265.75	-40.1714285714
265.833333333	-40.1714285714
265.916666667	-40.1714285714
266	-40.1714285714
266.083333333	-40.1714285714
266.166666667	-40.1714285714
266.25	-40.1714285714
266.333333333	-40.1714285714
266.416666667	-40.1714285714
266.5	-40.1714285714
266.583333333	-40.1714285714
266.666666667	-40.1714285714
266.75	-40.1714285714
266.833333333	-40.1714285714
266.916666667	-40.1714285714
267	-40.1714285714
267.083333333	-40.1714285714
267.166666667	-40.1714285714
267.25	-40.1714285714
267.333333333	-40.1714285714
267.416666667	-40.1714285714
267.5	-40.1714285714
267.583333333	-40.1714285714
267.666666667	-40.1714285714
267.75	-40.1714285714
267.833333333	-40.1714285714
267.916666667	-40.1714285714
268	-40.1714285714
268.083333333	-40.1714285714
268.166666667	-40.1714285714
268.25	-40.1714285714
268.333333333	-40.1714285714
268.416666667	-40.1714285714
268.5	-40.1714285714
268.583333333	-40.1714285714
268.666666667	-40.1714285714
268.75	-40.1714285714
268.833333333	-40.1714285714
268.916666667	-40.1714285714
269	-40.1714285714
269.083333333	-40.1714285714
269.166666667	-40.1714285714
269.25	-40.1714285714
269.333333333	-40.1714285714
269.416666667	-40.1714285714
269.5	-40.1714285714
269.583333333	-40.1714285714
269.666666667	-40.1714285714
269.75	-40.1714285714
269.833333333	-40.1714285714
269.916666667	-40.1714285714
270	-40.1714285714
270.083333333	-40.1714285714
270.166666667	-40.1714285714
270.25	-40.1714285714
270.333333333	-40.1714285714
270.416666667	-40.1714285714
270.5	-40.1714285714
270.583333333	-40.1714285714
270.666666667	-40.1714285714
270.75	-40.1714285714
270.833333333	-40.1714285714
270.916666667	-40.1714285714
271	-40.1714285714
271.083333333	-40.1714285714
271.166666667	-40.1714285714
271.25	-40.1714285714
271.333333333	-40.1714285714
271.416666667	-40.1714285714
271.5	-40.1714285714
271.583333333	-40.1714285714
271.666666667	-40.1714285714
271.75	-40.1714285714
271.833333333	-40.1714285714
271.916666667	-40.1714285714
272	-40.1714285714
272.083333333	-40.1714285714
272.166666667	-40.1714285714
272.25	-40.1714285714
272.333333333	-40.1714285714
272.416666667	-40.1714285714
272.5	-40.1714285714
272.583333333	-40.1714285714
272.666666667	-40.1714285714
272.75	-40.1714285714
272.833333333	-40.1714285714
272.916666667	-40.1714285714
273	-40.1714285714
273.083333333	-40.1714285714
273.166666667	-40.1714285714
273.25	-40.1714285714
273.333333333	-40.1714285714
273.416666667	-40.1714285714
273.5	-40.1714285714
273.583333333	-40.1714285714
273.666666667	-40.1714285714
273.75	-40.1714285714
273.833333333	-40.1714285714
273.916666667	-40.1714285714
274	-40.1714285714
274.083333333	-40.1714285714
274.166666667	-40.1714285714
274.25	-40.1714285714
274.333333333	-40.1714285714
274.416666667	-40.1714285714
274.5	-40.1714285714
274.583333333	-40.1714285714
274.666666667	-40.1714285714
274.75	-40.1714285714
274.833333333	-40.1714285714
274.916666667	-40.1714285714
275	-40.1714285714
275.083333333	-40.1714285714
275.166666667	-40.1714285714
275.25	-40.1714285714
275.333333333	-40.1714285714
275.416666667	-40.1714285714
275.5	-40.1714285714
275.583333333	-40.1714285714
275.666666667	-40.1714285714
275.75	-40.1714285714
275.833333333	-40.1714285714
275.916666667	-40.1714285714
276	-40.1714285714
276.083333333	-40.1714285714
276.166666667	-40.1714285714
276.25	-40.1714285714
276.333333333	-40.1714285714
276.416666667	-40.1714285714
276.5	-40.1714285714
276.583333333	-40.1714285714
276.666666667	-40.1714285714
276.75	-40.1714285714
276.833333333	-40.1714285714
276.916666667	-40.1714285714
277	-40.1714285714
277.083333333	-40.1714285714
277.166666667	-40.1714285714
277.25	-40.1714285714
277.333333333	-40.1714285714
277.416666667	-40.1714285714
277.5	-40.1714285714
277.583333333	-40.1714285714
277.666666667	-40.1714285714
277.75	-40.1714285714
277.833333333	-40.1714285714
277.916666667	-40.1714285714
278	-40.1714285714
278.083333333	-40.1714285714
278.166666667	-40.1714285714
278.25	-40.1714285714
278.333333333	-40.1714285714
278.416666667	-40.1714285714
278.5	-40.1714285714
278.583333333	-40.1714285714
278.666666667	-40.1714285714
278.75	-40.1714285714
278.833333333	-40.1714285714
278.916666667	-40.1714285714
279	-40.1714285714
279.083333333	-40.1714285714
279.166666667	-40.1714285714
279.25	-40.1714285714
279.333333333	-40.1714285714
279.416666667	-40.1714285714
279.5	-40.1714285714
279.583333333	-40.1714285714
279.666666667	-40.1714285714
279.75	-40.1714285714
279.833333333	-40.1714285714
279.916666667	-40.1714285714
280	-40.1714285714
280.083333333	-40.1714285714
280.166666667	-40.1714285714
280.25	-40.1714285714
280.333333333	-40.1714285714
280.416666667	-40.1714285714
280.5	-40.1714285714
280.583333333	-40.1714285714
280.666666667	-40.1714285714
280.75	-40.1714285714
280.833333333	-40.1714285714
280.916666667	-40.1714285714
281	-40.1714285714
281.083333333	-40.1714285714
281.166666667	-40.1714285714
281.25	-40.1714285714
281.333333333	-40.1714285714
281.416666667	-40.1714285714
281.5	-40.1714285714
281.583333333	-40.1714285714
281.666666667	-40.1714285714
281.75	-40.1714285714
281.833333333	-40.1714285714
281.916666667	-40.1714285714
282	-40.1714285714
282.083333333	-40.1714285714
282.166666667	-40.1714285714
282.25	-40.1714285714
282.333333333	-40.1714285714
282.416666667	-40.1714285714
282.5	-40.1714285714
282.583333333	-40.1714285714
282.666666667	-40.1714285714
282.75	-40.1714285714
282.833333333	-40.1714285714
282.916666667	-40.1714285714
283	-40.1714285714
283.083333333	-40.1714285714
283.166666667	-40.1714285714
283.25	-40.1714285714
283.333333333	-40.1714285714
283.416666667	-40.1714285714
283.5	-40.1714285714
283.583333333	-40.1714285714
283.666666667	-40.1714285714
283.75	-40.1714285714
283.833333333	-40.1714285714
283.916666667	-40.1714285714
284	-40.1714285714
284.083333333	-40.1714285714
284.166666667	-40.1714285714
284.25	-40.1714285714
284.333333333	-40.1714285714
284.416666667	-40.1714285714
284.5	-40.1714285714
284.583333333	-40.1714285714
284.666666667	-40.1714285714
284.75	-40.1714285714
284.833333333	-40.1714285714
284.916666667	-40.1714285714
285	-40.1714285714
285.083333333	-40.1714285714
285.166666667	-40.1714285714
285.25	-40.1714285714
285.333333333	-40.1714285714
285.416666667	-40.1714285714
285.5	-40.1714285714
285.583333333	-40.1714285714
285.666666667	-40.1714285714
285.75	-40.1714285714
285.833333333	-40.1714285714
285.916666667	-40.1714285714
286	-40.1714285714
286.083333333	-40.1714285714
286.166666667	-40.1714285714
286.25	-40.1714285714
286.333333333	-40.1714285714
286.416666667	-40.1714285714
286.5	-40.1714285714
286.583333333	-40.1714285714
286.666666667	-40.1714285714
286.75	-40.1714285714
286.833333333	-40.1714285714
286.916666667	-40.1714285714
287	-40.1714285714
287.083333333	-40.1714285714
287.166666667	-40.1714285714
287.25	-40.1714285714
287.333333333	-40.1714285714
287.416666667	-40.1714285714
287.5	-40.1714285714
287.583333333	-40.1714285714
287.666666667	-40.1714285714
287.75	-40.1714285714
287.833333333	-40.1714285714
287.916666667	-40.1714285714
288	-40.1714285714
288.083333333	-40.1714285714
288.166666667	-40.1714285714
288.25	-40.1714285714
288.333333333	-40.1714285714
288.416666667	-40.1714285714
288.5	-40.1714285714
288.583333333	-40.1714285714
288.666666667	-40.1714285714
288.75	-40.1714285714
288.833333333	-40.1714285714
288.916666667	-40.1714285714
289	-40.1714285714
289.083333333	-40.1714285714
289.166666667	-40.1714285714
289.25	-40.1714285714
289.333333333	-40.1714285714
289.416666667	-40.1714285714
289.5	-40.1714285714
289.583333333	-40.1714285714
289.666666667	-40.1714285714
289.75	-40.1714285714
289.833333333	-40.1714285714
289.916666667	-40.1714285714
290	-40.1714285714
290.083333333	-40.1714285714
290.166666667	-40.1714285714
290.25	-40.1714285714
290.333333333	-40.1714285714
290.416666667	-40.1714285714
290.5	-40.1714285714
290.583333333	-40.1714285714
290.666666667	-40.1714285714
290.75	-40.1714285714
290.833333333	-40.1714285714
290.916666667	-40.1714285714
291	-40.1714285714
291.083333333	-40.1714285714
291.166666667	-40.1714285714
291.25	-40.1714285714
291.333333333	-40.1714285714
291.416666667	-40.1714285714
291.5	-40.1714285714
291.583333333	-40.1714285714
291.666666667	-40.1714285714
291.75	-40.1714285714
291.833333333	-40.1714285714
291.916666667	-40.1714285714
292	-40.1714285714
292.083333333	-40.1714285714
292.166666667	-40.1714285714
292.25	-40.1714285714
292.333333333	-40.1714285714
292.416666667	-40.1714285714
292.5	-40.1714285714
292.583333333	-40.1714285714
292.666666667	-40.1714285714
292.75	-40.1714285714
292.833333333	-40.1714285714
292.916666667	-40.1714285714
293	-40.1714285714
293.083333333	-40.1714285714
293.166666667	-40.1714285714
293.25	-40.1714285714
293.333333333	-40.1714285714
293.416666667	-40.1714285714
293.5	-40.1714285714
293.583333333	-40.1714285714
293.666666667	-40.1714285714
293.75	-40.1714285714
293.833333333	-40.1714285714
293.916666667	-40.1714285714
294	-40.1714285714
294.083333333	-40.1714285714
294.166666667	-40.1714285714
294.25	-40.1714285714
294.333333333	-40.1714285714
294.416666667	-40.1714285714
294.5	-40.1714285714
294.583333333	-40.1714285714
294.666666667	-40.1714285714
294.75	-40.1714285714
294.833333333	-40.1714285714
294.916666667	-40.1714285714
295	-40.1714285714
295.083333333	-40.1714285714
295.166666667	-40.1714285714
295.25	-40.1714285714
295.333333333	-40.1714285714
295.416666667	-40.1714285714
295.5	-40.1714285714
295.583333333	-40.1714285714
295.666666667	-40.1714285714
295.75	-40.1714285714
295.833333333	-40.1714285714
295.916666667	-40.1714285714
296	-40.1714285714
296.083333333	-40.1714285714
296.166666667	-40.1714285714
296.25	-40.1714285714
296.333333333	-40.1714285714
296.416666667	-40.1714285714
296.5	-40.1714285714
296.583333333	-40.1714285714
296.666666667	-40.1714285714
296.75	-40.1714285714
296.833333333	-40.1714285714
296.916666667	-40.1714285714
297	-40.1714285714
297.083333333	-40.1714285714
297.166666667	-40.1714285714
297.25	-40.1714285714
297.333333333	-40.1714285714
297.416666667	-40.1714285714
297.5	-40.1714285714
297.583333333	-40.1714285714
297.666666667	-40.1714285714
297.75	-40.1714285714
297.833333333	-40.1714285714
297.916666667	-40.1714285714
298	-40.1714285714
298.083333333	-40.1714285714
298.166666667	-40.1714285714
298.25	-40.1714285714
298.333333333	-40.1714285714
298.416666667	-40.1714285714
298.5	-40.1714285714
298.583333333	-40.1714285714
298.666666667	-40.1714285714
298.75	-40.1714285714
298.833333333	-40.1714285714
298.916666667	-40.1714285714
299	-40.1714285714
299.083333333	-40.1714285714
299.166666667	-40.1714285714
299.25	-40.1714285714
299.333333333	-40.1714285714
299.416666667	-40.1714285714
299.5	-40.1714285714
299.583333333	-40.1714285714
299.666666667	-40.1714285714
299.75	-40.1714285714
299.833333333	-40.1714285714
299.916666667	-40.1714285714
300	-40.1714285714
300.083333333	-40.1714285714
300.166666667	-40.1714285714
300.25	-40.1714285714
300.333333333	-40.1714285714
300.416666667	-40.1714285714
300.5	-40.1714285714
300.583333333	-40.1714285714
300.666666667	-40.1714285714
300.75	-40.1714285714
300.833333333	-40.1714285714
300.916666667	-40.1714285714
301	-40.1714285714
301.083333333	-40.1714285714
301.166666667	-40.1714285714
301.25	-40.1714285714
301.333333333	-40.1714285714
301.416666667	-40.1714285714
301.5	-40.1714285714
301.583333333	-40.1714285714
301.666666667	-40.1714285714
301.75	-40.1714285714
301.833333333	-40.1714285714
301.916666667	-40.1714285714
302	-40.1714285714
302.083333333	-40.1714285714
302.166666667	-40.1714285714
302.25	-40.1714285714
302.333333333	-40.1714285714
302.416666667	-40.1714285714
302.5	-40.1714285714
302.583333333	-40.1714285714
302.666666667	-40.1714285714
302.75	-40.1714285714
302.833333333	-40.1714285714
302.916666667	-40.1714285714
303	-40.1714285714
303.083333333	-40.1714285714
303.166666667	-40.1714285714
303.25	-40.1714285714
303.333333333	-40.1714285714
303.416666667	-40.1714285714
303.5	-40.1714285714
303.583333333	-40.1714285714
303.666666667	-40.1714285714
303.75	-40.1714285714
303.833333333	-40.1714285714
303.916666667	-40.1714285714
304	-40.1714285714
304.083333333	-40.1714285714
304.166666667	-40.1714285714
304.25	-40.1714285714
304.333333333	-40.1714285714
304.416666667	-40.1714285714
304.5	-40.1714285714
304.583333333	-40.1714285714
304.666666667	-40.1714285714
304.75	-40.1714285714
304.833333333	-40.1714285714
304.916666667	-40.1714285714
305	-40.1714285714
305.083333333	-40.1714285714
305.166666667	-40.1714285714
305.25	-40.1714285714
305.333333333	-40.1714285714
305.416666667	-40.1714285714
305.5	-40.1714285714
305.583333333	-40.1714285714
305.666666667	-40.1714285714
305.75	-40.1714285714
305.833333333	-40.1714285714
305.916666667	-40.1714285714
306	-40.1714285714
306.083333333	-40.1714285714
306.166666667	-40.1714285714
306.25	-40.1714285714
306.333333333	-40.1714285714
306.416666667	-40.1714285714
306.5	-40.1714285714
306.583333333	-40.1714285714
306.666666667	-40.1714285714
306.75	-40.1714285714
306.833333333	-40.1714285714
306.916666667	-40.1714285714
307	-40.1714285714
307.083333333	-40.1714285714
307.166666667	-40.1714285714
307.25	-40.1714285714
307.333333333	-40.1714285714
307.416666667	-40.1714285714
307.5	-40.1714285714
307.583333333	-40.1714285714
307.666666667	-40.1714285714
307.75	-40.1714285714
307.833333333	-40.1714285714
307.916666667	-40.1714285714
308	-40.1714285714
308.083333333	-40.1714285714
308.166666667	-40.1714285714
308.25	-40.1714285714
308.333333333	-40.1714285714
308.416666667	-40.1714285714
308.5	-40.1714285714
308.583333333	-40.1714285714
308.666666667	-40.1714285714
308.75	-40.1714285714
308.833333333	-40.1714285714
308.916666667	-40.1714285714
309	-40.1714285714
309.083333333	-40.1714285714
309.166666667	-40.1714285714
309.25	-40.1714285714
309.333333333	-40.1714285714
309.416666667	-40.1714285714
309.5	-40.1714285714
309.583333333	-40.1714285714
309.666666667	-40.1714285714
309.75	-40.1714285714
309.833333333	-40.1714285714
309.916666667	-40.1714285714
310	-40.1714285714
310.083333333	-40.1714285714
310.166666667	-40.1714285714
310.25	-40.1714285714
310.333333333	-40.1714285714
310.416666667	-40.1714285714
310.5	-40.1714285714
310.583333333	-40.1714285714
310.666666667	-40.1714285714
310.75	-40.1714285714
310.833333333	-40.1714285714
310.916666667	-40.1714285714
311	-40.1714285714
311.083333333	-40.1714285714
311.166666667	-40.1714285714
311.25	-40.1714285714
311.333333333	-40.1714285714
311.416666667	-40.1714285714
311.5	-40.1714285714
311.583333333	-40.1714285714
311.666666667	-40.1714285714
311.75	-40.1714285714
311.833333333	-40.1714285714
311.916666667	-40.1714285714
312	-40.1714285714
312.083333333	-40.1714285714
312.166666667	-40.1714285714
312.25	-40.1714285714
312.333333333	-40.1714285714
312.416666667	-40.1714285714
312.5	-40.1714285714
312.583333333	-40.1714285714
312.666666667	-40.1714285714
312.75	-40.1714285714
312.833333333	-40.1714285714
312.916666667	-40.1714285714
313	-40.1714285714
313.083333333	-40.1714285714
313.166666667	-40.1714285714
313.25	-40.1714285714
313.333333333	-40.1714285714
313.416666667	-40.1714285714
313.5	-40.1714285714
313.583333333	-40.1714285714
313.666666667	-40.1714285714
313.75	-40.1714285714
313.833333333	-40.1714285714
313.916666667	-40.1714285714
314	-40.1714285714
314.083333333	-40.1714285714
314.166666667	-40.1714285714
314.25	-40.1714285714
314.333333333	-40.1714285714
314.416666667	-40.1714285714
314.5	-40.1714285714
314.583333333	-40.1714285714
314.666666667	-40.1714285714
314.75	-40.1714285714
314.833333333	-40.1714285714
314.916666667	-40.1714285714
315	-40.1714285714
315.083333333	-40.1714285714
315.166666667	-40.1714285714
315.25	-40.1714285714
315.333333333	-40.1714285714
315.416666667	-40.1714285714
315.5	-40.1714285714
315.583333333	-40.1714285714
315.666666667	-40.1714285714
315.75	-40.1714285714
315.833333333	-40.1714285714
315.916666667	-40.1714285714
316	-40.1714285714
316.083333333	-40.1714285714
316.166666667	-40.1714285714
316.25	-40.1714285714
316.333333333	-40.1714285714
316.416666667	-40.1714285714
316.5	-40.1714285714
316.583333333	-40.1714285714
316.666666667	-40.1714285714
316.75	-40.1714285714
316.833333333	-40.1714285714
316.916666667	-40.1714285714
317	-40.1714285714
317.083333333	-40.1714285714
317.166666667	-40.1714285714
317.25	-40.1714285714
317.333333333	-40.1714285714
317.416666667	-40.1714285714
317.5	-40.1714285714
317.583333333	-40.1714285714
317.666666667	-40.1714285714
317.75	-40.1714285714
317.833333333	-40.1714285714
317.916666667	-40.1714285714
318	-40.1714285714
318.083333333	-40.1714285714
318.166666667	-40.1714285714
318.25	-40.1714285714
318.333333333	-40.1714285714
318.416666667	-40.1714285714
318.5	-40.1714285714
318.583333333	-40.1714285714
318.666666667	-40.1714285714
318.75	-40.1714285714
318.833333333	-40.1714285714
318.916666667	-40.1714285714
319	-40.1714285714
319.083333333	-40.1714285714
319.166666667	-40.1714285714
319.25	-40.1714285714
319.333333333	-40.1714285714
319.416666667	-40.1714285714
319.5	-40.1714285714
319.583333333	-40.1714285714
319.666666667	-40.1714285714
319.75	-40.1714285714
319.833333333	-40.1714285714
319.916666667	-40.1714285714
320	-40.1714285714
320.083333333	-40.1714285714
320.166666667	-40.1714285714
320.25	-40.1714285714
320.333333333	-40.1714285714
320.416666667	-40.1714285714
320.5	-40.1714285714
320.583333333	-40.1714285714
320.666666667	-40.1714285714
320.75	-40.1714285714
320.833333333	-40.1714285714
320.916666667	-40.1714285714
321	-40.1714285714
321.083333333	-40.1714285714
321.166666667	-40.1714285714
321.25	-40.1714285714
321.333333333	-40.1714285714
321.416666667	-40.1714285714
321.5	-40.1714285714
321.583333333	-40.1714285714
321.666666667	-40.1714285714
321.75	-40.1714285714
321.833333333	-40.1714285714
321.916666667	-40.1714285714
322	-40.1714285714
322.083333333	-40.1714285714
322.166666667	-40.1714285714
322.25	-40.1714285714
322.333333333	-40.1714285714
322.416666667	-40.1714285714
322.5	-40.1714285714
322.583333333	-40.1714285714
322.666666667	-40.1714285714
322.75	-40.1714285714
322.833333333	-40.1714285714
322.916666667	-40.1714285714
323	-40.1714285714
323.083333333	-40.1714285714
323.166666667	-40.1714285714
323.25	-40.1714285714
323.333333333	-40.1714285714
323.416666667	-40.1714285714
323.5	-40.1714285714
323.583333333	-40.1714285714
323.666666667	-40.1714285714
323.75	-40.1714285714
323.833333333	-40.1714285714
323.916666667	-40.1714285714
324	-40.1714285714
324.083333333	-40.1714285714
324.166666667	-40.1714285714
324.25	-40.1714285714
324.333333333	-40.1714285714
324.416666667	-40.1714285714
324.5	-40.1714285714
324.583333333	-40.1714285714
324.666666667	-40.1714285714
324.75	-40.1714285714
324.833333333	-40.1714285714
324.916666667	-40.1714285714
325	-40.1714285714
325.083333333	-40.1714285714
325.166666667	-40.1714285714
325.25	-40.1714285714
325.333333333	-40.1714285714
325.416666667	-40.1714285714
325.5	-40.1714285714
325.583333333	-40.1714285714
325.666666667	-40.1714285714
325.75	-40.1714285714
325.833333333	-40.1714285714
325.916666667	-40.1714285714
326	-40.1714285714
326.083333333	-40.1714285714
326.166666667	-40.1714285714
326.25	-40.1714285714
326.333333333	-40.1714285714
326.416666667	-40.1714285714
326.5	-40.1714285714
326.583333333	-40.1714285714
326.666666667	-40.1714285714
326.75	-40.1714285714
326.833333333	-40.1714285714
326.916666667	-40.1714285714
327	-40.1714285714
327.083333333	-40.1714285714
327.166666667	-40.1714285714
327.25	-40.1714285714
327.333333333	-40.1714285714
327.416666667	-40.1714285714
327.5	-40.1714285714
327.583333333	-40.1714285714
327.666666667	-40.1714285714
327.75	-40.1714285714
327.833333333	-40.1714285714
327.916666667	-40.1714285714
328	-40.1714285714
328.083333333	-40.1714285714
328.166666667	-40.1714285714
328.25	-40.1714285714
328.333333333	-40.1714285714
328.416666667	-40.1714285714
328.5	-40.1714285714
328.583333333	-40.1714285714
328.666666667	-40.1714285714
328.75	-40.1714285714
328.833333333	-40.1714285714
328.916666667	-40.1714285714
329	-40.1714285714
329.083333333	-40.1714285714
329.166666667	-40.1714285714
329.25	-40.1714285714
329.333333333	-40.1714285714
329.416666667	-40.1714285714
329.5	-40.1714285714
329.583333333	-40.1714285714
329.666666667	-40.1714285714
329.75	-40.1714285714
329.833333333	-40.1714285714
329.916666667	-40.1714285714
330	-40.1714285714
330.083333333	-40.1714285714
330.166666667	-40.1714285714
330.25	-40.1714285714
330.333333333	-40.1714285714
330.416666667	-40.1714285714
330.5	-40.1714285714
330.583333333	-40.1714285714
330.666666667	-40.1714285714
330.75	-40.1714285714
330.833333333	-40.1714285714
330.916666667	-40.1714285714
331	-40.1714285714
331.083333333	-40.1714285714
331.166666667	-40.1714285714
331.25	-40.1714285714
331.333333333	-40.1714285714
331.416666667	-40.1714285714
331.5	-40.1714285714
331.583333333	-40.1714285714
331.666666667	-40.1714285714
331.75	-40.1714285714
331.833333333	-40.1714285714
331.916666667	-40.1714285714
332	-40.1714285714
332.083333333	-40.1714285714
332.166666667	-40.1714285714
332.25	-40.1714285714
332.333333333	-40.1714285714
332.416666667	-40.1714285714
332.5	-40.1714285714
332.583333333	-40.1714285714
332.666666667	-40.1714285714
332.75	-40.1714285714
332.833333333	-40.1714285714
332.916666667	-40.1714285714
333	-40.1714285714
333.083333333	-40.1714285714
333.166666667	-40.1714285714
333.25	-40.1714285714
333.333333333	-40.1714285714
333.416666667	-40.1714285714
333.5	-40.1714285714
333.583333333	-40.1714285714
333.666666667	-40.1714285714
333.75	-40.1714285714
333.833333333	-40.1714285714
333.916666667	-40.1714285714
334	-40.1714285714
334.083333333	-40.1714285714
334.166666667	-40.1714285714
334.25	-40.1714285714
334.333333333	-40.1714285714
334.416666667	-40.1714285714
334.5	-40.1714285714
334.583333333	-40.1714285714
334.666666667	-40.1714285714
334.75	-40.1714285714
334.833333333	-40.1714285714
334.916666667	-40.1714285714
335	-40.1714285714
335.083333333	-40.1714285714
335.166666667	-40.1714285714
335.25	-40.1714285714
335.333333333	-40.1714285714
335.416666667	-40.1714285714
335.5	-40.1714285714
335.583333333	-40.1714285714
335.666666667	-40.1714285714
335.75	-40.1714285714
335.833333333	-40.1714285714
335.916666667	-40.1714285714
336	-40.1714285714
336.083333333	-40.1714285714
336.166666667	-40.1714285714
336.25	-40.1714285714
336.333333333	-40.1714285714
336.416666667	-40.1714285714
336.5	-40.1714285714
336.583333333	-40.1714285714
336.666666667	-40.1714285714
336.75	-40.1714285714
336.833333333	-40.1714285714
336.916666667	-40.1714285714
337	-40.1714285714
337.083333333	-40.1714285714
337.166666667	-40.1714285714
337.25	-40.1714285714
337.333333333	-40.1714285714
337.416666667	-40.1714285714
337.5	-40.1714285714
337.583333333	-40.1714285714
337.666666667	-40.1714285714
337.75	-40.1714285714
337.833333333	-40.1714285714
337.916666667	-40.1714285714
338	-40.1714285714
338.083333333	-40.1714285714
338.166666667	-40.1714285714
338.25	-40.1714285714
338.333333333	-40.1714285714
338.416666667	-40.1714285714
338.5	-40.1714285714
338.583333333	-40.1714285714
338.666666667	-40.1714285714
338.75	-40.1714285714
338.833333333	-40.1714285714
338.916666667	-40.1714285714
339	-40.1714285714
339.083333333	-40.1714285714
339.166666667	-40.1714285714
339.25	-40.1714285714
339.333333333	-40.1714285714
339.416666667	-40.1714285714
339.5	-40.1714285714
339.583333333	-40.1714285714
339.666666667	-40.1714285714
339.75	-40.1714285714
339.833333333	-40.1714285714
339.916666667	-40.1714285714
340	-40.1714285714
340.083333333	-40.1714285714
340.166666667	-40.1714285714
340.25	-40.1714285714
340.333333333	-40.1714285714
340.416666667	-40.1714285714
340.5	-40.1714285714
340.583333333	-40.1714285714
340.666666667	-40.1714285714
340.75	-40.1714285714
340.833333333	-40.1714285714
340.916666667	-40.1714285714
341	-40.1714285714
341.083333333	-40.1714285714
341.166666667	-40.1714285714
341.25	-40.1714285714
341.333333333	-40.1714285714
341.416666667	-40.1714285714
341.5	-40.1714285714
341.583333333	-40.1714285714
341.666666667	-40.1714285714
341.75	-40.1714285714
341.833333333	-40.1714285714
341.916666667	-40.1714285714
342	-40.1714285714
342.083333333	-40.1714285714
342.166666667	-40.1714285714
342.25	-40.1714285714
342.333333333	-40.1714285714
342.416666667	-40.1714285714
342.5	-40.1714285714
342.583333333	-40.1714285714
342.666666667	-40.1714285714
342.75	-40.1714285714
342.833333333	-40.1714285714
342.916666667	-40.1714285714
343	-40.1714285714
343.083333333	-40.1714285714
343.166666667	-40.1714285714
343.25	-40.1714285714
343.333333333	-40.1714285714
343.416666667	-40.1714285714
343.5	-40.1714285714
343.583333333	-40.1714285714
343.666666667	-40.1714285714
343.75	-40.1714285714
343.833333333	-40.1714285714
343.916666667	-40.1714285714
344	-40.1714285714
344.083333333	-40.1714285714
344.166666667	-40.1714285714
344.25	-40.1714285714
344.333333333	-40.1714285714
344.416666667	-40.1714285714
344.5	-40.1714285714
344.583333333	-40.1714285714
344.666666667	-40.1714285714
344.75	-40.1714285714
344.833333333	-40.1714285714
344.916666667	-40.1714285714
345	-40.1714285714
345.083333333	-40.1714285714
345.166666667	-40.1714285714
345.25	-40.1714285714
345.333333333	-40.1714285714
345.416666667	-40.1714285714
345.5	-40.1714285714
345.583333333	-40.1714285714
345.666666667	-40.1714285714
345.75	-40.1714285714
345.833333333	-40.1714285714
345.916666667	-40.1714285714
346	-40.1714285714
346.083333333	-40.1714285714
346.166666667	-40.1714285714
346.25	-40.1714285714
346.333333333	-40.1714285714
346.416666667	-40.1714285714
346.5	-40.1714285714
346.583333333	-40.1714285714
346.666666667	-40.1714285714
346.75	-40.1714285714
346.833333333	-40.1714285714
346.916666667	-40.1714285714
347	-40.1714285714
347.083333333	-40.1714285714
347.166666667	-40.1714285714
347.25	-40.1714285714
347.333333333	-40.1714285714
347.416666667	-40.1714285714
347.5	-40.1714285714
347.583333333	-40.1714285714
347.666666667	-40.1714285714
347.75	-40.1714285714
347.833333333	-40.1714285714
347.916666667	-40.1714285714
348	-40.1714285714
348.083333333	-40.1714285714
348.166666667	-40.1714285714
348.25	-40.1714285714
348.333333333	-40.1714285714
348.416666667	-40.1714285714
348.5	-40.1714285714
348.583333333	-40.1714285714
348.666666667	-40.1714285714
348.75	-40.1714285714
348.833333333	-40.1714285714
348.916666667	-40.1714285714
349	-40.1714285714
349.083333333	-40.1714285714
349.166666667	-40.1714285714
349.25	-40.1714285714
349.333333333	-40.1714285714
349.416666667	-40.1714285714
349.5	-40.1714285714
349.583333333	-40.1714285714
349.666666667	-40.1714285714
349.75	-40.1714285714
349.833333333	-40.1714285714
349.916666667	-40.1714285714
350	-40.1714285714
350.083333333	-40.1714285714
350.166666667	-40.1714285714
350.25	-40.1714285714
350.333333333	-40.1714285714
350.416666667	-40.1714285714
350.5	-40.1714285714
350.583333333	-40.1714285714
350.666666667	-40.1714285714
350.75	-40.1714285714
350.833333333	-40.1714285714
350.916666667	-40.1714285714
351	-40.1714285714
351.083333333	-40.1714285714
351.166666667	-40.1714285714
351.25	-40.1714285714
351.333333333	-40.1714285714
351.416666667	-40.1714285714
351.5	-40.1714285714
351.583333333	-40.1714285714
351.666666667	-40.1714285714
351.75	-40.1714285714
351.833333333	-40.1714285714
351.916666667	-40.1714285714
352	-40.1714285714
352.083333333	-40.1714285714
352.166666667	-40.1714285714
352.25	-40.1714285714
352.333333333	-40.1714285714
352.416666667	-40.1714285714
352.5	-40.1714285714
352.583333333	-40.1714285714
352.666666667	-40.1714285714
352.75	-40.1714285714
352.833333333	-40.1714285714
352.916666667	-40.1714285714
353	-40.1714285714
353.083333333	-40.1714285714
353.166666667	-40.1714285714
353.25	-40.1714285714
353.333333333	-40.1714285714
353.416666667	-40.1714285714
353.5	-40.1714285714
353.583333333	-40.1714285714
353.666666667	-40.1714285714
353.75	-40.1714285714
353.833333333	-40.1714285714
353.916666667	-40.1714285714
354	-40.1714285714
354.083333333	-40.1714285714
354.166666667	-40.1714285714
354.25	-40.1714285714
354.333333333	-40.1714285714
354.416666667	-40.1714285714
354.5	-40.1714285714
354.583333333	-40.1714285714
354.666666667	-40.1714285714
354.75	-40.1714285714
354.833333333	-40.1714285714
354.916666667	-40.1714285714
355	-40.1714285714
355.083333333	-40.1714285714
355.166666667	-40.1714285714
355.25	-40.1714285714
355.333333333	-40.1714285714
355.416666667	-40.1714285714
355.5	-40.1714285714
355.583333333	-40.1714285714
355.666666667	-40.1714285714
355.75	-40.1714285714
355.833333333	-40.1714285714
355.916666667	-40.1714285714
356	-40.1714285714
356.083333333	-40.1714285714
356.166666667	-40.1714285714
356.25	-40.1714285714
356.333333333	-40.1714285714
356.416666667	-40.1714285714
356.5	-40.1714285714
356.583333333	-40.1714285714
356.666666667	-40.1714285714
356.75	-40.1714285714
356.833333333	-40.1714285714
356.916666667	-40.1714285714
357	-40.1714285714
357.083333333	-40.1714285714
357.166666667	-40.1714285714
357.25	-40.1714285714
357.333333333	-40.1714285714
357.416666667	-40.1714285714
357.5	-40.1714285714
357.583333333	-40.1714285714
357.666666667	-40.1714285714
357.75	-40.1714285714
357.833333333	-40.1714285714
357.916666667	-40.1714285714
358	-40.1714285714
358.083333333	-40.1714285714
358.166666667	-40.1714285714
358.25	-40.1714285714
358.333333333	-40.1714285714
358.416666667	-40.1714285714
358.5	-40.1714285714
358.583333333	-40.1714285714
358.666666667	-40.1714285714
358.75	-40.1714285714
358.833333333	-40.1714285714
358.916666667	-40.1714285714
359	-40.1714285714
359.083333333	-40.1714285714
359.166666667	-40.1714285714
359.25	-40.1714285714
359.333333333	-40.1714285714
359.416666667	-40.1714285714
359.5	-40.1714285714
359.583333333	-40.1714285714
359.666666667	-40.1714285714
359.75	-40.1714285714
359.833333333	-40.1714285714
359.916666667	-40.1714285714
360	-40.1714285714
360.083333333	-40.1714285714
360.166666667	-40.1714285714
360.25	-40.1714285714
360.333333333	-40.1714285714
360.416666667	-40.1714285714
360.5	-40.1714285714
360.583333333	-40.1714285714
360.666666667	-40.1714285714
360.75	-40.1714285714
360.833333333	-40.1714285714
360.916666667	-40.1714285714
361	-40.1714285714
361.083333333	-40.1714285714
361.166666667	-40.1714285714
361.25	-40.1714285714
361.333333333	-40.1714285714
361.416666667	-40.1714285714
361.5	-40.1714285714
361.583333333	-40.1714285714
361.666666667	-40.1714285714
361.75	-40.1714285714
361.833333333	-40.1714285714
361.916666667	-40.1714285714
362	-40.1714285714
362.083333333	-40.1714285714
362.166666667	-40.1714285714
362.25	-40.1714285714
362.333333333	-40.1714285714
362.416666667	-40.1714285714
362.5	-40.1714285714
362.583333333	-40.1714285714
362.666666667	-40.1714285714
362.75	-40.1714285714
362.833333333	-40.1714285714
362.916666667	-40.1714285714
363	-40.1714285714
363.083333333	-40.1714285714
363.166666667	-40.1714285714
363.25	-40.1714285714
363.333333333	-40.1714285714
363.416666667	-40.1714285714
363.5	-40.1714285714
363.583333333	-40.1714285714
363.666666667	-40.1714285714
363.75	-40.1714285714
363.833333333	-40.1714285714
363.916666667	-40.1714285714
364	-40.1714285714
364.083333333	-40.1714285714
364.166666667	-40.1714285714
364.25	-40.1714285714
364.333333333	-40.1714285714
364.416666667	-40.1714285714
364.5	-40.1714285714
364.583333333	-40.1714285714
364.666666667	-40.1714285714
364.75	-40.1714285714
364.833333333	-40.1714285714
364.916666667	-40.1714285714
365	-40.1714285714
365.083333333	-40.1714285714
365.166666667	-40.1714285714
365.25	-40.1714285714
365.333333333	-40.1714285714
365.416666667	-40.1714285714
365.5	-40.1714285714
365.583333333	-40.1714285714
365.666666667	-40.1714285714
365.75	-40.1714285714
365.833333333	-40.1714285714
365.916666667	-40.1714285714
366	-40.1714285714
366.083333333	-40.1714285714
366.166666667	-40.1714285714
366.25	-40.1714285714
366.333333333	-40.1714285714
366.416666667	-40.1714285714
366.5	-40.1714285714
366.583333333	-40.1714285714
366.666666667	-40.1714285714
366.75	-40.1714285714
366.833333333	-40.1714285714
366.916666667	-40.1714285714
367	-40.1714285714
367.083333333	-40.1714285714
367.166666667	-40.1714285714
367.25	-40.1714285714
367.333333333	-40.1714285714
367.416666667	-40.1714285714
367.5	-40.1714285714
367.583333333	-40.1714285714
367.666666667	-40.1714285714
367.75	-40.1714285714
367.833333333	-40.1714285714
367.916666667	-40.1714285714
368	-40.1714285714
368.083333333	-40.1714285714
368.166666667	-40.1714285714
368.25	-40.1714285714
368.333333333	-40.1714285714
368.416666667	-40.1714285714
368.5	-40.1714285714
368.583333333	-40.1714285714
368.666666667	-40.1714285714
368.75	-40.1714285714
368.833333333	-40.1714285714
368.916666667	-40.1714285714
369	-40.1714285714
369.083333333	-40.1714285714
369.166666667	-40.1714285714
369.25	-40.1714285714
369.333333333	-40.1714285714
369.416666667	-40.1714285714
369.5	-40.1714285714
369.583333333	-40.1714285714
369.666666667	-40.1714285714
369.75	-40.1714285714
369.833333333	-40.1714285714
369.916666667	-40.1714285714
370	-40.1714285714
370.083333333	-40.1714285714
370.166666667	-40.1714285714
370.25	-40.1714285714
370.333333333	-40.1714285714
370.416666667	-40.1714285714
370.5	-40.1714285714
370.583333333	-40.1714285714
370.666666667	-40.1714285714
370.75	-40.1714285714
370.833333333	-40.1714285714
370.916666667	-40.1714285714
371	-40.1714285714
371.083333333	-40.1714285714
371.166666667	-40.1714285714
371.25	-40.1714285714
371.333333333	-40.1714285714
371.416666667	-40.1714285714
371.5	-40.1714285714
371.583333333	-40.1714285714
371.666666667	-40.1714285714
371.75	-40.1714285714
371.833333333	-40.1714285714
371.916666667	-40.1714285714
372	-40.1714285714
372.083333333	-40.1714285714
372.166666667	-40.1714285714
372.25	-40.1714285714
372.333333333	-40.1714285714
372.416666667	-40.1714285714
372.5	-40.1714285714
372.583333333	-40.1714285714
372.666666667	-40.1714285714
372.75	-40.1714285714
372.833333333	-40.1714285714
372.916666667	-40.1714285714
373	-40.1714285714
373.083333333	-40.1714285714
373.166666667	-40.1714285714
373.25	-40.1714285714
373.333333333	-40.1714285714
373.416666667	-40.1714285714
373.5	-40.1714285714
373.583333333	-40.1714285714
373.666666667	-40.1714285714
373.75	-40.1714285714
373.833333333	-40.1714285714
373.916666667	-40.1714285714
374	-40.1714285714
374.083333333	-40.1714285714
374.166666667	-40.1714285714
374.25	-40.1714285714
374.333333333	-40.1714285714
374.416666667	-40.1714285714
374.5	-40.1714285714
374.583333333	-40.1714285714
374.666666667	-40.1714285714
374.75	-40.1714285714
374.833333333	-40.1714285714
374.916666667	-40.1714285714
375	-40.1714285714
375.083333333	-40.1714285714
375.166666667	-40.1714285714
375.25	-40.1714285714
375.333333333	-40.1714285714
375.416666667	-40.1714285714
375.5	-40.1714285714
375.583333333	-40.1714285714
375.666666667	-40.1714285714
375.75	-40.1714285714
375.833333333	-40.1714285714
375.916666667	-40.1714285714
376	-40.1714285714
376.083333333	-40.1714285714
376.166666667	-40.1714285714
376.25	-40.1714285714
376.333333333	-40.1714285714
376.416666667	-40.1714285714
376.5	-40.1714285714
376.583333333	-40.1714285714
376.666666667	-40.1714285714
376.75	-40.1714285714
376.833333333	-40.1714285714
376.916666667	-40.1714285714
377	-40.1714285714
377.083333333	-40.1714285714
377.166666667	-40.1714285714
377.25	-40.1714285714
377.333333333	-40.1714285714
377.416666667	-40.1714285714
377.5	-40.1714285714
377.583333333	-40.1714285714
377.666666667	-40.1714285714
377.75	-40.1714285714
377.833333333	-40.1714285714
377.916666667	-40.1714285714
378	-40.1714285714
378.083333333	-40.1714285714
378.166666667	-40.1714285714
378.25	-40.1714285714
378.333333333	-40.1714285714
378.416666667	-40.1714285714
378.5	-40.1714285714
378.583333333	-40.1714285714
378.666666667	-40.1714285714
378.75	-40.1714285714
378.833333333	-40.1714285714
378.916666667	-40.1714285714
379	-40.1714285714
379.083333333	-40.1714285714
379.166666667	-40.1714285714
379.25	-40.1714285714
379.333333333	-40.1714285714
379.416666667	-40.1714285714
379.5	-40.1714285714
379.583333333	-40.1714285714
379.666666667	-40.1714285714
379.75	-40.1714285714
379.833333333	-40.1714285714
379.916666667	-40.1714285714
380	-40.1714285714
380.083333333	-40.1714285714
380.166666667	-40.1714285714
380.25	-40.1714285714
380.333333333	-40.1714285714
380.416666667	-40.1714285714
380.5	-40.1714285714
380.583333333	-40.1714285714
380.666666667	-40.1714285714
380.75	-40.1714285714
380.833333333	-40.1714285714
380.916666667	-40.1714285714
381	-40.1714285714
381.083333333	-40.1714285714
381.166666667	-40.1714285714
381.25	-40.1714285714
381.333333333	-40.1714285714
381.416666667	-40.1714285714
381.5	-40.1714285714
381.583333333	-40.1714285714
381.666666667	-40.1714285714
381.75	-40.1714285714
381.833333333	-40.1714285714
381.916666667	-40.1714285714
382	-40.1714285714
382.083333333	-40.1714285714
382.166666667	-40.1714285714
382.25	-40.1714285714
382.333333333	-40.1714285714
382.416666667	-40.1714285714
382.5	-40.1714285714
382.583333333	-40.1714285714
382.666666667	-40.1714285714
382.75	-40.1714285714
382.833333333	-40.1714285714
382.916666667	-40.1714285714
383	-40.1714285714
383.083333333	-40.1714285714
383.166666667	-40.1714285714
383.25	-40.1714285714
383.333333333	-40.1714285714
383.416666667	-40.1714285714
383.5	-40.1714285714
383.583333333	-40.1714285714
383.666666667	-40.1714285714
383.75	-40.1714285714
383.833333333	-40.1714285714
383.916666667	-40.1714285714
384	-40.1714285714
384.083333333	-40.1714285714
384.166666667	-40.1714285714
384.25	-40.1714285714
384.333333333	-40.1714285714
384.416666667	-40.1714285714
384.5	-40.1714285714
384.583333333	-40.1714285714
384.666666667	-40.1714285714
384.75	-40.1714285714
384.833333333	-40.1714285714
384.916666667	-40.1714285714
385	-40.1714285714
385.083333333	-40.1714285714
385.166666667	-40.1714285714
385.25	-40.1714285714
385.333333333	-40.1714285714
385.416666667	-40.1714285714
385.5	-40.1714285714
385.583333333	-40.1714285714
385.666666667	-40.1714285714
385.75	-40.1714285714
385.833333333	-40.1714285714
385.916666667	-40.1714285714
386	-40.1714285714
386.083333333	-40.1714285714
386.166666667	-40.1714285714
386.25	-40.1714285714
386.333333333	-40.1714285714
386.416666667	-40.1714285714
386.5	-40.1714285714
386.583333333	-40.1714285714
386.666666667	-40.1714285714
386.75	-40.1714285714
386.833333333	-40.1714285714
386.916666667	-40.1714285714
387	-40.1714285714
387.083333333	-40.1714285714
387.166666667	-40.1714285714
387.25	-40.1714285714
387.333333333	-40.1714285714
387.416666667	-40.1714285714
387.5	-40.1714285714
387.583333333	-40.1714285714
387.666666667	-40.1714285714
387.75	-40.1714285714
387.833333333	-40.1714285714
387.916666667	-40.1714285714
388	-40.1714285714
388.083333333	-40.1714285714
388.166666667	-40.1714285714
388.25	-40.1714285714
388.333333333	-40.1714285714
388.416666667	-40.1714285714
388.5	-40.1714285714
388.583333333	-40.1714285714
388.666666667	-40.1714285714
388.75	-40.1714285714
388.833333333	-40.1714285714
388.916666667	-40.1714285714
389	-40.1714285714
389.083333333	-40.1714285714
389.166666667	-40.1714285714
389.25	-40.1714285714
389.333333333	-40.1714285714
389.416666667	-40.1714285714
389.5	-40.1714285714
389.583333333	-40.1714285714
389.666666667	-40.1714285714
389.75	-40.1714285714
389.833333333	-40.1714285714
389.916666667	-40.1714285714
390	-40.1714285714
390.083333333	-40.1714285714
390.166666667	-40.1714285714
390.25	-40.1714285714
390.333333333	-40.1714285714
390.416666667	-40.1714285714
390.5	-40.1714285714
390.583333333	-40.1714285714
390.666666667	-40.1714285714
390.75	-40.1714285714
390.833333333	-40.1714285714
390.916666667	-40.1714285714
391	-40.1714285714
391.083333333	-40.1714285714
391.166666667	-40.1714285714
391.25	-40.1714285714
391.333333333	-40.1714285714
391.416666667	-40.1714285714
391.5	-40.1714285714
391.583333333	-40.1714285714
391.666666667	-40.1714285714
391.75	-40.1714285714
391.833333333	-40.1714285714
391.916666667	-40.1714285714
392	-40.1714285714
392.083333333	-40.1714285714
392.166666667	-40.1714285714
392.25	-40.1714285714
392.333333333	-40.1714285714
392.416666667	-40.1714285714
392.5	-40.1714285714
392.583333333	-40.1714285714
392.666666667	-40.1714285714
392.75	-40.1714285714
392.833333333	-40.1714285714
392.916666667	-40.1714285714
393	-40.1714285714
393.083333333	-40.1714285714
393.166666667	-40.1714285714
393.25	-40.1714285714
393.333333333	-40.1714285714
393.416666667	-40.1714285714
393.5	-40.1714285714
393.583333333	-40.1714285714
393.666666667	-40.1714285714
393.75	-40.1714285714
393.833333333	-40.1714285714
393.916666667	-40.1714285714
394	-40.1714285714
394.083333333	-40.1714285714
394.166666667	-40.1714285714
394.25	-40.1714285714
394.333333333	-40.1714285714
394.416666667	-40.1714285714
394.5	-40.1714285714
394.583333333	-40.1714285714
394.666666667	-40.1714285714
394.75	-40.1714285714
394.833333333	-40.1714285714
394.916666667	-40.1714285714
395	-40.1714285714
395.083333333	-40.1714285714
395.166666667	-40.1714285714
395.25	-40.1714285714
395.333333333	-40.1714285714
395.416666667	-40.1714285714
395.5	-40.1714285714
395.583333333	-40.1714285714
395.666666667	-40.1714285714
395.75	-40.1714285714
395.833333333	-40.1714285714
395.916666667	-40.1714285714
396	-40.1714285714
396.083333333	-40.1714285714
396.166666667	-40.1714285714
396.25	-40.1714285714
396.333333333	-40.1714285714
396.416666667	-40.1714285714
396.5	-40.1714285714
396.583333333	-40.1714285714
396.666666667	-40.1714285714
396.75	-40.1714285714
396.833333333	-40.1714285714
396.916666667	-40.1714285714
397	-40.1714285714
397.083333333	-40.1714285714
397.166666667	-40.1714285714
397.25	-40.1714285714
397.333333333	-40.1714285714
397.416666667	-40.1714285714
397.5	-40.1714285714
397.583333333	-40.1714285714
397.666666667	-40.1714285714
397.75	-40.1714285714
397.833333333	-40.1714285714
397.916666667	-40.1714285714
398	-40.1714285714
398.083333333	-40.1714285714
398.166666667	-40.1714285714
398.25	-40.1714285714
398.333333333	-40.1714285714
398.416666667	-40.1714285714
398.5	-40.1714285714
398.583333333	-40.1714285714
398.666666667	-40.1714285714
398.75	-40.1714285714
398.833333333	-40.1714285714
398.916666667	-40.1714285714
399	-40.1714285714
399.083333333	-40.1714285714
399.166666667	-40.1714285714
399.25	-40.1714285714
399.333333333	-40.1714285714
399.416666667	-40.1714285714
399.5	-40.1714285714
399.583333333	-40.1714285714
399.666666667	-40.1714285714
399.75	-40.1714285714
399.833333333	-40.1714285714
399.916666667	-40.1714285714
